1101,台泥,46.95,44.5,45.39,45.13,44.79,43.15,44.55,43.23,43.99
1102,亞泥,42.66,42.86,42.91,41.59,41.01,42.95,44.47,41.51,40.99
1103,嘉泥,48.7,47.85,49.27,38.76,39.48,35.03,32.72,31.94,31.98
1104,環泥,19.88,19.06,21.9,19.39,19.42,19.31,22.5,20.45,19.19
1108,幸福,38.32,36.12,39.25,38.83,38.06,36.77,38.05,37.37,38.81
1109,信大,26.03,25.27,25.61,24.58,26.78,24.16,24.56,24.14,20.77
1110,東泥,7.92,6.04,8.07,6.85,6.16,6.22,7.91,7.69,8.39
1201,味全,76.78,76.73,78.09,78.01,79.07,79.08,79.12,79.18,76.24
1203,味王,38.13,36.07,39.26,39.72,38.58,38.01,40.43,39.64,39.47
1210,大成,51.91,48.84,48.56,47.62,46.7,46.31,46.76,46.15,46.69
1213,大飲,19.52,19.28,19.09,23.5,18.47,15.87,25.63,23.7,19.52
1215,卜蜂,46.24,41.17,42.81,41.47,40.93,39.92,46.41,48.99,49.9
1216,統一,60.97,59.27,62.51,59.93,59.67,56.31,60.67,56.96,53.87
1217,愛之味,46.52,46.63,48.42,49.79,47.67,48.22,49.24,52.21,49.98
1218,泰山,56.06,56.77,57.23,53.88,55.9,52.01,56.66,51.44,48.92
1219,福壽,49.05,47.67,51.84,51.22,51.71,52.21,52.87,53.31,53.35
1220,台榮,25.47,20.99,22.34,20.53,20.3,17.29,20.88,19.18,21.18
1225,福懋油,47.69,44.5,49.95,46.82,44.78,41.76,45.01,44.26,48.16
1227,佳格,34.22,28.91,33.87,35.13,33.92,32.64,38.76,31.41,33.84
1229,聯華,17.32,17.2,21.98,20.12,15.74,14.94,19.9,14.37,14.73
1231,聯華食,56.58,54.57,56.51,52.73,52.56,52.94,56.18,53.74,51.77
1232,大統益,23.69,20.94,34.53,23.46,30.91,19.92,35.33,26.24,29.85
1233,天仁,26.87,23.53,30.67,27.89,28.5,24.51,28.97,27.95,27.54
1234,黑松,21.22,19.67,20.46,20.12,19.99,21.01,27.48,25.24,23.16
1235,興泰,47.93,43.4,38.72,32.43,34.79,32.55,31.72,27.31,27.5
1236,宏亞,43.22,41.01,38.43,40.85,41.89,37.02,37.16,39.9,40.06
1256,鮮活果汁-KY,46.65,48.22,55.81,49.73,46.57,44.77,57.33,45.59,34.32
1258,其祥-KY,50.33,46.79,47.99,42.72,45.86,55.67,57.6,59.13,60.37
1259,安心,36.51,34.7,38.17,35.83,38.38,34.99,38.52,35.72,39.71
1262,綠悅-KY,14.43,12.57,18.21,17.92,13.65,14.68,15.24,14.23,11.1
1264,德麥,22.55,17.24,25.76,15.7,17.85,16.2,24.04,15.26,16.52
1301,台塑,32.13,32.62,36.38,32.2,31.29,30.96,34,28.32,27.53
1303,南亞,34.22,34.09,38.14,35.63,34.65,33.52,38.08,32.8,32.51
1304,台聚,46,45.17,50.04,48.33,48.35,46.92,48.61,45.91,45.94
1305,華夏,45.16,44.71,45.28,39.98,41.72,39.21,41.91,35.63,35.29
1307,三芳,39.82,39.26,42.28,42.46,41.52,39.89,45.24,44.47,41.8
1308,亞聚,14.04,14.89,38.64,35.67,35.26,34.08,36.19,34.1,34.01
1309,台達化,63.4,62.9,62.17,60.65,60.14,60.1,57.96,57.11,55.68
1310,台苯,44.64,42.02,42.35,33.68,35.95,29.04,38.12,28.16,30.69
1312,國喬,18.17,16.75,19.02,16.69,16.63,14.66,18.38,14.97,16.13
1313,聯成,51.31,51.12,49.87,50.54,49.42,51.86,52.16,52.55,52.76
1314,中石化,29.7,30.62,31.31,32.8,33.21,31.77,30.25,27.06,23.37
1315,達新,23.07,23.12,27.45,26.07,23.81,22.97,25.85,23.47,23.1
1316,上曜,47.74,47.36,53.33,54.96,53.96,54.13,55.69,58.38,41.31
1319,東陽,47.26,44.45,46.04,44.75,44.74,43.2,45.87,45.07,43.37
1321,大洋,52.9,53.74,54.67,54.32,55.43,56.34,56.33,55.63,56.06
1323,永裕,47.68,45.4,49.27,47.33,47.32,46.57,49.42,46.71,46.28
1324,地球,24.04,23.38,28.57,24.55,25.63,26.71,25.91,25.44,26.24
1325,恆大,7.84,6.21,10.15,5.75,8.66,6.73,10.52,6.64,6.81
1326,台化,35.07,33.85,36.64,31.91,30.27,30.44,34.99,27.74,26.88
1333,恩得利,56.6,54.94,54.62,56.66,56.79,56.72,59.48,63.54,49.69
1336,台翰,48.84,47.51,48.64,51.89,51.58,48.11,46.19,32.55,33.94
1337,再生-KY,9.05,6.91,8.92,9.74,11.22,8.44,10.7,9.26,8.21
1338,廣華-KY,29.02,24.99,29.39,28.55,30.76,28.16,31.43,30.55,30.91
1339,昭輝,40.88,40.31,46.31,47.54,47.25,48.38,52.22,50.35,48.6
1340,勝悅-KY,11.63,8.94,12.77,8.42,7.76,4.65,10.01,7.96,5.85
1402,遠東新,49.8,49.98,52.63,51.59,50.88,49.51,52.56,50.32,50.55
1409,新纖,74.74,74.09,74.11,74.42,74.29,74.59,74.63,75.1,75.52
1410,南染,18.73,18.59,24.04,18.01,17.93,17.4,23.84,17.26,17.65
1413,宏洲,63.48,63.85,64.3,65.2,66.16,,,,
1414,東和,,,,,,,,,
1416,廣豐,57.66,51.11,49.83,51.54,52.76,50.11,53.68,53.92,50.98
1417,嘉裕,26.83,26.4,23.45,24.54,25.2,24.35,23.09,22.07,22.45
1418,東華,71.93,74.33,75.47,78.32,82.85,86.12,90.67,95.61,94.44
1419,新紡,36.11,36.53,39.03,37.71,36.23,36.2,37.4,36.33,32.86
1423,利華,,,,,,,,,
1432,大魯閣,54.82,58.92,61.78,63.72,68.57,68.3,69.07,70.7,36.94
1434,福懋,29.96,27.79,30.63,26.28,23.63,25.01,27.23,23.34,22.72
1435,中福,15.44,15.6,15.75,15.83,15.38,15.5,15.51,15.52,15.32
1436,華友聯,65.78,66.81,65.39,64.13,65.95,64.2,63.95,68.65,65.5
1437,勤益控,49.48,49.01,46.91,46.12,46.12,44.75,45.24,45.1,43.81
1438,裕豐,,,,,,,,,
1439,中和,,,,,,,,,
1440,南紡,35.7,35.43,37.45,36.79,37.48,38.66,39.49,38.64,41.3
1441,大東,73.07,74.35,76.66,80.69,81.86,85.33,85.78,86.78,83.3
1442,名軒,65.84,65.78,68.49,59.77,56.7,53.66,51.24,48.49,45.63
1443,立益,79.26,81.06,81.36,81.47,80.84,81.46,83.6,85.25,91.45
1444,力麗,33.54,35.49,39.26,41.19,40.52,42.32,43.22,42.56,34.73
1445,大宇,16.45,16.61,16.02,13.21,17.05,13.13,15.25,14.23,15.84
1446,宏和,52.8,53.22,54.37,53.83,53.04,54.79,55.43,55.81,56.12
1447,力鵬,50.48,51.33,53.05,54.09,53.82,54.91,55.51,55.65,46.8
1449,佳和,79.17,80.8,82.06,82.74,82.56,82.83,83.83,83.46,82.35
1451,年興,26.14,25.05,28.08,24.57,24.54,27.39,25.93,42.76,32.53
1452,宏益,9.34,8.92,16.6,7.65,8.81,7.74,13.68,7.38,8.7
1453,大將,11.57,12.18,11.9,13.37,14.8,16.9,16.39,14.92,27.31
1454,台富,23.18,24.07,25.64,23.96,23.24,25.43,30.87,27.1,28.43
1455,集盛,34.82,35.51,35.94,33.08,33.95,36.73,32.69,34.21,35.95
1456,怡華,75.9,76.75,77.27,78.57,,,,,
1457,宜進,46.36,46.08,45.77,44.26,43.89,46.7,47.26,45.97,50.81
1459,聯發,49.12,49.81,53.19,52.77,48.58,50.97,55.56,50.54,52.14
1460,宏遠,50.13,49.22,51.57,52.54,50.47,53.75,56.69,57.09,59.16
1463,強盛,42.48,44.48,48.37,45.55,27.49,16.35,29.44,11.46,10.83
1464,得力,53.25,51.58,48.65,49.02,55.47,55.89,64.05,57.24,59.79
1465,偉全,14.24,13.65,12.85,15.18,13.29,14.09,14.28,13.2,14.66
1466,聚隆,48.34,49.73,51.01,50.47,51.25,52.33,54.52,51.77,52.79
1467,南緯,60.47,60.99,61.8,61.35,64.61,66.25,67.65,68.46,67.44
1468,昶和,51.78,52.26,52.62,52.7,53.71,53.78,55.01,55.76,56.27
1469,理隆,20.54,21.93,22.91,26.97,29.86,32.88,33.26,34.15,34.16
1470,大統染,,,,9.9,11.95,,,10.49,15.57
1471,首利,17.35,15.88,18.02,18.37,26.7,24,26.17,30.87,39.44
1472,三洋紡,67.12,60.88,63.12,60.32,59.67,58.58,56.63,61.96,60.46
1473,台南,44.36,41.58,39.95,38.38,38.89,35.39,39.77,39.23,37.1
1474,弘裕,47.61,45.58,45.48,43.77,44.66,47.04,49.44,51.34,52.92
1475,本盟,51.27,48.15,49.11,47.47,50.1,50.94,50.18,51.57,53.86
1476,儒鴻,33.41,26.26,38.59,26.87,24.17,24.25,37.21,25.74,24.89
1477,聚陽,32.78,25.87,41.45,28.01,33.56,29.74,42.12,32.56,32.33
1503,士電,36.73,36.83,39.81,39.83,39.79,38.57,40.6,40.1,39.56
1504,東元,39.09,38.92,40.55,39.64,39.68,38.36,39.31,38.03,37.1
1506,正道,50.98,50.49,49.5,49.29,51.42,53.09,53.48,53.97,55.23
1507,永大,59.97,56.37,60.74,58.47,57.3,53.62,54.72,51.44,50.83
1512,瑞利,68.85,68.62,68.36,69.34,69.96,71.61,72.86,78.42,81.96
1513,中興電,49.7,47.11,50.17,48.72,49.77,48.5,53.19,52.92,54.3
1514,亞力,45.07,42.81,47.76,45.74,47.38,42.84,47.21,46.3,46.82
1515,力山,57.03,55.01,57.67,57.73,57.01,55.62,59.1,61.67,61.38
1516,川飛,,,,,,,,,
1517,利奇,29.56,27.6,29.43,28.18,28.72,27.41,28.73,27.26,28.14
1519,華城,59.6,59.84,57.6,54.23,53.22,53.3,55.47,54.5,55.93
1521,大億,51.11,44.91,55.71,50.26,49.09,46.24,55.93,49.18,48.91
1522,堤維西,64.04,65.57,67.03,66.42,65.4,64.2,67.03,66.28,67.71
1524,耿鼎,59.38,58.17,56.47,56.33,56.61,55.99,56.79,57.43,57.02
1525,江申,19.11,18.21,21.46,19.39,19.07,19.55,22.59,18.92,18.99
1526,日馳,53.92,52.91,53.23,54.15,53.25,54.97,61.92,60.79,64.88
1527,鑽全,,,,,,,,,
1528,恩德,50.97,52.54,55.51,51.93,51.69,56.08,60.37,57.57,59.15
1529,樂士,44.56,43.78,35.55,33.26,50.68,20.17,25.88,28.67,17.45
1530,亞崴,59.09,57.2,55.43,55.47,55.97,59.11,62.31,61.93,61.52
1531,高林股,26.07,23.98,24.36,23.32,19.21,17.85,19.05,18.43,18.6
1532,勤美,46.74,45.94,49.61,49.89,48.08,48.26,50.53,50.63,60.4
1533,車王電,47.54,49.07,47.29,45.85,45.92,46.25,46.73,46.89,47.45
1535,中宇,48.72,45.96,56.92,57.83,57.62,54.05,58.44,55.97,59.96
1536,和大,56.77,57.52,62.77,59.85,61.73,47.87,50.03,51.69,53.46
1537,廣隆,25.66,22.48,33.4,33.19,27.31,23.72,35.25,34.15,31.04
1538,正峰新,55.92,55.06,57.22,58.15,63.33,62.87,66.59,66.92,69.34
1539,巨庭,66.61,58.88,67.24,69.78,64.88,67.29,67.95,66.17,65.53
1540,喬福,14.65,14.56,19.53,13.96,13.78,14.88,19.22,14.08,15.72
1541,錩泰,47.49,44.96,56.03,54.74,51.25,51.08,59.85,61.27,60.33
1558,伸興,25.68,26.76,35.12,30.63,26.57,25.89,37.34,31.42,34.33
1560,中砂,,,,,,,,,
1565,精華,30,26.24,42.11,28.73,29.51,25.82,44.31,36.16,37.33
1566,捷邦,65.91,66.82,69.73,69.85,67.11,66.58,69.8,69.23,68.42
1568,倉佑,45.14,45.3,48.47,53.62,54.47,55.35,58.39,58.07,57.16
1569,濱川,57.64,54.89,55.12,57.35,55.75,53.08,53.61,55.49,58.67
1570,力肯,21.94,29.07,28.56,30.26,25.89,25.09,28.52,27.25,22.76
1580,新麥,36.55,32.02,43.86,36.99,37.9,33.28,45.66,39.98,38.13
1582,信錦,40.03,38.82,45.73,42.41,38.39,34.4,41.89,34.04,30.45
1583,程泰,59.61,57.31,54.5,54.56,53.92,56.85,61.46,61.25,62.16
1584,精剛,,47.77,47.46,48.75,43.31,55.32,56.81,56.33,57.55
1586,和勤,61.98,59.3,61.06,60.79,52.16,51.77,52.96,49.42,49.65
1589,永冠-KY,31.66,29.52,35.84,32.2,33.05,35.29,34.55,33.17,32.92
1590,亞德客-KY,51.49,50.83,54.56,52.6,53.18,53.45,56.45,42.49,44.78
1591,駿吉-KY,47.47,43.73,44.33,42.53,41.29,38.23,40.77,42.33,41.07
1592,英瑞-KY,57.57,56.14,57.23,55.22,54.74,58.56,60.86,58.47,57.15
1593,祺驊,21.83,20.25,29.73,23.5,21.93,21.32,29.13,26.94,23.49
1595,川寶,24.52,24.99,27.92,24.62,25.48,29.15,30.67,46.47,38.42
1597,直得,42.03,41.42,41.05,40.41,38.15,39.35,42.45,44.25,42.03
1599,宏佳騰,26.8,28.89,33.54,40.79,30.5,25.72,31.34,30.31,31.91
1603,華電,37.93,39.12,37.39,44.35,38.22,35.95,38.27,35.46,33.34
1604,聲寶,38.05,33.61,41.51,35.5,39.03,40.65,46.52,41.44,43.96
1605,華新,39.28,37.07,41.81,43.28,42.82,41.64,44.4,40.47,44.51
1608,華榮,35.22,33.45,37.2,32.32,34.06,32.06,30.47,30.64,34.79
1609,大亞,57.73,59.49,59.82,57.65,57.9,58.84,57.87,56.5,57.29
1611,中電,29.71,29.62,30.34,30.94,36.65,35.45,35.4,35.54,30.41
1612,宏泰,13.44,14.79,15.92,14.84,15.87,14.87,14.21,11.43,11.8
1613,台一(下市),90.61,90.35,90.54,90.97,,,,,
1614,三洋電,23.16,23.35,27.62,22.68,21.46,21.55,26.6,21.36,20.52
1615,大山,32.94,31.74,37.84,35.09,30.54,27.07,32.88,26.01,32.25
1616,億泰,55.12,50.91,48.41,48.79,49.57,50.69,53,53.66,53.95
1617,榮星,48.2,46.63,49.51,49.31,48.23,50.21,51.11,49.88,51.95
1618,合機,8.04,6.3,9.75,6.56,5.94,7.18,8.92,6.26,6.98
1626,艾美特-KY,66.02,68.98,66.41,62.8,64.83,67.13,67.46,69.58,66.84
1701,中化,44.62,43.7,44.33,43.75,44.78,43.85,45.33,44.84,45.47
1702,南僑,69.32,66.64,69.55,69.41,69.73,70.16,74.59,75.49,73.43
1704,榮化,34.51,36.2,34.96,32.87,35.43,33.98,39.79,41.08,41.41
1707,葡萄王,51.01,48.45,56.98,42.78,39.44,36.58,46.37,37.21,36.03
1708,東鹼,44.06,43.67,46.12,44.32,43.94,46.1,50.94,49.78,48.07
1709,和益,32.51,35.2,37.44,34.4,27.56,27.68,30.57,28.41,25.98
1710,東聯,53.3,53.4,54.76,55.96,54.5,52.03,53.41,50.57,50.22
1711,永光,40.31,38.95,39.94,40.84,41.34,39.96,41.33,40.89,41.44
1712,興農,65.37,65.71,65.44,64.51,62.72,60.23,60.04,57.51,56.16
1713,國化,,,,,,,,,
1714,和桐,52.04,52.27,50.15,49.72,48.67,48.65,46.64,46.18,45.61
1715,萬洲化學(下市),,,,,,,,,
1717,長興,54.42,53.31,57.54,57.41,59,59.47,62.16,62.13,62.69
1718,中纖,91.66,91.78,91.99,91.97,92.23,92.29,92.36,92.25,92.28
1720,生達,32.93,31.66,34.67,32.55,32.59,30.85,35.46,33.35,34.08
1721,三晃,50.13,46.47,43.69,42.75,42.9,41.25,45.83,43.4,44.43
1722,台肥,34.2,33.65,35.86,34.38,34.15,34.24,36.65,35.15,34.68
1723,中碳,19.28,23.19,32.21,30.82,28.56,29.3,39.25,37.39,38.83
1724,台硝,25.93,25.16,28.29,26.09,28.43,26.54,30.34,28.57,31.96
1725,元禎,45.5,46.37,48.11,48.44,50.15,48.58,49.78,49.54,48.56
1726,永記,16.34,14.77,20.91,15.59,16.09,15.09,20.17,15.7,16.28
1727,中華化,35.84,34.44,38.16,37.23,39.3,39.32,42.31,41.79,43.21
1729,必翔實業(下市),,,,,,,,,
1730,花仙子,36.52,32.18,36.6,32.58,34.57,30.5,36.59,27.64,31.46
1731,美吾華,34.19,31.61,34.55,32.67,33.56,32.2,35.88,34.29,33.71
1732,毛寶,25.36,21.27,24.04,25.31,30.52,25.56,25.25,25.13,25.76
1733,五鼎,28.38,28.27,34.82,34.91,30.73,33.12,42.28,39.98,38.33
1734,杏輝,37.99,37.53,39.89,40.61,39.06,38.33,38.96,39.05,39.99
1735,日勝化,46.27,46.2,50.16,49.74,49.37,51.71,52.89,53.8,54.03
1736,喬山,60.4,58.51,60.13,63.33,62.01,63.73,64.2,64.82,63.32
1737,臺鹽,14.45,14.14,17.71,14.33,15.13,14.78,18.83,15.51,16.95
1742,台蠟,40.83,40.84,39.01,36.92,34.02,30.15,35.74,31.83,33.42
1752,南光,34.51,32.08,34.25,33.78,33.07,30.98,37.62,35.98,35.72
1762,中化生,35.07,34.42,36.11,36.45,35.02,33.79,35.86,49.52,47.18
1773,勝一,20.53,16.31,24.05,20.8,20.6,20.35,27.88,18.53,21.16
1777,生泰,,,,,,,,,
1781,合世,20.8,22.24,31.71,31.09,28.44,28.71,28.44,32.64,31.48
1783,和康生,28.97,29.51,30.07,29.19,28.8,27.94,27.42,27.3,27.87
1784,訊聯,27.05,26.29,26.71,25.46,26.43,24.68,24.52,24.77,24.84
1785,光洋科,77.55,81.88,78.51,78.34,79.21,78.42,78.3,78.23,75.94
1786,科妍,11.57,23.86,27.84,33.62,34.11,33.88,40.93,42.76,41.5
1787,福盈科,31.92,32.62,38.85,35.36,33.77,32.47,38.55,37.82,38.42
1788,杏昌,37.23,37.45,42.68,36.65,36.95,33.3,38.85,38.86,37.82
1789,神隆,19.35,19.73,20.63,19.3,19.99,19.41,20.57,19.57,17.98
1795,美時,43.68,43.34,44.68,45.36,45.15,46.49,49.58,49.33,50.85
1799,易威,2.57,2.94,4.71,14.32,15.11,16.13,18.57,19.57,17.63
1802,台玻,50.76,50.9,51.05,44.8,44.85,44.16,44.01,42.44,40.95
1805,寶徠,40.25,41.94,46.39,47.87,53.52,55.3,57.45,60.5,50.5
1806,冠軍,44.48,43.28,42.66,40.18,37.23,35.99,39.88,39.25,38.98
1808,潤隆,,,,,,,,,
1809,中釉,22.86,21.73,21.08,24.61,21.49,22.92,24.13,23.71,22.82
1810,和成,49.98,49.47,50.53,49.28,50.51,49.27,49,48.51,47.92
1813,寶利徠,9.8,10.62,16.18,13.76,11.28,14.52,16.7,21.28,23.57
1815,富喬,43.83,44.9,47.25,46.24,44.27,43.47,43.87,42.15,43.7
1817,凱撒衛,18.91,16.89,24.54,20.57,21.12,16.52,25.04,22.48,23.52
1902,台紙,34.67,33.08,32.23,28.98,29,29.19,25.3,26.85,24.85
1903,士紙,51.29,52,53.06,53.62,55.03,55.25,56.2,55.9,56.46
1904,正隆,60.83,59.98,60.47,59.92,61.6,61.89,61.75,62.63,62.93
1905,華紙,37.22,38.16,40.35,39.12,39.1,38.85,44.62,40.48,40.02
1906,寶隆,38.15,38.34,34.67,34.83,24.64,16.69,15.39,11.9,12.71
1907,永豐餘,60.07,60.66,62.06,61.59,62.38,62.77,64.02,62.51,61.34
1909,榮成,67.1,68.58,69.38,69.72,66.44,64.98,65.53,63.39,62.9
2002,中鋼,52.71,52.09,52.73,51.53,51.25,50.91,52.98,51.4,50.29
2006,東和鋼鐵,36.04,35.99,36.64,35.91,35.65,35.48,38.85,41.42,41.8
2007,燁興,73.86,75.39,76.42,77.51,78.1,79.43,80.65,81.12,82.19
2008,高興昌,,,,,,,,,
2009,第一銅,,,,,,,,,
2010,春源,31.24,28.58,29.74,29.16,29.19,32.01,36.49,37.05,35.82
2012,春雨,63.7,62.6,64.66,64.9,62.31,62.14,63.77,62.03,60.97
2013,中鋼構,70.77,70.92,71.18,70.94,71.48,69.95,71.82,71.94,71.09
2014,中鴻,78.31,76.2,74.46,71.55,69.67,67.44,66.79,64.64,61.99
2015,豐興,14.45,14.11,20.23,13.17,15.55,15.87,21.98,13.43,14.82
2017,官田鋼,36.35,36.17,38.82,36.02,35.92,34.07,35.81,32.01,33.27
2020,美亞,47.47,46.25,46.06,47,46.12,44.65,47.66,45.8,44.23
2022,聚亨,55.85,56.21,55.81,55.08,56.83,57.64,60.19,62.6,62.11
2023,燁輝,62.02,62.87,61.91,63.18,63.13,64.86,65.07,64.93,66.02
2024,志聯,49.33,,,,,,,,
2025,千興,55.47,55.86,55.92,52.73,45.6,42.33,51.72,42.95,37.57
2027,大成鋼,67.22,67,66.54,66.27,66.64,68.57,72.93,73.75,70.39
2028,威致,,,,,,,,,
2029,盛餘,20.01,13.82,16.19,13.86,16.3,14.91,20.03,14.21,12.96
2030,彰源,70.02,67.87,68.29,68.32,68.76,67.12,65.7,64.21,64.86
2031,新光鋼,61.08,56.6,56.9,56.98,53.25,53.11,58.38,55.86,53.12
2032,新鋼,,,,,,,,,
2033,佳大,,,,,,,,,
2034,允強,30.76,30.04,34.28,30.76,35.18,38.44,41.6,33.98,37.14
2035,唐榮,70.54,71.06,69.77,70.13,68.79,,,,
2038,海光,51.49,51.4,47.36,43.83,36.31,35.66,40.72,42.8,46.99
2049,上銀,55.74,56.22,58.31,57.36,55.11,54.92,55.78,55.28,55.82
2059,川湖,12.73,11.09,20.74,11.23,12.69,11.06,18.15,10.29,11.19
2061,風青,38.1,36.06,32.72,31.2,38.03,38.5,38.75,40.9,47.86
2062,橋椿,47.21,48.53,50.79,51.7,53.66,52.68,54.98,57.33,58
2063,世鎧,47.69,49.17,51.68,50.1,51.05,51.84,53.92,52.82,52.33
2064,晉椿,47.66,51.49,51.8,52.62,53.21,55.4,58.73,60.32,59.4
2066,世德,,,,,,,,,
2067,嘉鋼,66.32,68.7,69.03,71.98,65.89,69.61,71.57,70.85,64.11
2101,南港,48.77,46.6,46.87,48.78,49.56,52.12,54.41,53.46,54.12
2102,泰豐,23.04,25.66,29.28,30.34,30.66,36.58,40.59,42.54,41.27
2103,台橡,39.73,39.13,42.45,40.63,42.72,48.43,49.71,44.48,43.3
2104,中橡,38.05,38.2,39.86,39.11,37.31,39.05,42.72,44.19,43.69
2105,正新,45.8,44.75,49.97,47.13,47.51,49.1,55.43,52.8,53.71
2106,建大,46.88,45.67,49.39,48.88,48.56,48.83,52.96,51.8,53.12
2107,厚生,20.91,17.78,21.75,24.73,22.3,20.84,23.11,27.6,27.14
2108,南帝,17.37,14.94,24.6,16.83,17.82,16.99,20.88,17.73,18.46
2109,華豐,40.07,39.73,40.09,38.86,38.16,38.47,40.13,38.46,44.81
2114,鑫永銓,12.91,11.08,23.35,22.4,15.44,11.9,23.92,19.91,19.11
2115,六暉-KY,29.67,30.44,36.66,31.03,32.51,32.49,33.49,32.07,33.05
2201,裕隆,61.71,62.08,64.13,63.74,64.27,64.61,66.7,67.28,69.38
2204,中華,15.99,12.91,17.73,13.94,15.21,13.49,18.39,14.2,14.28
2206,三陽工業,56.9,56.92,59.65,58.65,58.75,57.51,60.97,60.18,60.04
2207,和泰車,72.02,70.73,73.53,71.65,71.77,71.21,74.35,73.2,73.44
2208,台船,41.6,43.59,43.72,48.93,55.8,62.42,60.38,66.48,71.37
2221,大甲,46.64,44.85,46.88,48.62,47.14,43.42,44.55,42.32,42.29
2227,裕日車,29.58,29.02,38.09,31.1,27.52,27.88,40.11,18.94,17.78
2228,劍麟,21.44,18.26,24.59,23.93,24.3,24.51,27.15,19.85,21.46
2230,泰茂,33.8,43.77,40.45,44.88,45.68,48.87,50.98,51.84,53.68
2231,為升,24.09,37.02,52.41,50.56,49.59,45.28,46.3,43.17,45.08
2233,宇隆,21.3,23.51,29.63,30.71,29.71,31.35,32.45,26.76,28.39
2235,謚源,,,,,,,,,
2301,光寶科,61.99,59.21,62.31,63.65,62.4,60,62.89,64.14,61.17
2302,麗正,16.69,15.88,16.37,16.52,20.9,19.65,26.83,18,17.8
2303,聯電,32.18,33.77,40.29,41.59,43.43,42.89,44.74,44.18,45.69
2305,全友,39.81,37.41,35.66,38.85,36.89,39.06,39.49,19.58,21.39
2308,台達電,42.75,40.87,48.27,46.6,45.13,43.02,49.53,51.21,46.61
2311,日月光,53.94,52.75,55,55.3,52.69,49.13,49.79,45.01,43.93
2312,金寶,58.57,67.1,68.24,68.41,67.72,67.11,70.82,69.26,68.92
2313,華通,59.66,58.46,59.06,60.95,59.67,60,59.64,60.45,59.44
2314,台揚,65.71,64.26,60.97,61.73,56.25,53.94,58.17,57.33,51.83
2316,楠梓電,32.47,33.09,42.2,37.43,37.93,37.93,36.28,38.46,39.31
2317,鴻海,54.06,49.3,52.51,56.14,56.26,49.26,53.9,58.13,65.61
2321,東訊,83.61,81.41,81.29,79.52,81.12,74.98,73.56,73.81,75.43
2323,中環,28.1,28.59,27.67,28.33,27.63,26.22,25.46,24.41,24.5
2324,仁寶,66.58,62.89,65.64,67.77,67.64,66.94,67.48,71.11,70.1
2325,矽品,42.72,41.06,50.26,46.54,46.52,44.9,48.35,44.33,43.48
2327,國巨,46.79,47.42,52.75,54.81,55.5,54.43,58.54,59.19,55.04
2328,廣宇,39.73,30.76,35.93,37.05,38.03,33.69,38.18,39.32,41.76
2329,華泰,65.19,63.46,63.83,62.69,63.06,63.85,63.37,64.6,66.13
2330,台積電,26.24,25.81,33.65,25.3,26.31,24.73,32.42,22.27,23.55
2331,精英,44.93,38.9,49.07,47.64,48.79,44.29,44.42,46.65,46.35
2332,友訊,48.05,44.79,47.7,48.61,48.79,45.92,47.09,43.77,45.32
2337,旺宏,51.02,50.87,52.04,50.31,48.46,48.1,47.57,47.52,44.21
2338,光罩,8.52,8.53,10.81,8.93,9.57,8.18,8.11,9.24,20.29
2340,光磊,34.47,33.97,36.66,28.4,26.76,25.28,31.79,36.94,26.97
2342,茂矽,62.78,64.96,66.36,63.56,64.01,65.1,64.43,63.71,51.42
2344,華邦電,35.94,34.87,33.4,32.8,33.49,31.36,37.22,34.9,30.06
2345,智邦,45.43,42.93,47.91,45.24,49.5,49.45,53.66,49.09,48.53
2347,聯強,67.45,64.66,66.84,65.8,65.67,64.71,66.53,67.19,66.31
2348,海悅,45.89,43.57,44.9,38.42,35.66,34.82,35.74,24.37,26.02
2349,錸德,34.68,34.01,34.77,34.75,35.29,32.97,33.14,35.02,37.96
2351,順德,48.48,46.27,49.22,46.81,46.4,45.43,50.59,48.79,47.05
2352,佳世達,68.71,66.55,67.82,66.49,65.43,64.56,68.36,66.15,65.54
2353,宏,61.65,58.11,59.5,59.98,65.19,62.33,62.65,62.52,63.22
2354,鴻準,26.27,21.23,27.69,30.68,28,19.53,29.86,39.65,37.53
2355,敬鵬,35.45,34.61,38.26,35.58,36.15,35.02,39.34,35.1,35.85
2356,英業達,64.21,61.99,65.42,65.83,66.82,66.94,72.25,73.55,71.77
2357,華碩,49.21,46.29,48.14,46.97,49.42,46.15,50.5,48.36,48.19
2358,廷鑫,,36.66,34.27,40.39,76.13,75.31,73.96,77.53,52.22
2359,所羅門,19.22,19.38,20.31,16.18,17.52,17.04,18.62,16.78,19.79
2360,致茂,40.65,40.31,45.6,43.11,42.1,33.05,40.49,43,38.85
2361,鴻友科技(下市),,,,,,,,,
2362,藍天,60.36,60.83,61.61,62,61.65,62.43,62.77,62.37,62.39
2363,矽統,1.14,0.59,0.76,0.67,0.9,0.74,0.78,0.82,0.97
2364,倫飛,60.83,61.25,63.35,65.33,62.98,60.08,64.86,56.95,64.56
2365,昆盈,29.89,28.04,29.53,31.75,34.25,31.05,32.46,32.31,32.73
2367,燿華,49.16,48.1,52.01,57.42,58.18,60.79,61.24,62.27,57.54
2368,金像電,67.53,67.45,68.6,67.43,67.38,67.12,66.6,67.47,68.01
2369,菱生,35.55,35.37,36.21,34.12,34.6,33.96,36.03,34.11,32.86
2371,大同,75.78,77.51,77.64,62.92,63.98,62.32,61.69,61.62,62.91
2373,震旦行,44.11,40.33,48.93,47.45,50.43,45.96,50.3,50.2,48.45
2374,佳能,37.69,33.78,33.69,32.67,34.77,32.58,36.24,33.65,32.02
2375,智寶,37.13,35.68,40.47,33.39,32.08,33.7,46.27,44.79,61.09
2376,技嘉,32.15,30.93,35.79,36.07,36.59,31.92,36.94,38.76,37.54
2377,微星,44.68,39.79,45.61,47.33,46.72,39.67,45.54,45.04,43.44
2379,瑞昱,52.52,52.02,58.3,58.9,58.89,55.02,61.86,59.05,58.21
2380,虹光,18.26,18.2,22.01,22.6,23.73,20.66,22.21,26.45,31.82
2382,廣達,73.65,73.95,76.25,76.66,76.22,76.51,79.36,78.59,77.37
2383,台光電,45.27,42.12,49.99,46.05,45.34,45.56,50.97,49.13,42.87
2384,勝華科技(下市),,,,,,,,,
2385,群光,55.72,53.17,58.26,57.4,55.64,56.47,58.31,59.45,58.08
2387,精元,44.15,36.39,34.92,39.56,40.1,36.69,36.03,39.43,40.77
2388,威盛,62.4,63,57.4,59.28,60.65,60.41,57.01,53.34,52.41
2390,云辰,23.72,18.66,19.88,20.14,18.71,17.12,19.05,19.47,19.69
2392,正崴,61.22,58.05,59.59,62.98,60.16,56.99,59.27,62.73,62.51
2393,億光,51.67,49.71,53.63,53.38,53.4,52.12,55.53,52.89,51.12
2395,研華,30.98,30.19,39.86,30.98,34.13,29.19,39.46,32.54,31.8
2397,友通,18.5,21.97,29.74,20.71,21.64,21.42,33.93,25.4,25.4
2399,映泰,25.12,25.55,24.54,26.63,27.82,27.66,29.23,28.41,28.98
2401,凌陽,28.04,26.3,32.82,26.05,26.94,18.94,24.24,22.46,21.04
2402,毅嘉,38.6,34.84,36.06,37.97,37.94,38.51,42.95,42.99,42.68
2404,漢唐,57.68,61.43,64.53,58.83,60.94,56.71,63.88,58.81,60.26
2405,浩鑫,19.86,21.84,28.68,27.84,25.58,27.2,34.13,28.8,26.31
2406,國碩,56.44,53.06,61.52,59.81,58.58,58.38,66.86,67.9,70.8
2408,南亞科,47.26,41.85,48.77,46.96,37.47,38.88,41.51,29.1,12.38
2409,友達,51.91,51.57,54.16,54.17,53.55,51.65,52.14,50.96,48.98
2412,中華電,17.44,15.17,23.61,15.46,16.98,15,23.12,15.82,17.19
2413,環科,56.09,55.57,56.09,53.99,54.02,55.43,56.72,57.7,62.29
2414,精技,50.61,44.11,51.41,52.73,51.16,44.93,49.77,49.78,47.85
2415,錩新,56.11,53.21,51.83,55.11,52.05,55.61,55.48,57.51,58.72
2417,圓剛,13.27,11.88,14.4,14.59,14.6,12.28,13.95,13.59,13.55
2419,仲琦,51.52,50.07,55.91,54.4,51.7,49.96,54.88,50.87,46.9
2420,新巨,51.53,53.14,58.42,57.31,56.88,57.83,61.8,60.27,55.46
2421,建準,46.73,40.75,46.01,47.42,51.53,48.37,52.41,50.62,52.64
2423,固緯,30.01,28.87,31.34,27.8,28.23,25.71,31.96,25.88,26.99
2424,隴華,1.14,0.67,0.66,0.76,1.08,0.98,1.77,1.24,1.35
2425,承啟,40.25,36.71,35.63,23.14,23.6,12.85,24.47,24.21,13.31
2426,鼎元,28,26.58,33.85,31.19,29.41,30,37.22,35.8,43.07
2427,三商電,41.76,41.09,41.81,44.09,45.5,46.95,49.99,55.97,53.12
2428,興勤,26.32,25.11,30.95,30.31,31.3,27.42,33.55,29.19,26.14
2429,銘旺科,50.9,69.22,68.17,67.73,68.81,69.01,70.27,71.78,70.4
2430,燦坤,53.02,52.58,55.47,52.34,51.77,47.79,52.25,52.78,52.77
2431,聯昌,39.1,39.98,36.42,39.2,40.62,38.07,46.16,33.95,34.3
2433,互盛電,44.94,43,48.86,46.26,45.57,42,48.48,44.23,46.48
2434,統懋,29.84,30.66,33.15,32.8,35.8,37.33,40.28,41.01,44.66
2436,偉詮電,17.24,17.26,21.73,21.78,20.3,21.36,25.2,24.61,22.54
2437,旺詮(下市),40.97,40.5,43.08,42.94,43.53,42.33,,,
2438,翔耀,36.59,39.93,27.03,24.34,23.01,27.15,23.48,19.96,20.24
2439,美律,48.97,43.19,52.47,50.26,54.79,41.77,50.61,48.54,48.01
2440,太空梭,48.22,49.72,47.65,49.59,48.93,50.2,54.64,54.83,53.52
2441,超豐,,,,,,,,,
2442,新美齊,55.91,59.32,57.48,57.62,59.18,54.47,56.28,62.54,65.27
2443,新利虹,10.01,12.81,11.22,12.34,14.6,14.84,18.51,18.1,21.65
2444,友旺,44.75,41.28,43.3,43.22,44.55,,,,
2448,晶電,33.06,33.16,35.64,27.48,26.21,24.53,22.2,22.61,20.9
2449,京元電子,44.7,45.29,49.95,47.63,45.74,42.02,45.34,41.63,39.13
2450,神腦,43.68,39.72,48.19,46.33,43.28,39.17,52.23,46.19,42.42
2451,創見,14.8,14.59,23.26,9.67,11.2,11.66,21.36,11.49,9.98
2453,凌群,47.4,41.39,40.59,39.51,46.46,38.44,42.02,50.69,51.35
2454,聯發科,29.65,30.02,40.59,37.5,33.46,34.78,37.8,34.29,33.84
2455,全新,,,,,,,,,
2456,奇力新,55.64,54.19,52.86,51.94,51.83,58.77,55.81,70.99,60.97
2457,飛宏,50.59,51.43,52.19,55.26,57.13,53.2,48.25,46.95,47.87
2458,義隆,23.62,20.73,30.22,32.06,24.48,23.91,32.62,28.81,27.8
2459,敦吉,41.27,37.91,48.65,43.59,41.48,41.28,44.39,46.01,41.97
2460,建通,50.21,50.99,52.08,54.16,56.37,54.92,55.66,56.86,58.03
2461,光群雷,47.21,47.73,49.44,49.69,53.28,51.83,52.36,51.3,45.67
2462,良得電,48.45,46.89,47.38,43.32,45.74,43.34,43.91,47.81,51.15
2464,盟立,54.57,50.15,58.73,61.09,63.3,65.39,70.38,68.19,68.36
2465,麗臺,56.7,58.17,63.7,66.25,68.2,57.61,60.26,60.97,71.01
2466,冠西電,44.22,51.37,51.99,51.08,47.7,53.27,55.81,60.77,57.34
2467,志聖,62.69,66.2,62.82,65.28,62.17,64.07,62.14,61.36,59.81
2468,華經,24.45,25.02,25.87,24.25,25.25,20.11,23.4,24.28,28.48
2471,資通,35.06,31.14,35.84,32.31,33.91,31.21,36.3,36.99,34.75
2472,立隆電,41.49,37.91,42.45,42.92,42.35,44.02,48.36,45.3,44.77
2474,可成,32.41,30.67,34.06,35.16,34.09,33.75,37.26,37.71,37.75
2475,華映,87.68,91.14,90.23,61.13,60.3,57.19,55.78,55.91,57.6
2476,鉅祥,24.09,22.28,27.23,28.76,27.91,26.58,31.98,31.84,30.33
2477,美隆電,35.21,31.98,37.2,36.52,33.4,32.31,34.66,40.93,38.01
2478,大毅,26.11,25.61,26.97,38.31,32.71,30.98,32.72,33.64,34.75
2480,敦陽科,33.61,32,38.28,42.28,41.36,37.18,40.57,40.54,41.33
2481,強茂,62.2,61.55,60.69,60.09,58.96,58.46,60.46,59.71,63.36
2482,連宇,24.55,25.39,27.9,25.49,26.92,25.66,28.01,30.32,32.41
2483,百容,12.93,11.93,18.31,18.44,16.23,22.83,39.05,36.47,39.75
2484,希華,31.84,30.01,32.23,28.25,28.32,26.28,33.78,31,29.15
2485,兆赫,27.17,27.98,32.12,19.43,22.03,21.94,24.62,20.06,19.15
2486,一詮,54.43,52.36,51.95,52.28,51.58,50.54,50.95,52.22,52.62
2488,漢平,33.39,33.6,44.17,45.9,37.17,37.16,46.7,48.45,48.57
2489,瑞軒,32.31,30.84,42.12,44.95,38.23,32.02,37.65,31.23,30.05
2491,吉祥全,69.11,69.33,70.13,69.23,68.78,68.23,66.04,65.9,65.77
2492,華新科,41.03,41.69,43.8,44.82,43.66,43.75,45.61,46.36,45.58
2493,揚博,,,,,,,,,
2495,普安,10.56,11.28,16.75,13.66,13.05,7.28,13.86,9.7,13.14
2496,卓越,,66.48,64.85,13.55,17.14,39.85,41.19,34.62,37.96
2497,怡利電,38.52,38.48,43.95,41.52,39.71,38.96,44.24,41.99,45.85
2498,宏達電,49.93,48.19,49.82,50.78,49.81,48.25,49.38,47.29,49.35
2499,東貝,61.68,63.07,64.15,64.82,63.54,63.65,62.97,63.36,68.98
2501,國建,57.92,58.29,55.63,62.14,57.46,54.35,57.92,58.44,56.8
2504,國產,55.13,55.32,57.43,56.8,64.45,40.91,39.38,39.42,39.15
2505,國揚,54.37,54.44,54.29,55.78,54.12,54.36,51.09,51.72,52.18
2506,太設,50.48,50.89,52.27,50.47,50.31,48.81,49.17,49.68,49.05
2509,全坤建,53.15,51.78,54.21,53.92,54.12,57.26,58.99,58.26,58.29
2511,太子,53.79,52.04,54.95,54.04,51.98,50.98,55.96,51.35,51.91
2514,龍邦,38.03,41.12,42.99,35.9,37.36,33.72,29.96,28.79,28.6
2515,中工,46.37,47.11,48.23,48.08,49.48,47.86,47.86,47.5,47.34
2516,新建,71.55,69.73,70.27,69.95,72.54,70.85,73.19,73.3,75.12
2520,冠德,68.78,68.47,68.73,68.45,69.25,69.08,70.39,70.67,73.93
2524,京城,65.05,64.96,65.32,65.49,64.65,65.7,65.65,64.65,63.2
2527,宏璟,52.06,51.56,55.85,57.63,60.71,60.44,62.75,64.11,64.65
2528,皇普,,,,,,,,,
2530,華建,49.34,23.81,33.3,30.65,39.07,38.6,40.36,38.95,39.66
2534,宏盛,,,,,67.89,,,,61.77
2535,達欣工,69.3,68.68,70.93,69.05,66.68,63.64,66.83,65.57,67.41
2536,宏普,,,,,,,,,
2537,聯上發,,,,,,,,,
2538,基泰,52.3,51.84,55.15,55.64,55.16,55.27,57.67,57.42,57.56
2539,櫻花建,,,,,,,,,
2540,愛山林,58.82,60.27,60.25,60.35,59.68,59.56,60.03,61.38,62.17
2542,興富發,65.57,61.95,67.7,65.49,65.16,63.78,71.53,72.36,72.35
2543,皇昌,52.19,50.48,51.76,52.17,47.85,47.08,49.23,42.15,45.26
2545,皇翔,77.44,77.19,69.09,67.82,68.88,69.5,73.4,73.13,74.3
2546,根基,57.78,56.5,58.81,59.25,59.38,57.42,57.55,61.39,64.33
2547,日勝生,80.73,81.31,85.78,86.44,87.54,88.9,89.68,89.93,87.5
2548,華固,61.18,61.63,66.73,61.83,55.8,55.51,61.43,54.73,53.84
2596,綠意,38.03,37.67,43.66,40.11,22.61,21.61,25.63,23.83,19.68
2597,潤弘,50.29,47.81,54.2,49.67,47.51,44.3,50.39,46.66,45.11
2601,益航,67.95,68.52,68.91,71.4,70.25,68.62,61.08,61.05,63.09
2603,長榮,68.18,70.11,70.83,71.71,71.73,71.22,70.93,69.48,66.67
2605,新興,31.08,29.45,30.5,27.7,27.43,31.37,31.69,29,28.49
2606,裕民,56.7,58.15,64.08,65.6,57.75,61.24,64.2,63.3,59.48
2607,榮運,36.87,36.42,37.63,36.39,35.42,34.31,34.74,33.45,34.45
2608,大榮,34.22,31.02,35.79,34.83,38.71,38.29,42.09,42.07,40.63
2609,陽明,79.53,81.22,84.14,87.14,88.03,87.39,87.75,86.52,80.05
2610,華航,72.71,71.63,72.93,72.41,74.22,75.56,75.44,73.66,73.81
2611,志信,38.82,38.49,39.3,39.42,39.44,39.01,39.19,36.77,36.29
2612,中航,47.73,50.09,49.52,53.78,51.92,54.65,52.3,53.64,53.05
2613,中櫃,56.99,56.3,55.9,56.27,51.87,51.58,51.79,51.74,52.01
2614,東森,70.1,71.61,69.3,43.27,45.93,42.5,58.65,57.93,45.34
2615,萬海,55.23,53.82,56.36,55.96,55.05,54.87,56.24,54.98,55.33
2616,山隆,48.6,47.4,50.01,45.09,48.28,42.61,44.75,41.62,42.08
2617,台航,21.92,20.31,24.25,26.82,30.22,30.2,29.63,34.7,38.01
2618,長榮航,71.99,71.62,71.29,69.83,72.74,72.8,72.11,70.73,71.86
2634,漢翔,59.84,61.93,65.38,64.21,60.16,61.2,63.71,63.61,61.18
2636,台驊投控,44.61,43.29,47.12,48.69,50.44,51.74,53.19,52.93,53.79
2637,慧洋-KY,64.84,67.21,72.07,72.96,66.3,67.45,69.14,70.05,69.17
2640,大車隊,53.12,47.25,54.73,52.8,50.66,48.05,48.02,44.71,42.87
2641,正德,62.79,66.96,65.38,65.05,63.28,58.59,58,56.92,67.61
2642,宅配通,25.61,23.28,26.2,23.12,27.59,26.38,29.65,32.11,31.9
2701,萬企,,,,,,,,,
2702,華園,69.24,69.24,75.86,76.4,75.85,76.69,78.77,79.14,79.5
2704,國賓,23.27,21.3,25.1,23.9,16.32,14.75,16.5,15.14,14.28
2705,六福,54.84,54.82,55.2,55.64,55.69,55.96,56.43,57.65,62.4
2706,第一店,,,,,,,,,
2707,晶華,48.55,45.79,65.35,52.37,48.88,46.4,57.97,50.69,49.18
2712,遠雄來,,,,,,,,,
2718,晶悅,,,,,,,,,
2719,燦星旅,50.33,47.89,53.96,47.68,52.06,52.72,58.42,59.8,59.51
2722,夏都,,,,,,,,,
2723,美食-KY,37.41,35.23,36.36,34.68,35.49,32.74,38.91,37.38,37.2
2724,富驛-KY,71.98,74.22,76.01,86.92,98.56,82.76,,88.64,95.86
2726,雅茗-KY,60.67,56.9,58.17,58.41,58.73,55.96,59.91,55.17,50.27
2727,王品,51.3,47.47,48.18,46.88,48.76,46.43,49.93,47.86,48.79
2729,瓦城,19.74,18.48,27.13,19.7,18.95,18.69,27.93,18.2,18.91
2731,雄獅,56.15,56.47,66.47,59.17,61.33,62.37,69.4,64.85,64.16
2732,六角,33.93,43.14,49.56,41.02,40.16,39.01,47,39.9,42.88
2734,易飛網,48.87,50.13,50.43,47.65,48.11,49.45,45.08,38.37,39.76
2801,彰銀,93.21,93.17,,,,,,,
2809,京城銀,88.02,87.77,87,86.33,86.56,86.24,86.17,86.3,86.37
2812,台中銀,93.06,93.05,93.25,93.15,93.4,93.42,93.54,93.45,93.45
2816,旺旺保,75.65,76.48,77.2,76.54,76.45,76.6,75.87,74.33,73.36
2820,華票,,,,,,,,,
2823,中壽,,,,,,,,,
2832,台產,,,,,,,,,
2833,台灣人壽(下市),,,,,,,,,
2834,臺企銀,95.42,95.21,95.27,95.17,95.27,95.21,95.14,95.1,95.21
2836,高雄銀,95.48,95.19,95.1,95.12,95.13,94.18,94.3,94.42,94.61
2838,聯邦銀,93.09,93.09,93.15,93.12,93.2,93.21,93.2,93.1,91.48
2841,台開,42.9,41.75,43.97,44.35,46.01,47.42,46.58,47.66,47.98
2845,遠東銀,92.87,92.53,92.8,92.72,92.71,93.03,92.76,92.53,92.56
2847,大眾銀行(下市),,,,,,,,,
2849,安泰銀,90.55,90.04,90.21,90.04,,,,,
2850,新產,,,,,,,,,
2851,中再保,,,,,,,,,
2852,第一保,,,,,,,,,
2855,統一證,67.52,71.94,72.11,74.16,73.12,73.71,71.9,72.62,70.53
2856,元富證,77.99,77.28,79.41,78.47,74.96,76.27,77.51,78.55,77.59
2867,三商壽,,,,,,,,,
2880,華南金,93.49,93.45,93.78,93.79,93.76,93.67,93.75,93.68,93.62
2881,富邦金,93.72,93.2,92.77,92.39,93.28,93.14,93.2,92.99,92.94
2882,國泰金,93.91,93.83,94.15,93.72,93.49,93.44,93.35,93.19,93.12
2883,開發金,80.53,80.82,81.89,81.92,81.27,81.76,82.3,89.93,89.58
2884,玉山金,93.15,93.1,93.22,93.06,93.14,93.07,92.83,92.84,92.82
2885,元大金,87.28,89.32,89.48,89.37,89.83,89.88,90.1,89.94,89.97
2886,兆豐金,91.37,91.15,91.53,91.16,91.2,90.85,91.43,91.63,91.6
2887,台新金,91.78,91.74,92.09,91.88,90.56,90.53,90.65,90.8,90.74
2888,新光金,95.84,95.9,95.96,95.66,95.71,95.64,95.48,95.45,95.39
2889,國票金,86.79,85.61,86.02,85.59,86.32,85.93,85.62,85.58,86.69
2890,永豐金,91.7,91.64,91.79,91.81,92.02,91.94,92.01,91.6,91.35
2891,中信金,93.96,93.86,94.08,94.04,94.17,94.08,94.4,,93.99
2892,第一金,92.48,92.24,92.52,92.5,92.44,92.41,92.69,92.57,92.71
2901,欣欣,,,,,,,,,
2903,遠百,65.34,63.13,64.47,64.11,65.68,62.25,63.89,63.9,65.13
2904,匯僑,7.29,10.89,23.19,11.39,20.02,18.3,22.98,23.57,21.97
2905,三商,96.74,96.53,96.51,96.29,96.54,96.6,96.26,96.06,96.19
2906,高林,34.46,39.49,40.35,37.28,33.02,31.18,31.37,31.34,28.68
2908,特力,70.51,69.89,70.3,71.98,69.5,69.41,69.98,69.47,66.46
2910,統領,60.16,60.36,59.47,59.89,59.72,59.83,61.98,61.65,61.97
2911,麗嬰房,59.11,57.7,55.07,59.17,56.74,54.75,52.79,56.58,47.13
2912,統一超,65.22,62.63,69.67,64.45,65.03,60.84,68.86,64.35,57.46
2913,農林,37.31,35.17,35.02,34.36,34.11,28.42,30.08,30.75,31.05
2915,潤泰全,41.32,39.09,41.04,40.11,43.69,42.39,40.66,37.78,47.88
2916,滿心,30.68,26.73,27.64,32.5,27.94,,,,
2923,鼎固-KY,53.35,52.42,53.03,53.27,52.69,52.34,53.08,53.14,53.48
2924,東凌-KY,36.69,38.81,39.79,42.4,40.14,40.06,37.05,40.02,40.7
2926,誠品生活,65.58,61.77,67.53,63.29,66.06,59.39,67.77,63.33,66.5
2929,淘帝-KY,36.9,32.03,37.86,39.77,39.29,34.62,38.57,38.33,38.35
3002,歐格,20.18,19.02,21.34,20.53,20.34,22.82,25.47,23.22,23.96
3003,健和興,23.92,19.87,23.56,25.03,26.78,24.35,28.21,25.69,26.21
3004,豐達科,44.23,40.3,43.51,46.18,61.9,60.97,62.29,62.18,61.15
3005,神基,35.22,30.99,38.21,36.71,41.29,37.92,43.92,40.68,41.73
3006,晶豪科,22.67,19.07,24.29,24.79,25.31,24.82,27.41,25.25,25.44
3008,大立光,24.53,23.18,30.78,20.48,20.84,20.89,27.02,19.38,20.28
3010,華立,59.88,56.64,59.97,57.99,56.51,54.8,56.45,56.84,56.68
3011,今皓,36.48,36.74,36.44,34.51,34.47,30.45,29.48,32.07,33.39
3013,晟銘電,35.04,31.94,35.41,37.69,37.68,33.87,34.44,37.23,42.22
3014,聯陽,19.88,18.81,25.19,18.9,19.37,18.14,28.14,19.67,21.22
3015,全漢,40.33,38.66,41.89,39.95,42.34,40.27,40.55,39.41,39.72
3016,嘉晶,35.18,22,24.44,22.14,22.68,23.47,24.05,25.78,26.74
3017,奇鋐,67.6,65.53,67.04,68.69,68.85,68.67,68.78,69.49,68.72
3018,同開,57.77,61.43,59.24,59.86,58.74,56.84,50.45,49.49,46.81
3019,亞光,26.27,25.15,27.61,27.06,25.87,24.02,28.83,26.36,25.17
3021,鴻名,41.39,39.21,38.29,41.39,40.75,39.86,44.9,43.5,42.22
3022,威強電,37.53,33.32,37.18,31.88,32.28,28.58,33.99,32.85,32.24
3023,信邦,49.27,46.23,52.63,48.71,47.85,45.15,51.9,49.41,49.71
3024,憶聲,57.46,55.31,55.85,58.08,43.37,42.78,39.82,38.96,36.6
3025,星通,18.32,17.26,17.07,18.86,18.03,15.53,20.87,18.85,19.2
3026,禾伸堂,26.06,25.74,32.33,30.88,28.33,28.33,35.69,36.14,30.21
3027,盛達,41.08,34.2,41.89,40.84,38.66,32.64,25.89,29.04,38.87
3028,增你強,60.99,58.43,61.57,62.46,62.57,64.36,67.63,67.33,67.9
3029,零壹,41.07,37.06,41.74,38.89,41.61,38.59,43.29,40.57,42.16
3030,德律,14.5,11.82,28.03,12.94,11.16,11.78,26.38,17.87,17.37
3031,佰鴻,23.5,22.26,22.19,21.28,21.96,20.09,24.06,20.71,18.49
3032,偉訓,45.47,51.37,60.45,59.15,53.17,53.79,56.97,57.23,56.59
3033,威健,70.59,70.18,73.09,71.41,73.65,73.13,76.71,76.82,74.44
3034,聯詠,30.6,26.16,38.7,28.82,32.69,27.43,39.01,33.99,30.1
3035,智原,26.58,23.89,33.34,21.42,22.64,25.99,26.92,22.43,20.27
3036,文曄,64.13,65.12,68.47,70.81,72.47,70.97,72.26,75.61,73.28
3037,欣興,53.75,52.51,52.91,53.19,52.12,51.25,52.33,55.13,55.24
3038,全台,43.74,39.23,45.19,43.62,40.92,44.95,46.97,45.49,45.76
3040,遠見,8.73,8.64,19.3,8.63,8.07,6.89,19.69,7.09,6.29
3041,揚智,16.17,13.52,12.02,13.55,15.32,13.8,16.46,15.16,15.97
3042,晶技,31.07,28.93,32.89,31.31,34.15,31.83,36.09,32.93,31.62
3043,科風,93.17,97.6,99.77,99.79,96.98,96.35,102.55,101.55,99.76
3044,健鼎,52.39,49.55,51.89,53.53,53.29,51.44,57.47,59.61,56.26
3045,台灣大,58.17,54.69,61.95,58.68,56.28,52.61,59.64,56.93,57.6
3046,建,50.94,47.05,53.65,55.63,64.21,64.48,69.23,70.96,48.43
3047,訊舟,44.95,60.17,59.37,60.82,60.35,61.58,65.21,65.48,65.51
3048,益登,74.02,75.94,75.55,84.72,79.64,78.76,79.08,79.44,77.72
3049,和鑫,50.66,49.17,51.49,52.51,60.78,60.17,60.63,61.22,58.94
3050,鈺德,26.72,23.99,27.73,25.46,23.62,22.76,23.95,24.96,23.46
3051,力特,81.89,82.42,82.97,83.95,82.82,83.21,82.84,82.38,83.36
3052,夆典,62.81,62.97,65.95,65.2,67.34,66.81,59.06,67.55,65.97
3054,立萬利,34.26,28.37,27.16,28.16,12.83,6.49,2.86,10.83,4.44
3055,蔚華科,30.36,32.77,38.5,34.28,35.07,32.19,35.17,30.77,31.46
3056,總太,58.73,58.3,46.52,42.51,42.68,51.08,49.6,48.79,52.29
3057,喬鼎,26.14,28.38,25.4,29.81,31.16,34.93,32.48,35.45,43.49
3058,立德,45.19,43.41,46.17,47.97,49.16,50.05,50.87,51.29,51.25
3059,華晶科,37.48,36.1,38.56,39.83,40.68,38.48,38.39,36.7,36.97
3060,銘異,34.64,29.96,36.73,37.97,40.6,39.14,43.01,45.3,41.9
3062,建漢,33.71,34.22,31.46,34.86,33.49,31.06,30.84,36.7,30.35
3064,泰偉,38.19,35.34,39.41,42.29,56.05,63.37,68.07,74.57,48.6
3066,李洲,43.48,43.89,43.94,44.58,49.26,49.68,48.19,49.21,49.4
3067,全域,21.82,18.1,24.91,29.22,27.57,25.09,28.59,28.24,30.02
3068,美磊,63.03,59.13,57.98,56.31,55.36,52.17,55.66,48.17,46.97
3071,協禧,40.49,39.55,38.62,37.11,39.31,39.35,39.04,46.78,42.5
3073,凱柏實業,44.19,45.46,45.09,40.58,41.95,42.21,40.29,40.11,43.71
3078,僑威,37.71,32.74,37.94,39.52,34.34,31.86,39.5,42.16,41.92
3083,網龍,15.42,17.48,16.75,14.56,13.04,11.34,12.38,13.09,13.97
3085,新零售,17.26,16.26,17.57,15.32,29.52,19.1,21.62,27.81,42.08
3086,華義,60.04,62.99,66.81,71.45,72.03,79.42,73.44,75.21,62.11
3088,艾訊,41.88,34.97,45.44,39.7,46.69,43.33,39.41,34.18,37.14
3089,遠昇,19.83,19.74,37.24,41.8,50.62,55.67,63.34,62.75,60.97
3090,日電貿,54.11,50.5,54.65,58.96,57.99,52.35,56.18,54.92,52.72
3092,鴻碩,52.37,49.72,51.32,52.95,49.42,46.32,48.26,46.88,46.93
3093,港建,23.36,19.16,30.88,19.88,21.22,21.77,23.72,15.68,18.47
3094,聯傑,6.62,5.92,13.3,5.2,6.07,5.81,5.6,5.06,5.19
3095,及成,84.43,84.82,92.56,94.47,82.73,82.25,81.3,80.26,83.08
3105,穩懋,28.63,25.69,29.48,28.13,30.64,32.1,36.81,33.93,30.31
3114,好德,46.34,44.8,49.31,49.48,47.17,46.73,49.6,48.4,49.47
3115,寶島極,46.02,39.19,38.04,35.57,36.49,37.87,38.2,35.3,34.02
3118,進階,,,,,,,,,
3122,笙泉,23.37,20.44,20.8,21.12,19.4,16.59,17.67,14.49,13.77
3126,,,,,,,,,,
3128,昇銳,37.72,39.3,38.84,36.75,35.25,36.73,35.98,36.84,34.97
3130,一零四,39.62,29.89,40.02,30.64,31.84,31.18,45.21,33.68,34.52
3131,弘塑,48.03,48.16,60.54,52.33,52.02,47.36,52.31,45.3,44.68
3141,晶宏,21.06,20.01,20.48,19.13,19.75,16.54,20.48,17.76,19.85
3144,新揚科,45.58,44.89,45.21,49.46,49.91,51.09,50.18,51.75,50.78
3149,正達,86.28,84.69,82.35,77.79,79.44,77.28,76.91,70.19,71.27
3152,璟德,,,,,,,,,
3162,精確,50.23,50.61,52.41,55.97,61.81,61.44,59.82,53.06,30.79
3163,波若威,38.55,43.15,42.91,42.35,36.29,35.1,38.18,32.18,33.92
3164,景岳,8.17,7.4,7.29,8.04,8.84,8.25,7.58,8.61,8.63
3167,大量,48.11,49.35,55.01,55.21,57.95,60.32,63.42,63.94,63.63
3169,亞信,12.09,10.46,17.31,9.34,9.24,10.35,16.08,10.11,10.38
3171,新洲,65.05,62.05,61.95,61.14,59.39,58.58,56.96,57.22,54.18
3176,基亞,22.92,21.87,23.95,22.2,26.64,27.07,30.42,29.46,34.38
3188,鑫龍騰,8.11,6.67,2.95,41.15,43.54,38.02,61.69,58.82,54.5
3189,景碩,27.7,25.85,29.26,26.16,24.82,23.85,28.36,30.92,29.24
3191,和進,31.63,31.66,35.95,38.92,41.21,34.93,34.78,37.14,22.44
3202,樺晟,57.03,53.21,55.31,57.77,59.34,56.6,56.63,58.64,60.88
3205,佰研,36.84,24.5,28.26,13.49,14.2,11.04,18.06,8.09,9.14
3206,志豐,36.81,36.06,44.47,44.86,48.34,47.53,49.56,46.32,47.78
3207,耀勝,57.28,52.74,54.33,56.14,54.8,55.53,59.83,63.05,67.15
3209,全科,71.05,73.56,76.8,78.67,80.13,79.29,79.12,81.35,76.15
3211,順達,54.92,56.24,57.25,58.62,57.08,54.65,57.58,57.34,57.65
3213,茂訊,,23.43,35.99,28.61,26.23,26.01,35.92,27.39,26.82
3217,優群,25.44,19.94,24.62,24.21,25.55,20.11,28.54,26.12,26.39
3218,大學光,39.16,35.84,37.96,35.56,33.45,31.87,25.29,21.25,21.03
3219,倚強,8.47,11,8.39,2.99,1.75,22.41,19.87,16.4,14.98
3221,台嘉碩,29.07,29.03,35.44,38.31,25.24,26.8,31.21,29.36,28.89
3224,三顧,49.22,48.56,49.27,42.57,42.85,23.46,24.2,23.16,23.11
3226,至寶電,24.46,21.24,32.31,23.02,27.82,22.5,32.37,29.68,30.6
3227,原相,17.02,15.46,22.52,18.92,19.61,17.66,24.1,18.61,18.65
3228,金麗科,,,,,,,,,
3229,晟鈦,28.11,29.15,26.91,31.46,33.59,27.34,27.35,30.56,28.37
3230,錦明,40.45,36.98,32.29,32.61,33.7,31.5,33.17,32.78,31.76
3231,緯創,76.16,72.87,75.33,77.83,75.96,75.18,76.78,80.24,79.67
3232,昱捷,33.23,31.81,32.38,30.76,32.28,37.95,42.23,57.3,58.14
3234,光環,47.38,44.15,55.45,45.07,43.31,48.78,59.6,63.33,60.67
3236,千如,44.72,43.67,42.97,45.48,45.16,45.16,45.58,48.64,48.16
3252,海灣,67.22,67.75,67.92,66.1,62.16,62.85,57.84,56.95,57.95
3257,虹冠電,10.4,10,11.46,8.62,9.77,6.64,10.69,10.79,8.44
3259,鑫創,11.78,13.35,10.73,11.29,8.17,8.3,9.46,14.63,10.23
3260,威剛,63.75,65.57,66.01,66.57,63.8,61.67,64.84,66.1,65.24
3264,欣銓,28.86,27.61,29.58,31.87,32.66,30.44,35.25,38.84,37.47
3265,台星科,58.24,58.41,58.29,49.73,46.53,41.83,34.17,30.37,28.67
3266,昇陽,43.09,43.2,44.24,39.11,39.26,38.72,40.16,39.98,41.96
3268,海德威,29.17,27.45,44.44,46.02,45.73,48.38,51.76,51,47.58
3272,東碩,45.85,44.71,48.01,49.57,52.25,48.88,53.3,53.78,52.25
3276,宇環,46.58,46.79,56.91,59.62,56.23,56.05,59.02,57.18,56.43
3284,太普高,21.95,21.22,22.18,19.49,19.42,16.04,19.43,15.66,18.99
3285,微端,30.92,29.36,33.88,34.12,37.31,32.46,37.1,36.66,39.55
3287,廣寰科,16.38,16.5,16.51,15.87,23.49,15.73,20.45,17.75,22.12
3288,點晶,64.85,67.16,71.88,75.55,77.84,79.47,81.39,64.16,58.6
3289,宜特,52.08,43.99,50.44,54.27,55.77,47.51,54.95,59.88,63.41
3290,東浦,48.87,43.07,45.48,48.03,50.09,47.83,49.19,51.45,54.74
3291,遠翔科技股份有限公司(下櫃),,,,,,,,,
3293,鈊象,18.09,19.49,26.92,20.01,22.64,21.1,34.53,17.73,18.76
3294,英濟,52.17,48.7,46.87,46.52,44.96,45.32,47.45,46.65,45.84
3296,勝德,29.31,27.21,28.92,31.34,31.47,29.09,35.71,35.21,32.15
3297,杭特,14.91,14.14,15.12,16.63,14.91,11.29,13.68,15.47,17.68
3299,帛漢,41.75,34.57,44.34,39.69,41.28,35.44,44.2,43.66,41.17
3303,岱稜,41.69,38.42,41.99,40.46,38.06,39.52,44.53,44.78,44.16
3305,昇貿,37.98,37.58,39.39,37.46,38.5,40.57,44.45,42.89,43.5
3306,鼎天,16.21,16.53,21.14,15.07,19.63,11.34,16.61,17.98,16.51
3308,聯德,57.73,55.17,54.42,56.69,54.89,53.98,52.96,53.84,54.99
3310,佳穎,61.07,59.59,62.44,70.31,69.2,70.2,71.56,76.15,73.75
3311,閎暉,40.6,38.78,38.71,37.84,37.83,37.63,18.68,20.69,21.83
3312,弘憶國際,68.54,61.31,57.03,57.02,54.18,52.39,64.09,70.09,65.95
3313,斐成,33.83,34.6,35.95,36.07,21.96,17.66,12.46,14.1,11.78
3315,宣昶(下市),,,,,,,,,
3317,尼克森,40.57,35.03,37.5,38.85,35.83,29.22,28.4,24.71,29.74
3322,建舜電,49.81,48.92,49.43,52.6,54.09,54.13,56.01,57.18,57.85
3323,加百裕,37.75,33.88,39.13,42.75,48.39,44.06,50.05,51.62,50.13
3324,雙鴻,59.77,59.43,57.81,57.8,51.06,46.44,55.27,56.36,57.32
3325,旭品,34.61,36.6,34.16,36.59,36.67,38.04,38.97,41.13,43.04
3332,幸康,13.91,12.62,20.56,14.48,15.67,14.89,22.31,17.51,18.18
3338,泰碩,54.39,49.15,53.19,55.54,57.31,54.67,60.96,60.1,61.53
3339,泰谷,56.47,58.54,58.34,64.27,63.81,64.5,59.98,60.02,59.69
3354,律勝,11.12,6.05,6.52,19.47,18.8,21.85,22.16,23.65,25.88
3356,奇偶,14.77,20.94,34.73,37.63,41.55,34.86,39.41,37.14,39.67
3360,尚立,72.34,67.19,70.77,77.72,76.14,74.7,76.76,71.44,58.05
3362,先進光,38.18,38.16,37.64,37.58,38.04,38,38.46,38.07,39.01
3363,上詮,24.89,22.03,21.31,19.22,24.11,24.81,25.94,21.96,25.31
3372,典範,,,,,,,,,
3373,熱映,17.61,15.21,23.92,15.46,15.99,15.04,17.95,15.85,16.76
3374,精材,,,,,,,,,
3376,新日興,31.31,30.89,35.58,31.97,27.01,27.28,26.58,24.89,25.83
3379,彬台,38.34,40.33,40.26,45.97,39.23,37.57,37.83,41.34,34.82
3380,明泰,41.24,41.62,44.22,40.4,40.27,37.75,41.11,38.78,36.65
3383,新世紀,50.9,51.38,52.03,54.42,64.54,66.91,68.92,68.06,70.29
3388,崇越電,28.3,24.65,32.77,28.71,30.85,27.73,34.45,30.03,31.29
3390,旭軟,13.96,11.49,14.17,13.36,14.17,20,27.78,27.16,27.62
3402,漢科,61.51,63.43,58.88,59.78,60.04,58.73,58.63,56.88,56.48
3406,玉晶光,52.52,48.96,49.66,46.73,43.08,39.33,40.6,42.39,40.39
3416,融程電,13.83,12.05,22.92,13.55,15.94,13.53,23.25,14.68,14.82
3419,譁裕,35.96,33.18,34.27,33.81,36.27,34.08,30.46,30.86,31.27
3428,光燿科,32.31,30.86,38.93,36.76,31.82,30.53,30.1,35.48,34.53
3431,長天,50.15,53.49,60.15,60.85,62.21,23.08,21.88,30.42,34.72
3432,台端,26.46,24.31,22.73,25.48,24.59,25,23.21,20.15,13.62
3434,哲固,51.63,45.24,49.33,47.64,45.66,46.44,53.66,54.08,56.72
3437,榮創,37.47,33.64,37.67,41.27,43.11,36.72,37.23,40.75,41.51
3438,類比科,29.16,32.01,33.81,31.86,24.61,22.27,20.33,20.21,21.18
3441,聯一光,7.72,7.28,7.33,9.8,9.28,9.57,16.82,13.81,11.3
3443,創意,34.7,35.4,42.79,38.23,43.63,37.75,48.36,51.63,51.21
3444,利機,32.57,31.98,32.27,32.3,34.01,30.71,33.08,30.81,32.47
3450,聯鈞,37.51,36.13,40.48,31.9,33.13,30.32,39.45,28.21,28.4
3452,益通,15.44,17.03,14.19,16.03,16.76,16.52,15.9,17.46,19.07
3454,晶睿,26.13,24.7,34.82,26.74,26.86,26.56,40.95,34.3,32.8
3455,由田,28.01,32.42,47.35,54.35,51.98,58.69,61.25,61.43,49.06
3465,祥業,62.46,59.18,68.05,66.91,62.04,51.75,34.98,40.39,46.22
3466,致振,24.46,27.62,29.14,27.66,29.99,29.62,34.22,30.14,36.54
3474,華亞科(下市),14.29,15.22,16.86,15.06,,,,,
3479,安勤,28.61,29.49,36.98,34.32,31.02,31.39,38.49,36.15,33.23
3481,群創,40.05,36.57,38.54,39.32,39.16,34.49,34.99,31.93,36.29
3483,力致,46.14,45.53,43.93,46.33,50.26,47.23,49.17,50.36,52.47
3484,崧騰,44.72,42.36,48.17,49.63,53.37,50.71,53.29,49.9,51.14
3489,森寶,59.3,59.74,62.06,58.06,60.36,64.2,64.81,63.68,65.52
3490,單井,28.3,16.04,18.47,17.19,21.66,21.47,23.93,25.16,24.35
3491,昇達科,24.1,22.74,31.67,22.69,23.13,22.94,30.52,28.24,27.97
3494,誠研,33.34,34.49,35.28,36.55,36.99,38.82,40.89,41.39,39.49
3498,陽程,34.02,26.72,27.67,28.41,28.49,23.49,27.16,24.88,24.09
3499,環天科,26.49,29.42,32.92,35.66,35.56,38.62,37.24,37.1,39.26
3501,維熹,21.86,18.68,25.36,24.6,21.87,21.71,29.93,31.47,32.63
3504,揚明光,27.39,28.71,33.17,33.83,35.21,34.67,33.94,37.13,37.25
3508,位速,44.19,34.96,34.11,35.44,37.33,47.42,56.89,61.69,53.55
3511,矽瑪,39.23,38.59,45.69,46.3,46.78,44,47.04,37.86,43.33
3512,能緹,42.53,35.37,36.83,37.71,41.54,49.67,60.59,69.6,69.11
3514,昱晶,37.16,32.36,31.79,35.95,36.83,35.9,37.23,34.62,36.83
3515,華擎,27.97,25.81,26.17,28.41,30.37,31.39,41.68,37.78,36.52
3516,亞帝歐,17.02,16.48,14.71,16.53,18.23,17.55,19.41,20.97,21.46
3518,柏騰,17.95,16.45,19.55,19.67,18.93,16.85,20.27,19.61,20.73
3519,綠能,67.12,63.31,61,64.13,65.31,65.99,67.25,66.62,64.04
3520,振維,60.9,60.34,60.56,60.71,48.59,48.55,50.39,54.7,58.57
3521,鴻翊,,,,,,,,,
3522,宏森,46.54,36.41,32.94,26.85,28.55,26.81,25.56,40.69,40.42
3523,迎輝,68.51,71.18,73.8,77.43,84.53,87.98,92.42,58.52,62.31
3526,凡甲,31.67,28.22,31.39,38.31,36.18,38.89,49.59,42.22,42.8
3527,聚積,21.66,28.67,34.98,29.47,29.08,23.18,35.32,31.88,35.51
3528,安馳,,,,,,,,,
3529,力旺,10.74,11.82,31.26,12.67,12.49,11.59,31.62,14.7,13.99
3531,先益,26.82,24.36,24.66,26.64,27.63,25.98,28.3,28.08,28.25
3532,台勝科,9.16,7.65,15.81,7.19,7.94,7.18,9.84,8.34,10.58
3533,嘉澤,25.5,20.23,24.75,27.92,23.89,21.94,25.45,27.91,28.26
3535,晶彩科,55.23,52.21,57.3,63.93,50.61,51.26,55.17,53.27,60.68
3536,誠創,44.22,48.21,47.73,52.88,50.67,47.4,46.82,44.32,50.39
3537,堡達,39.57,35.19,40.32,37,43.41,37.25,37.98,43.13,39.84
3540,曜越,44.69,43.89,44.03,46.65,49.99,46.73,49.51,49.58,53.06
3541,西柏,34.57,38.25,48.14,44.03,44.84,45.79,53.71,47.3,44.78
3545,敦泰,23.92,22.68,22.89,19.67,23.53,21.44,23.53,27.86,20.68
3546,宇峻,11.8,10.31,10.54,13.74,18.06,14.51,22.82,16.41,20.09
3548,兆利,43.34,43.42,46.09,43.7,39.92,35.91,40.51,39.72,39.51
3550,聯穎,38.66,37.26,39.08,40.26,41.62,41.64,44.47,44.5,44.94
3551,世禾,19.78,19.26,25.26,26,27.8,27.37,28.79,28.17,28.11
3552,同致,55.57,55.31,58.35,54.28,56.19,52.9,58.63,56.09,57.39
3553,,,,,,,,,,
3555,重鳥鵬,39.61,8.51,5.35,5.73,6.27,1.61,4.25,7.32,5.07
3556,禾瑞亞,20.97,18.25,33.44,21.01,20.61,16.84,31.05,19.96,18.06
3557,嘉威,36.75,37.89,38.43,35.37,31.18,13.12,9.03,9.65,11.72
3558,神準,47.62,46.9,56.93,48.3,50.42,49.9,58.38,59.44,59.59
3559,全智科(下市),,,,,,,,,
3561,昇陽光電,40.12,38.84,37.59,35.81,37.94,38.53,39.39,40.5,37.61
3562,頂晶科,78.43,80.56,85.45,93.83,96.99,34,24.19,29.08,35.16
3563,牧德,16.95,17.88,29.2,22.91,22.88,22.23,32.36,25.7,27.58
3564,其陽,49.6,45.45,52.24,50.55,45.78,46.29,50.07,56.28,60.17
3567,逸昌,,,,,,,,,
3570,大塚,23.2,15.92,31.87,20.48,16.97,16.89,22.64,17.77,16.16
3573,穎台(下市),,,,,,,,,
3576,新日光,47.94,45.63,44.44,46.24,54.74,57.57,58.83,63.43,66.89
3577,泓格,26.12,25.74,31.96,29.62,23.52,23.43,26.62,22.73,21.89
3579,尚志,65.11,61.35,59.34,62.96,64.19,64.54,65.74,65.15,62.64
3580,友威科,63.27,65.64,65.67,65.98,64.21,73.29,72.31,57.62,55.95
3581,博磊,22.19,19.96,27.63,20.73,43.25,41.58,44.3,43.03,44.2
3583,辛耘,46.86,49.2,48.61,39.46,38.73,32.04,39.8,35.76,35.72
3584,介面光電(下市),,,,,,,,,
3587,閎康,24.18,30.18,32.7,35.58,24.48,21.13,32.63,31.02,20.58
3588,通嘉,15.11,15.16,21.51,20.92,20.59,15.51,20.62,15.3,18.56
3591,艾笛森,25.89,27.84,30.42,25.08,26.1,24.12,21.6,21.31,23.34
3593,力銘,47.3,50.08,53.82,55.51,59.7,60.37,62,62.9,61.28
3594,磐儀,43.44,46.2,46.67,50.52,51.36,54.47,52.66,49.73,49.03
3596,智易,38.67,43.29,40.33,39.52,40.23,39.7,46.93,44.43,42.73
3598,奕力(下市),34.32,33.67,,,,,,,
3605,宏致,45.45,43.9,40.01,39.94,40.07,38.15,41.48,46.63,47.2
3607,谷崧,36.85,35.57,41.7,42.53,42.65,43.1,46.9,42.18,43.77
3609,東林,44.77,43.27,47.13,43.77,46.27,45.56,46.45,44.95,40.46
3611,鼎翰,52.97,56.75,63.74,59.14,56.26,55.74,60.32,52.43,51.08
3615,安可,16.13,15.34,16.79,15.53,15.52,14.71,14.45,13.68,14.97
3617,碩天,28.11,26.01,33.9,30.25,28.45,43.92,53.38,53.09,53.22
3622,洋華,17.38,15.88,14.94,15.84,15.49,13.81,13.05,12.04,9.3
3623,富晶通,,,,,,,,,
3624,光頡,26.44,23.23,32.59,24.66,24.71,22.82,24.4,21.79,23.81
3625,西勝,61.2,59.7,60.84,61.28,55.59,52.93,54.07,54.73,53.77
3628,盈正,40.96,37.58,42.04,43.25,43.08,37.75,41.57,41.67,42.87
3629,地心引力,61.6,44.36,55.22,57.47,42.11,40.76,45.21,42.38,26.57
3630,新鉅科,43.16,42.02,44.71,45.12,47.47,40.56,41.75,28.48,29.25
3631,晟楠,38.39,38.67,38.98,37.63,36.46,39.12,39.61,40.48,42.93
3632,研勤,58.05,58.16,62.06,64.38,69.22,69.07,67.24,56.39,51.26
3642,駿熠電,29.5,26.2,26.1,29.03,31.8,28.95,27.38,27.03,40.57
3645,達邁,41.45,41.16,42.89,38.97,36.55,34.12,40.25,37.23,36.16
3646,艾恩特,25.26,23.64,25.44,21.08,23.9,19.47,26.71,23.33,23.24
3652,精聯,30.13,31.18,37.32,37.98,35.34,29.78,37.9,34.79,30.27
3653,健策,14.73,11.74,18.89,21.82,15.91,19.72,25.02,21.18,22.13
3658,漢微科(下櫃),,,,,,,,,
3661,世芯-KY,27.79,22.74,23,15.41,22.23,18.42,33.69,19.31,12.88
3662,,,,,,,,,,
3663,鑫科,36.52,34.91,24.77,24.92,24.44,26.5,20.53,17.87,12.05
3664,安瑞-KY,23.16,21.58,25.88,26,26.04,23.96,27.64,39.19,24.99
3665,貿聯-KY,38.09,50.39,53.92,46.09,46.4,40.06,46.37,44.23,45.2
3666,光耀,29.79,30.08,32.73,31.13,33.02,28.86,29.92,31.53,30.73
3669,圓展,11.79,11.5,14.97,15.66,15.47,12.81,16.02,14.15,13.16
3673,TPK-KY,72.64,66.29,67.31,68.51,66.46,64.5,62.69,58.06,55.2
3675,德微,17.32,15.46,19.44,17.65,20.09,20.21,33.59,27.36,25.41
3679,新至陞,35.7,32.44,36.95,37.89,36.33,35.42,43.66,43.96,43.59
3680,家登,65.84,68.97,70.94,70.83,67.21,66.31,65.48,58.77,59.86
3682,亞太電,11.78,13.02,12.87,13.12,13.61,13,13.76,12.48,14.45
3684,榮昌,31.6,27.35,33.65,29.71,26.08,24.07,36.84,28.47,41.25
3685,元創精密,23.08,21.75,27.32,29.34,29.38,29.88,30.52,30.15,29.97
3686,達能,,,,,,,,,
3687,歐買尬,30.35,32.81,34.87,36.62,40.86,40.4,43.5,45.56,50.51
3689,湧德,41.2,38.1,40.27,40.74,41.79,43.12,44.55,43.16,43.98
3691,碩禾,55.02,50.56,65.61,61.73,58.84,57.59,63.21,64.09,65.78
3693,營邦,38.24,40.41,44.83,44.75,39.31,37.72,44.02,41.98,44.09
3694,海華,55.3,49.77,48.69,51.14,50.23,48.61,55.4,58.74,56.7
3698,隆達,37.48,31.02,33.85,33.73,34.89,33.01,33.75,32.47,26.08
3701,大眾控,71.06,69.07,69.22,66.74,62.95,62.22,59.38,56.87,55.87
3702,大聯大,73.01,71.02,73.16,73.29,71.89,72.4,72.37,73.08,70.86
3703,欣陸,62.4,62.51,63.99,62.84,61.54,60.82,62.04,62.7,63.57
3704,合勤控,47.54,47.95,46.59,45.16,42.05,42.03,42.54,45.84,44.6
3705,永信,33.52,32.44,43.21,40.22,40.96,41.38,45.82,45.15,45.34
3706,神達,25.7,25.57,31.01,35.09,31.06,30.76,33.66,30.42,26.36
3707,漢磊,46.3,36.88,41.43,40.59,43.38,44.8,44.07,35.15,41.66
4102,永日,,,,,,,,,
4103,百略,36.39,33.1,42.86,38.96,35.26,30.08,41.18,38.24,35.19
4104,佳醫,47.63,48.21,50.23,49.64,50.62,46.59,48.5,45.87,46.33
4105,東洋,35.47,31.43,40.52,37.98,35.31,33.49,43.39,41.13,35.71
4106,雃博,33.19,35.93,38.09,36.04,39.87,38.83,41.46,38.9,37.77
4107,邦特,24.21,23.22,27.73,20.68,18.97,18.45,26.21,18.92,18.49
4108,懷特,1.85,1.18,4.45,4.25,4.52,3.92,4.33,4.65,5.23
4109,穆拉德加捷,37.73,36.41,38.9,40.2,41.57,41.08,40.69,38.94,47.05
4111,濟生,31.11,30.22,30.64,29.91,28.84,30.99,31.46,30.37,28.91
4113,聯上,,,,,,,,,
4114,健喬,34.37,40.01,40.65,33.04,35.89,37.3,39.59,42.17,47.15
4119,旭富,20.1,19.43,21.53,11.67,13.5,11.61,21.17,11.88,11.1
4120,友華,38.18,37.37,42.62,40.11,39.63,36.39,37.83,37.61,38.41
4121,優盛,45.63,44.77,45.31,47.36,39.32,40.82,40.61,44.71,43.93
4123,晟德,46.68,48.22,47.06,46.42,47.87,49.17,53.04,54.45,55.95
4126,太醫,24.44,24.07,32.78,32.12,34.06,33.09,42.2,39.62,37.88
4127,天良,44.55,43.58,45.12,44.71,45.13,45.43,56.64,42.31,39.8
4128,中天,9.05,8.81,9.28,9.47,9.12,8.75,8.64,8.58,9.38
4129,聯合,31.63,28.89,35.91,38.39,39.05,53.38,54.1,52.77,48.36
4130,健亞,15.61,12.63,13.77,13,15,16.56,17.79,18.25,21.65
4131,晶宇,,,,,,,,,
4133,亞諾法,6.59,5.89,8.52,6.29,5.77,6.51,7.9,8.06,6.06
4137,麗豐-KY,33.94,30.69,42,33.34,36.54,35.15,42.78,35.4,35.42
4138,曜亞,34.28,33.92,38.47,34.24,37.52,36.29,41.65,36.02,39
4139,馬光-KY,51.6,51.2,51.08,52.59,54.93,51.77,50.23,49.3,50.68
4141,龍燈-KY,64.33,64.57,63.34,63.42,66.05,66.89,68.35,66.48,66.62
4142,國光生,32.19,33.03,38.12,41.53,54.39,55.24,55.2,55.49,59.11
4144,康聯-KY,23.22,23.91,27.48,39.11,35.79,33.17,33.95,32.99,30.22
4152,台微體,9.45,8.56,8.51,9.43,14.07,14.92,16.23,20.12,21.8
4153,鈺緯,39.49,40.13,45.05,40.78,33.6,47,33.15,37.21,24.01
4154,康樂-KY,30.92,32.01,34.42,30.05,41.36,35.62,35.63,56.03,38.89
4157,太景*-KY,29.4,15.4,15.06,14.59,17.95,53.48,5.79,6.3,6.42
4160,創源,18.1,18.42,16.49,16.31,20.65,16.25,15.48,15.3,17.69
4161,聿新科,28.02,29.13,31.86,29.64,31.51,33.51,40.97,40.48,43.31
4162,智擎,2.45,2.03,7.84,0.67,4.05,3.7,10.19,1.36,4.86
4163,鐿鈦,40.16,38.86,44.97,46.52,45.67,43.56,52.12,50.07,49.07
4164,承業醫,43.82,43.16,49.48,49.22,49.21,48.82,52.85,53.03,53.61
4168,醣聯,3.17,2.16,2.3,2.26,2.46,2.14,2.01,1.31,1.35
4171,瑞基,33.7,34.75,34.03,39.1,44.85,48.35,49.69,52.8,58.42
4173,久裕,82.39,83.3,83.43,83.95,84.2,81.19,81.05,80.32,80.22
4174,浩鼎,1.74,2.23,0.54,0.43,2.64,1.83,1.69,1.75,2.5
4175,杏一,62.16,59.73,67.54,65.21,71.62,68.94,70.56,67.28,69.79
4180,安成藥,7.06,7.03,6.15,6.28,5.77,14.35,3.69,4.06,10.75
4188,安克,,,,,,,,,
4192,杏國,17.96,18.18,19.7,13.15,13.32,10.47,11.93,13.05,14.81
4198,環瑞醫,21.6,23.71,24.23,27.22,29.35,31.4,35.53,39.65,40.77
4205,中華食,,,,,,,,,
4207,環泰,46.45,46.57,47.09,47.24,45.44,45.81,44.94,42.18,41.85
4303,信立,26.04,27.52,26.87,25.91,27.8,26.35,17.38,39.15,22.29
4304,勝昱,47.27,47.46,51.76,52.47,50.53,54.25,57.76,57.71,58.64
4305,世坤,,,,,,,,,
4306,炎洲,67.91,68.33,70.1,70.51,71.27,72.67,72.41,72.88,74.19
4401,東隆興,46.36,45.54,52.09,48.8,44.94,45.83,54.43,50.08,49
4402,福大,88.38,75.61,77.36,68.32,67.93,70.4,72.72,77.17,76.58
4406,新昕纖,,,,,,,,,
4413,飛寶企業,,,,,,,,,
4414,如興,60.6,57.79,56.05,53.93,57.01,59.35,11.17,47.77,47.1
4415,台原藥,72.55,88.77,98.03,49.72,66.25,81.46,86.14,95.41,71.08
4416,三圓,42.25,43.72,57.01,58.91,60.73,61.55,65.35,66.96,71.42
4417,金洲,38.61,36.36,37.59,34.13,35.76,38.73,42.81,39.16,39.64
4419,元勝,,,,,,,,,
4420,光明,,,,,,,,,
4426,利勤,34.91,37.09,35.86,36.93,36.55,38.88,40.3,39.01,38.48
4429,聚紡,23.28,24.22,24.73,21.59,21.28,21.64,23.8,22.24,23.01
4430,耀億,31.8,30.84,33.24,34.72,34.77,36,33.22,35.05,36.39
4432,銘旺實,23.72,20.54,27.73,15.08,22.97,18.52,26.44,15.46,22
4433,興采,37.45,37.56,39.45,43.67,41.59,43.42,45.49,46.23,47.68
4502,健信,76.87,78.02,76.18,75.17,74.66,72.6,69.13,66.77,66.19
4503,金雨,38.88,37.83,36.48,35.13,35.28,22.09,14.96,11.74,15.1
4506,崇友,49.38,42.41,45.82,38.86,40.04,32.28,40.74,36.87,34.89
4510,高鋒,47.88,47.79,49.83,48.92,50.72,51.89,52.23,54.27,55
4513,福裕,61.24,61.3,65.35,65.6,65.51,66.95,68.6,68.4,68.76
4523,永彰,32.42,33.31,32.58,33.61,38.07,37.62,36.01,35.9,39.91
4526,東台,55.34,55.84,59.58,60.67,59.12,61.08,63.72,66.07,67.73
4527,方土霖,37.38,33.05,40.94,40.16,40.85,36.28,42.89,40.53,40.61
4528,江興鍛,46.98,44.73,49.91,48.77,49.42,48.55,51.94,51.28,50.74
4529,淳紳,10.03,10.07,10.44,7.66,8.87,9.28,8.34,15.71,17.05
4530,宏易,37.68,35.91,40.66,13.79,5.86,5.19,5.32,5.49,6.23
4532,瑞智,53.48,52.95,57.16,54.73,56.13,54.74,59.72,59.53,60.92
4533,協易機,54.12,53.72,54.49,55.98,55.72,55.37,58.96,56.23,56.86
4534,慶騰,45.73,45.08,53.73,61.86,60.69,63.95,67.56,57.71,54.67
4535,至興,22.66,20.1,23.06,17.09,19.55,17.69,22.25,17.75,18.64
4536,拓凱,36.73,35.7,42.18,43.05,41.18,42.91,49.69,49.06,48.82
4541,晟田,,,,,,,,,
4542,科嶠,25.15,25.28,31.24,35.76,31.6,39.31,40.08,38.7,37.73
4549,桓達,15.03,14.5,22.71,16.67,15.69,17.5,22.42,15.91,15.64
4550,長佳,57.25,58.76,63.17,62.1,60.87,57.94,62.24,60.22,58.73
4609,唐鋒,46.98,49.84,54.69,55.45,44.44,42.73,45.37,57.27,56.01
4702,中美實,25.87,17.1,18.67,17.77,21.58,20.4,19.94,18.87,23.17
4703,,,,,,,,,,
4706,大恭,23.4,17.62,22.58,17.57,22.58,15.65,19.14,14.89,16.81
4707,磐亞,44.18,45.41,46.14,45.56,42.65,,,,
4711,永純,21.67,20.66,22.18,19.78,21.88,21,25.58,22.39,24.33
4712,南璋,2.03,1.5,1.71,2.82,2.61,3.46,4.62,5.26,6.04
4714,永捷,27.03,23.36,28.98,23.78,17.62,14.55,12.73,8.34,9.57
4716,大立,22.48,22.3,24.11,23.54,23.59,22.45,33.9,29.82,32.88
4720,德淵,41.83,41.9,45.08,48.28,51.65,50.72,52.33,53.52,52.68
4721,美琪瑪,34.67,29.56,36.03,34.75,35.16,45.95,48.75,50.25,48.5
4722,國精化,37.11,25.84,31.66,31,33.12,30.09,36.34,35.79,35.8
4725,信昌化,,,,,,,,,
4726,永昕,,,,,,,,,
4728,雙美,7.36,7.49,6.34,6.85,7.06,7.09,7.51,9.17,13.35
4729,熒茂,62.27,62.05,55.22,59.44,59.8,54.28,56.15,55.66,55.31
4733,上緯企業(下市),,,,,,,,,
4735,豪展,45.73,38.6,49.34,50.47,45.6,44.04,56.21,56.08,54.69
4736,泰博,32.83,31.32,40.18,36.68,39.3,46.18,53.51,49.35,47.58
4737,華廣,44.35,41.68,45.57,42.78,44.33,43.79,53.58,54.84,52.51
4739,康普,52.79,50.69,53.29,52.49,52.54,53.39,56.14,44.31,43.18
4743,合一,,,1.75,1.86,1.23,,0.81,0.99,1.05
4745,合富-KY,51.83,52.06,53.73,55.12,53.58,54.41,56.25,54.93,54.16
4746,台耀,46.37,45.3,46.94,41.6,39.07,38.13,43.5,42.31,43.37
4747,強生,,,,,,,,,
4755,三福化,26.79,27.33,27.71,25.7,25.48,23.26,27.3,25.38,24.29
4903,聯光通,22.7,18.98,22.49,15.95,22.01,20.41,18.86,20.77,21.5
4904,遠傳,46.92,46.74,54.02,50.62,45.99,42.16,50.66,45.54,46.92
4905,台聯電,1.27,1.28,3.76,1.98,2.38,1.94,3.88,3.5,5.01
4906,正文,45.04,43.56,46.26,42.72,38.13,39.98,38.78,35.92,36.97
4907,富宇,,,,,,,,,
4908,前鼎,,,,,,,,,
4909,新復興,19.46,17.86,20.54,23.99,24.36,24.35,29.06,24.01,24.5
4911,德英,,,,,,,,,
4912,聯德控股-KY,44.24,44.92,53.48,51.44,52.92,53.61,58.83,61.42,65.66
4915,致伸,69.05,62.12,65.27,68.03,67.02,59.26,63.99,64.91,65.63
4916,事欣科,39.49,49.06,60.13,58.38,55.32,58.5,62,58.91,57.95
4919,新唐,41.01,41.26,46.77,41.27,42.72,41.12,46.86,40.53,40.43
4924,欣厚-KY,33.93,30.4,34.55,34.53,36.1,36.77,37.37,38.63,36.74
4927,泰鼎-KY,61.2,59.5,62.88,63.27,63.4,63.79,66.93,64.43,60.79
4930,燦星網,46.24,41.58,43.12,46.26,46.62,43.72,47.08,47.26,47.83
4933,友輝,38.32,16.33,21.06,17.01,16.35,13.13,16.42,14.19,13.35
4934,太極,33.24,32.39,29.73,24.81,30.53,32.18,38.75,37.83,41.82
4935,茂林-KY,32.5,28.73,33.78,31.88,30.45,28.7,33,31.25,31.22
4938,和碩,59.6,53.59,58.9,64.21,59,53.76,59.72,67.98,63.19
4939,亞電,47.4,43.64,38.41,41.1,37.73,40.64,39.33,41.79,38.43
4942,嘉彰,29.07,25.53,25.07,24.88,26.49,28.08,28.62,28.47,29.99
4944,兆遠,45.15,44.78,47.13,51.54,53.84,54.25,56.7,58.05,60.17
4946,辣椒,56,59.22,57.29,60,55.08,51.46,40.15,38.34,45.08
4947,昂寶-KY,24.97,20.92,26.95,20.68,23.22,22.25,31.07,24.61,25.42
4950,牧東,48.15,40.63,51.27,52.49,49.6,49.71,57.27,57.86,57.17
4952,凌通,26.23,20.84,39.48,26.58,26.1,21.7,43.03,30.11,26.85
4953,緯軟,45.64,42.84,45.98,46.72,46.12,42.68,47.03,43.95,46.14
4956,光鋐,32.42,34.41,35.06,33.27,30.45,30.16,28.86,30.69,31.22
4958,臻鼎-KY,53.7,51.09,54.07,56.38,59.72,54.69,58.76,62.55,55.33
4960,奇美材,26.95,26.3,22.09,26.63,36.9,42.28,43.72,42,43.38
4965,商店街,54.47,55.77,55.84,56.2,55.56,56.43,53,66.34,84.11
4966,譜瑞-KY,21.6,22.85,25.21,20.46,23.9,23.68,29.38,20.64,20.9
4971,IET-KY,5.16,5.83,10.55,7.63,5.88,5.74,14.1,9.57,5.82
4972,湯石照明,19.51,18.52,25.73,18.04,18.46,17.02,23.54,18.26,18
4973,廣穎,35.68,32.92,32.98,25.59,23.44,23.64,29.31,38.3,46.41
4974,亞泰,37.68,36.63,46.93,45.1,42.61,29.5,36.11,30.01,29.45
4976,佳凌,,,,,,,,,
4977,眾達-KY,17.13,14.87,25.04,22.85,25.51,22.8,43.99,40.17,27.47
4979,華星光,49.67,48.8,51.66,52.61,52.03,56.1,52.42,52.69,49.9
4984,科納-KY,9.94,10.06,16.87,13.18,11.14,10.66,18.01,6.44,10.19
4987,科誠,28.69,25.87,37.22,30.04,28.06,27.57,35.4,33.32,31
4991,環宇-KY,38.06,35.55,32.94,30.41,28.33,27.28,26.19,21.5,14.89
4994,傳奇,17.09,12.76,14.01,14.49,15.4,11.06,13.54,14.11,16.09
4995,晶達,48.72,52.23,58.52,53.93,54.03,54.73,61.47,57.38,55.38
4999,鑫禾,20.78,18.49,26.82,24.33,24.23,21.81,27.1,21.23,23.21
5007,三星,28.49,25.52,32.69,25.51,25.71,20.19,29.63,21.63,22.71
5009,榮剛,45.23,45.13,47.86,48.86,47.45,53.43,54.32,53.35,51.71
5011,久陽,,,,,,,,,
5013,強新,46.65,47.09,48.82,49.05,51.83,50.91,52.21,51.64,51.97
5014,建錩,67.05,72.79,72.51,73.64,68.76,68.3,71.33,68.65,67.53
5015,華祺,34.96,29.46,38.38,34.68,33.17,32.95,39.99,38.75,39.39
5016,松和,56.54,57,56.48,55.7,54.86,53.08,57.59,54.17,52.61
5102,富強,33.15,31.77,32.39,29.04,30.4,28.84,29.89,27.31,28.45
5201,凱衛,19.97,18.17,26.6,20.35,21,18.86,20.83,18.9,19.43
5202,力新,8.49,6.97,7.6,7.62,8.18,4.96,7.93,7.9,9.36
5203,訊連,25.1,23.68,29.2,23.03,25.63,24.16,28.38,25.31,25.2
5205,漢康,7.73,8.63,10.64,51.76,72.92,79.05,85.9,89.57,74.01
5206,坤悅,52.08,53.38,55.96,49.12,49.8,45.85,46.28,47.11,49.79
5209,新鼎,55.91,48.83,56.92,53.5,54.58,49.26,59.73,57.91,62.82
5210,寶碩,17.58,30.74,26,27.26,26.32,22.85,22.44,23.07,24.94
5211,蒙恬,11.78,11.5,13.32,13.23,11.78,11.71,14.63,12.44,12.11
5212,凌網,36.95,27.89,41.33,37.56,39.64,33.73,38.15,34.32,41.15
5213,亞昕,69.82,68.97,71.56,72.74,70.3,70.7,72.49,74.89,71.04
5215,科嘉-KY,27.7,25.3,29.8,27.51,25.5,23.16,30.68,24.58,25.05
5225,東科-KY,65.91,63.73,64.99,69.55,65.43,66.84,67.9,71.56,67.34
5227,立凱-KY,23.2,21.35,18.28,12.36,13.5,11.56,11.57,10.73,8.62
5230,雷笛克光學,44.53,43.41,41.73,41.51,37.96,37.74,39.68,35.64,34.38
5234,達興材料,39.21,35.37,40.08,36.64,33.39,31.76,37.01,33.26,33.35
5243,乙盛-KY,36.94,33.27,39.25,43.57,44.33,40.04,41.61,38.85,39.72
5251,天鉞電,21.87,21.87,27.79,22.2,22.29,15.37,21.71,17.03,16.38
5255,美桀,50.36,50.07,49.41,51.78,54.57,45.71,46.91,44.07,41.93
5259,清惠,,,,,,,,,
5263,智崴,20.8,19.28,22.51,17.57,19.56,16.88,21.3,20.24,19.26
5264,鎧勝-KY,36.5,34.44,34.84,37.55,43.19,40.9,41.17,42.04,41.62
5266,,,,,,,,,,
5269,祥碩,17.19,13.9,24,20.52,22.3,20.41,40.54,19.26,24.35
5272,笙科,,,,,,,,,
5274,信驊,12.58,11.98,27.93,25.02,27.47,20.86,29.65,25.87,21.98
5276,達輝-KY,20.87,19.82,28.76,23.53,26.71,22.53,29.61,22.59,22.42
5278,尚凡,23.96,24.21,34.02,46.36,49.47,52.4,53.1,54.41,50.42
5284,jpp-KY,22.28,19.73,24.97,21.89,30.56,30.43,34.1,30.22,29.03
5285,界霖,41.52,39.71,43.27,44.5,38.8,39.78,57.35,50.67,50.11
5287,數字,17.55,19.3,37,41.83,30.1,30.49,47.85,33.19,34.6
5288,豐祥-KY,22.85,17.48,29.07,21.28,21.48,19.16,27.52,21.24,23.15
5289,宜鼎,33.9,33.07,37.31,34.03,37.28,32.69,37.4,32.72,27.25
5291,邑昇,41.97,40.74,45.6,45.7,45.67,46.14,47.72,51.46,51.94
5301,寶得利,24.13,23.67,23.61,23.66,24.64,25.33,25.88,20.04,24.45
5302,太欣,20.76,20.4,20.58,20.78,21.62,18.34,14.14,14.38,15.46
5304,鼎創達,80.97,81.64,79.59,79.06,78.25,77.9,78.39,79.67,80.89
5305,敦南,47.6,46.67,48.72,48.62,49.04,48.97,51.15,48.47,48.31
5306,桂盟,42.51,42.58,47.89,53.62,50.67,48.76,51.98,54.34,52.45
5309,系統電,40.77,29.58,29.82,32.11,31.44,29.04,27.85,25.88,27.4
5310,天剛,40.52,37.43,41.49,40.18,41.21,40.98,42.48,42,42.33
5312,寶島科,45.31,45.93,49.31,46.58,45.87,45.32,48.74,46.24,45.17
5314,世紀,19.29,17.01,17.55,13.19,16.18,16.06,21.85,23.23,21.51
5315,光聯,33.71,33.72,32.39,29.12,28.8,26.46,38.66,37.27,36.51
5317,凱美,28.27,25.66,29.19,29.39,30.59,29.77,50.02,46.56,68.96
5321,友銓,61.64,57.4,54.08,57.85,55.53,56.81,55.61,56.45,59.13
5324,士開,65.07,67.82,61.51,59.56,69.71,67.07,66.82,67.74,67.54
5328,華容,23.51,21.05,20.73,20.7,22.93,23.19,22.06,22.77,18.6
5340,建榮,31.3,33.3,36.79,37.02,35.19,35.92,35.65,34.93,34.27
5344,立衛,,,,,,,,,
5345,天揚,9.46,9.49,10.34,8.82,10.8,10.29,11.67,10.47,9.28
5347,世界,15.36,15.42,27.87,16.47,17.96,17.14,30.43,17.97,18.72
5348,系通,59.94,60.42,63.69,67.03,66.68,,,,
5349,先豐,43.69,42.46,52.11,49.92,49.28,47.67,53.43,53.82,55.02
5351,鈺創,44.3,44.49,45.13,47.13,49.22,49.73,50.32,50.69,52.72
5353,台林,27.74,25.76,27.69,32.46,29.24,28.49,29.54,35.37,34.74
5355,佳總,21.12,21.11,20.66,23.47,22.34,21.96,21.37,19.35,20.09
5356,協益,32.31,33.23,38.37,32.62,30.53,28.11,37.29,30.25,27.11
5364,力麗店,62.46,64.6,66.63,57.91,58.88,59.8,56.38,58.89,69.36
5371,中光電,52.34,46.06,46.75,51.5,52.82,50.84,51.81,55.05,54.73
5381,合正,52.15,24.25,15.77,10.73,8.99,8.92,5.45,5.63,8.21
5383,金利,49.6,51.38,53.82,56.46,56.9,57.06,58.66,59.27,59.4
5384,捷元(下櫃),,,,,,,,,
5386,青雲,,,,,,,,,
5388,中磊,69.2,67.51,70.46,69.05,69.06,67.58,72.34,71.93,70.82
5392,應華,47.27,46.94,49.56,50.3,51.06,46.94,48.69,49.18,51.81
5395,圓方創新(下櫃),,,,,,,,,
5398,慕康生醫,14.82,15.66,11.83,22.78,21.25,16.67,18.35,15.77,19.36
5403,中菲,56.13,55.81,60.45,60.47,54.88,50.57,55.82,54.29,52.06
5410,國眾,46.17,40.93,40.91,46.3,41.01,33.32,39.42,45.99,47.23
5425,台半,38.16,39.85,47.16,42.07,39.79,38.88,45.97,40.41,40.33
5426,振發,19.38,18.47,22.38,23.55,18.1,21.89,32.84,34.46,28.28
5432,達威,,,,,,,,,
5434,崇越,47.08,48.89,54.62,50.85,51.74,50.53,59,57.97,49.02
5438,東友,36.41,32.09,36.48,34.48,33.31,30.15,35.11,32.23,30.79
5439,高技,,,,,,,,,
5443,均豪,47.58,47.59,52.05,54.09,58.28,55.38,61.59,58.84,59.18
5450,寶聯通,47.45,50.49,48.35,43.98,44.99,46.14,45.13,47.4,46.97
5452,佶優,46.81,42.78,42.52,42.54,43.03,45.49,45.53,46.85,46.46
5455,昇益,,,,,,,,,
5457,宣德,48.97,47.73,50.48,50.01,53.7,50.54,48.07,53.16,51.85
5460,同協,23.55,21.55,25.61,20.74,21.51,20.14,26.09,22.78,22.48
5464,霖宏,58.48,56.84,63.12,66.15,64.23,70.15,71.36,70.14,71.1
5465,富驊,41.27,39.69,28,29.33,27.84,26.66,27.85,29.31,33.73
5466,泰林(下櫃),,,,,,,,,
5468,凱鈺,36.97,35.38,30.09,25.65,28.11,28.17,31.78,25.99,32.67
5469,瀚宇博,63.54,60.55,60.99,62.16,61.82,61.68,61.51,61.03,59.01
5471,松翰,16.49,13.79,25.73,17.36,18.84,18.28,26.29,17.29,17.67
5474,聰泰,,,,,,,,,
5475,德宏,70.56,71.38,74.51,75.3,79.9,77.38,75.79,74.83,73.5
5478,智冠,39.09,41.31,41.68,39.61,42.67,40.6,41.15,41.9,43.23
5480,統盟,51.07,48.59,49.5,50.37,48.03,44.62,42.49,43.37,41.75
5481,華韡,2.19,1.92,2.3,1.94,1.82,1.8,2.54,2.51,4.63
5483,中美晶,38.14,38.02,40.61,42.91,67.2,66.59,49.55,50.21,51
5484,慧友,30.84,28.51,28.56,26.65,22.86,18.9,19.6,18.7,16.77
5487,通泰,16.54,17.2,23.37,17.82,18.64,17.75,24.77,20.33,20.43
5488,松普,35.78,33.06,33.42,35.21,35.21,35.08,34.98,34.75,36.48
5489,彩富,20.26,19.34,32.06,34.15,24.85,28.78,40.53,38.93,36.52
5490,同亨,33.57,25.26,41.08,27.05,28.98,26.97,38.33,25.84,18.55
5491,,66.55,66.89,69.1,70.9,61.68,61.76,60,61.19,
5493,三聯,34.15,33.32,36.35,37.51,35.4,37.45,38.71,37.06,35.32
5498,凱崴,34.22,36.62,34.9,40.08,38.88,40.3,41.16,43.67,39.41
5505,和旺(下櫃),,,,,,,,,
5506,,,,,,,,,,
5508,永信建,,,,,,,,,
5511,德昌,49.95,47.97,47.56,48.05,47.41,41.42,54.1,56.76,59.31
5512,力麒,50.53,50.19,52.64,50.08,50.4,49.04,49.68,49.9,51.55
5514,三豐,4.88,4.57,5.19,6.47,7.42,11.31,14.33,15.48,20.59
5515,建國,42.74,42.93,44.16,44.13,43.86,44.82,46.56,45.51,50.69
5516,雙喜,,,,,,,,,
5519,隆大,60.79,61.01,61.33,60.83,59.57,57.05,60.28,62.48,60.04
5520,力泰,21.64,21.21,24.52,18.73,20.81,19.51,23.11,16.94,18.24
5521,工信,53.36,50.4,50.22,50.08,48.92,48.35,49.61,47.52,52.47
5522,遠雄,55.42,55.75,55.09,51.18,50.93,49.98,54.24,51.31,51.09
5523,豐謙,66.42,67.08,69.83,70.84,73.45,71.79,69.26,56.88,48.42
5525,順天,53.96,52.78,57.3,57.29,56.71,60.47,61.52,63.59,62.04
5529,志嘉,61.27,62.16,65.73,67.25,70.06,70.68,71.83,73.14,72.91
5530,龍巖,80.38,79.25,79.45,78.85,78.28,74.9,75.97,74.92,74.07
5531,鄉林,73.57,73.65,71.88,72.15,69.52,72.65,72.27,70.64,67.83
5533,皇鼎,49.58,49.93,51.44,51.35,51.68,53.35,54.49,51.75,46.57
5534,長虹,65.51,59.85,59.5,56.65,56.33,55.78,58.76,55.71,53.94
5536,聖暉,62.57,63.11,67.21,62.73,61.95,61.4,65.55,64.31,59.63
5538,東明-KY,30.52,27.01,27.96,31.5,29.35,33.49,42.55,41.29,42.61
5601,台聯櫃,,,,,,,,,
5603,陸海,45.83,43.33,47.36,45.62,45.18,42.34,44.59,42.24,41.67
5604,中連貨,38.99,37.41,45.74,40.71,39.26,38.42,43.44,42.91,40.47
5607,遠雄港,45.64,44.47,43.04,41.7,40.81,39.62,38.49,37.21,36.8
5608,四維航,71.91,72.37,72.56,73.74,74.25,75.69,76.63,77.28,80.34
5609,中菲行,48.8,48.19,51.98,50.44,48.87,49.9,54.52,54.68,54.84
5701,劍湖山,55.4,57.91,58.81,60.57,62.25,63.77,65.57,66.85,69.04
5703,亞都,36.95,33.52,35.73,36.35,35.6,32.91,32.82,37.77,37.28
5704,老爺知,,,,,,,,,
5706,鳳凰,30.27,32.95,47.26,36.73,38.39,43.47,54.35,45.39,41.88
5820,日盛金,86.05,86.01,86.26,86.57,86.84,86.79,86.42,86.89,86.79
5871,中租-KY,85.04,84.81,86.01,85.75,85.49,84.94,85.94,85.86,82.85
5878,台名,22.78,20.64,30.71,22.23,25.85,21.44,28.48,18.97,22.16
5880,合庫金,94.12,94.09,94.1,93.98,94.06,93.89,94.04,,93.98
5902,德記,45.06,47.16,48.07,47.39,44.06,42.01,40.49,38.47,35.52
5903,全家,79.92,78.47,82.1,79.23,80.12,78.35,82.94,80.98,80.95
5904,寶雅,,,,,,,,,
5905,南仁湖,34.05,32.93,35.22,34.03,33.73,29.64,31.81,29.52,29.05
5906,台南-KY,54.94,57.94,58.73,50.7,45.63,70.05,69.14,69.02,67.52
5907,大洋-KY,59.29,56.85,56.62,54.86,56.83,55.59,53.4,53.69,55.67
6005,群益證,66.21,67.4,69.18,70.23,71.45,74.42,76.1,76.47,76.34
6015,宏遠證,57.38,63.3,61.1,58.83,54.38,56.95,57.89,58.5,61.61
6016,康和證,77.14,79.67,78.61,82.41,75.95,75.43,76.34,74.32,78.01
6020,大展證,18.62,28.92,18.49,15.87,16.23,16.87,23.02,20.71,17.85
6021,大慶證,47.95,47.68,45.24,41.66,38.8,45.2,43.5,46.13,48.04
6022,大眾證券(下櫃),57.84,59.65,57.75,57.11,55.5,60.94,56.95,,
6023,元大期,88.08,88.71,89.16,89.16,88.45,86.73,87.97,87.55,87.01
6024,群益期,85.45,86.53,88.72,88.28,88.15,85.04,87.18,85.96,86.01
6101,寬魚國際,49.59,47.9,51.42,53.22,51.12,51.67,51.39,49.93,36.13
6103,合邦,72.99,77.3,81.76,84.21,84.8,84.75,84.31,84.41,83.23
6104,創惟,31.36,29.86,40.58,38.79,38.3,41.14,51.97,50.04,49.57
6105,,,,,,,,,,
6107,華美電子,66.95,69.53,72.04,71.52,73.34,72.94,73.37,,
6108,競國,64.47,64.71,65.4,65.8,64.42,63.9,65.95,65.29,65.88
6109,亞元,43.85,42.12,42.12,36.86,37.35,36.09,40.68,32.52,33.63
6111,大宇資,34.54,35.4,32.36,38.79,44.72,41.15,42.87,46.17,44.72
6112,聚碩,59.91,65.63,65.6,64.9,61.9,63.91,62.87,62.71,61.54
6113,亞矽,26.38,33.6,30.54,20.75,17.57,18.93,20.76,19.74,25.82
6114,久威,48.55,45.47,50.76,53.74,52.72,49.44,53.2,47.62,49.41
6115,鎰勝,35.68,35.29,41.66,39.15,38.84,34.88,42.59,39.21,38.95
6116,彩晶,17.13,17.54,18.62,16.72,16.74,16.3,18.11,15.31,15.38
6117,迎廣,46.29,44.57,47.26,50.69,51.01,50.74,57.12,57.67,47.34
6118,建達,53.87,50.23,54.02,51.33,53.06,45.28,51.24,55.87,56.37
6120,達運,53.05,50.97,52.24,54.27,54.58,54.89,52.45,52.91,49.2
6121,新普,50.98,46.12,47.9,50.33,51.94,46.24,56.08,56.99,53.53
6122,擎邦,40.88,39.22,39.67,44.72,45.21,51.04,52.33,56.56,60.43
6123,上奇,51.55,51.14,55.59,53.16,51.17,39.2,46.33,44.38,41.48
6124,業強,10.96,11.15,10.2,11.74,15.33,13.4,14.44,14.4,13.52
6125,廣運,45.17,43.16,45.69,39.85,44.08,50.54,51.47,50.32,52.48
6126,信音,60.43,56.23,57.73,58.89,58.36,56.32,55.23,55.46,52.56
6127,九豪,53.72,53.01,54.9,56.79,56.4,57.55,63.9,62.54,62.94
6128,上福,48.97,46.47,51.23,51.85,51.23,50.88,57.01,62.8,63.16
6129,普誠,12.06,12.1,12.74,12.24,10.8,19.4,19.09,19.02,17.98
6130,星寶國際,8.8,7.09,6.7,5.69,5.45,4.03,4.12,35.23,35.79
6131,悠克,22.63,18.67,17.72,24.79,25.66,25.69,23.59,1.33,11.39
6133,金橋,12.83,10.73,13.57,14.98,12.93,13.09,14.96,15.47,19.52
6134,萬旭,52.57,47.88,48.71,44.88,45.88,40.52,46.55,46.19,49.59
6135,,,,,,,,,,
6136,富爾特,4.11,3.71,11.61,4.11,3.72,3.98,10.49,3.83,4.01
6138,茂達,24.57,22.79,28.59,26.21,30.34,25.44,33.16,26.91,27.97
6139,亞翔,60.01,59.91,58.29,57.42,54.64,56.17,58.07,56.01,57.88
6140,訊達,46.35,45.34,48.55,49.85,53.44,49.12,54.59,66.27,55.67
6141,柏承,57.58,58.01,59.71,59.58,60.28,60.37,61.8,59.8,60.57
6142,友勁,55.14,35.41,38.1,33.83,29.5,36.04,38.55,32.61,34.5
6143,振曜,77.55,78.81,79.96,81,77.26,79.86,80.88,81.15,80.2
6144,得利影,24.18,24.98,23.03,23.2,23.48,19.99,20.08,20.99,20.77
6145,勁永,23.83,23.51,22.95,25.55,33.84,33.74,38.35,41.85,58.46
6146,耕興,26.11,24.36,35.47,26.44,25.77,22.88,32.49,22.53,22.61
6147,頎邦,37,32.71,34.15,30.02,28.74,27.7,30.4,28.47,28.41
6148,驊宏資,73.43,73.94,71.21,69.61,74.11,77.82,78.84,46.88,51.19
6150,撼訊,77.8,78.61,78.7,79.62,80.11,77.26,79.46,69.77,70.12
6151,晉倫,43.34,40.67,47.38,42.29,43.37,43.3,46.71,48.34,49.07
6152,百一,64.82,63.6,65.75,67.03,68.46,67.96,66.56,67.65,67.16
6153,嘉聯益,46.96,44.28,44.36,45.28,50.12,46.83,45.44,46.25,55.29
6154,順發,28.89,28.63,35.6,33.43,32.87,26.26,30.93,30.21,27.71
6155,鈞寶,36.65,33.76,37.84,33.01,32.67,36.17,39.18,37.7,37.22
6156,松上,46.64,46.97,44.05,45.32,48.12,50.02,54.52,52.49,51.89
6158,禾昌,24.05,22.45,25.05,27.74,28.67,28.21,32.43,32.3,31.54
6160,欣技,22.02,21.24,25.01,18.58,22.29,19.68,26.82,32.4,30.38
6161,捷波,33.67,20.68,21.65,21.32,21.4,18.85,22.88,18.46,16.09
6163,華電網,61.45,57.96,59.76,62.75,65.16,58.17,59.3,57.78,61.13
6164,華興,34.18,37.54,37.1,35.67,38.99,40.35,43.32,39.38,37.64
6165,捷泰,5.62,7.02,6.57,4.85,4.16,3.87,3.99,4.32,3.83
6166,凌華,48.6,39.2,45.15,42.88,41.93,43.76,49.44,47.35,40.69
6167,久正,56.9,54.76,52.03,50.35,48.87,47.46,44.6,43.54,42.68
6168,宏齊,40.5,35.89,39.41,38.95,36.74,33.14,33.4,28.76,29.19
6169,昱泉,14.22,16.69,15.78,20,19.25,15.49,29.25,33.74,42.63
6170,統振,36.83,35.08,38.02,42.63,41.61,36.81,38.72,38.53,47.17
6171,亞銳士,,,,,,,,,
6172,互億,,,,,,,,,
6173,信昌電,26.24,28.26,29.87,27.42,26.33,26.32,27.32,25.43,25.3
6174,安,12.34,11.95,20.18,23.83,20.3,22.58,26.34,23.44,26.98
6175,立敦,39.53,37.55,40.91,41.9,39.08,41.96,43.56,35.39,34.88
6176,瑞儀,54.99,50.53,52.32,50.91,53.57,50.71,54.19,56.95,54.59
6177,達麗,68.45,67.49,72.97,75.08,74.9,75.39,68.78,66.37,68.4
6179,亞通,34.96,45.13,41.76,47.56,53.74,58.12,61.34,44.25,36.34
6180,橘子,64.63,65.06,66.84,69.12,70.06,68.64,67.01,59.87,63.24
6182,合晶,57.77,55.64,55.57,54.63,59.93,52.29,47.53,38.66,38.54
6183,關貿,24.28,19.89,26.05,19.68,22.19,17.9,24.08,18.03,21.79
6184,大豐電,41.5,52.23,47.12,47.14,49.25,51.42,52.2,47.4,46.04
6185,幃翔,21.04,19.21,25.1,20.23,21.37,19.74,25.15,21.32,21.54
6186,新潤,,,,,,,,,
6187,萬潤,21.49,24.48,45.02,38.91,27.67,28.46,39.48,31.72,26.57
6188,廣明,54.19,54.04,50.4,48.18,50.97,61.3,62.67,61.61,61.38
6189,豐藝,53.42,50.65,58.32,57.72,55.13,48.36,55.11,55.61,53.19
6190,萬泰科,53.89,53.84,52.34,51.71,52.88,52.27,55.16,57.26,55.62
6191,精成科,54.97,52.23,53.31,54.15,54.3,53.46,54.29,55.78,55.34
6192,巨路,36.56,34.27,38.36,36.17,33.85,33.65,36.61,36.57,35.96
6194,育富,7.69,7.5,8.37,7.86,7.7,8.19,10.4,10.66,11.46
6195,詩肯,,,,,,,,,
6196,帆宣,62.56,62.95,66.49,66.2,67.3,65.06,66.03,66.54,67.99
6197,佳必琪,25.82,22.48,31.7,28,27.34,22.16,26.75,31.15,27.69
6198,凌泰,22.46,28.45,10.63,7.71,8.78,6.91,24.12,30.32,29.62
6199,天品,6.41,6.38,6.39,6.54,6.64,6.68,7.07,7.02,7.09
6201,亞弘電,25.6,24.78,32.97,28.82,29.51,26.3,33.38,29.13,27.62
6202,盛群,20.1,18.08,34.21,20.46,22.41,21.3,35.68,23.31,23.59
6203,海韻電,28.08,25.22,32.25,27.28,28.92,25,33.26,36.77,36.34
6204,艾華,17.88,18.04,20.07,17.4,17.94,17.82,21.38,18.06,18.6
6205,詮欣,29.61,27.62,34.14,29.51,31.1,28.39,33.47,27.52,26.63
6206,飛捷,18.1,17.59,33.42,20.86,21.73,20.73,31.64,22.65,24.73
6207,雷科,51.64,51.26,57.96,59.57,58.71,61.15,63.01,61.42,59.55
6208,日揚,22.34,19.72,21.72,26.91,21.26,21.53,25.43,24.76,26.63
6209,今國光,33.26,29.92,29.87,33.27,32.93,30.18,32.88,30.51,31.13
6210,慶生,,,,,,,,,
6211,,,,,,,,,,
6212,理銘,,,,,,,,,
6213,聯茂,59.2,59.27,61.44,62.48,61.65,60.72,62.32,61.72,59.61
6214,精誠,29.5,27.03,34.8,32.17,33.14,28.32,37.38,34.85,36.37
6215,和椿,45.23,43.2,41.75,39.77,39.33,39.33,47.07,44.58,45.11
6216,居易,16.39,20.63,29.65,16.41,19.62,17.4,25.89,12.55,13.56
6217,中探針,27.98,25.17,31.53,28.25,28.57,25.05,30.99,27.02,27.12
6218,豪勉,35.17,28.4,31.86,29.99,36.02,31.05,35.94,31.68,29.97
6219,富旺,69.14,70.86,73.89,74.86,72.05,73.33,73.91,77.55,75.69
6220,岳豐,54.67,50.59,50.65,54.33,65.97,62.74,66.55,67.37,69.64
6221,晉泰,60.6,56.94,62.17,59.31,66.07,63.84,63.07,63.89,61.02
6222,上揚,57.12,58.19,61.64,79,75.94,76.92,59.83,47.63,39.36
6223,旺矽,45.15,46.29,51.19,47.87,45.5,43.64,48.51,50.87,50.89
6224,聚鼎,17.66,17.8,29.79,17.77,18.31,16.41,29.13,16.11,16.09
6225,天瀚,73.48,77.12,86.9,77.5,80.35,83.62,79.56,74.09,75.69
6226,光鼎,53.46,53.07,52.1,54.88,53.98,53.79,55.53,56.65,51.21
6227,茂綸,68.07,71.97,68.67,65.25,65.8,60.67,66.69,61.08,55.22
6228,全譜,47.22,44.48,46.84,51.33,52.27,56.31,57.92,60.55,49.7
6229,研通,33.45,33.62,32.13,31.27,30.44,32.23,49.25,45.68,42.96
6230,超眾,43.78,39.72,45.59,45.06,43.8,39.98,51.22,48.91,44.55
6231,系微,27.76,23.38,29.95,27.49,29.11,22.93,27.43,26.64,25.4
6233,旺玖,11.84,9,9.83,10.14,11.9,9.07,10.94,10.23,11.38
6234,高僑,21.82,18.24,20.08,20.01,19.97,18.93,21.16,22.28,20.35
6235,華孚,46.42,43.78,46.87,47.92,30.31,35.09,43.11,44.4,45.1
6236,康呈,32.92,31.87,31.47,31.96,31.35,44.21,48.86,50.93,48.35
6237,驊訊,4.88,5.13,7.2,5.71,7.46,6.3,8,6.01,7.14
6238,勝麗,40.6,38.79,52.3,49.68,29.27,34.94,51.23,50.99,54.39
6239,力成,41.49,38.88,45.13,43.93,44.74,44.84,52.46,51.62,50.15
6240,松崗,63.91,64.94,65.36,62.59,64.15,63.84,65.11,65.59,68.1
6241,易通展,14.08,16.81,14.06,13.6,10.37,10.4,13.32,12.28,
6242,立康,46.79,,,,,,,,
6243,迅杰,7.68,9.43,8.72,11.27,16.6,14.28,18.17,23.07,28.89
6244,茂迪,56.63,55.81,54.92,54.68,56.8,58.35,62.11,59.64,62.48
6245,立端,46.28,43.51,49.27,41.54,43.37,36.85,44.95,44.14,43.7
6246,臺龍,87.16,84.94,85.76,86.13,64.28,63.35,61.2,59.48,61.14
6247,淇譽電,38.14,32.4,36.87,36.02,35.04,32.8,36.17,35.61,37.06
6248,沛波,,,,,,,,,
6250,,,,,,,,,,
6251,定穎,57.28,53.18,54.9,57.24,58,58.75,62.52,65.08,65.5
6257,矽格,36.88,34.98,41.4,41.24,39.87,38.95,46.96,44.35,44.67
6259,百徽,45.15,66.41,62.59,61.03,61.61,61.47,60.19,54.14,48.17
6261,久元,23.95,23.82,28.97,26.11,25.84,20.84,25.67,21.09,21.5
6263,普萊德,15.87,15.55,30.66,17.76,19.19,17.5,31.74,20.47,17.3
6264,富裔,71.91,70.87,72.53,63.34,57.72,56.54,58.09,57.52,58.78
6265,方土昶,35.37,27.67,47.62,55.67,40.32,38.65,32.01,34.18,28.19
6266,泰詠,30.58,29.41,34.1,31.63,33.21,28.06,30.64,34.63,33.44
6269,台郡,30.67,29.57,38.68,40.87,33.96,27.31,31.32,37.02,41.87
6270,倍微,25.5,24.88,23.92,25.73,28.15,26.37,27.35,26.83,27.59
6271,同欣電,33.86,33.27,38.6,34.19,33.68,30.48,27.43,20.93,19.67
6274,台燿,41.79,42.29,44.93,43.18,44.13,45.68,49.09,46.58,44.09
6275,元山,61.21,63.45,66.65,62.09,64.77,66.31,65.92,57.18,55.03
6276,安鈦克,55.46,54.3,54.49,47.27,44.34,40.85,41.82,42.68,41.68
6277,宏正,36.35,34.08,43.86,34.43,35.48,34.78,44.1,35.97,37.52
6278,台表科,58.5,56.57,56.86,59.58,60.93,58.25,57.66,57.45,57.88
6279,胡連,29.66,26.66,35.1,32.24,29.26,26.71,36.69,34.94,34.88
6281,全國電,,,,,,,,,
6282,康舒,45.33,41.52,46.57,44.44,45.69,41.61,47.91,47.14,47.37
6283,淳安,35.4,32.24,27.4,26.91,16.49,9.82,13.29,10.79,11.8
6284,佳邦,51.96,50.36,52.81,52.35,50.01,51.06,52.31,54.08,54.46
6285,啟,55.51,55.61,56.3,55.97,55.77,55.52,61.24,56.67,52.49
6286,立錡(下市),,,,,,,,,
6287,元隆,,,,,,,,,
6289,華上,58.35,61.39,66.25,71.34,76.46,85.18,76.97,82.67,87.07
6290,良維,36.06,27.7,29.43,36.19,31.74,30.55,37.1,37.06,39.51
6291,沛亨,79.93,78.31,79.68,79.11,79.69,83.14,88.02,89.76,94.24
6292,迅德,40.5,37.77,42.31,41.47,40.68,40.63,47.31,45.8,42.65
6294,智基,62.15,56.51,55.81,54.06,52.87,49.89,58.57,53.78,51.24
6298,崴強,50.43,52.19,53.11,52.97,50.63,49.83,53.04,52.37,48.51
6404,通訊-KY,15.99,18.56,14.64,13.56,11.14,13.18,10.52,13.33,13.24
6405,悅城,35.6,34.74,34.98,34.27,34.13,32.37,33.66,32.33,33.06
6409,旭隼,36.11,34.33,48.84,47.25,39.42,35.7,56.53,42.1,42.26
6411,晶焱,36.63,33.22,39.5,39.05,34.02,32.01,34.96,31.35,30.68
6412,群電,63.67,59.31,63.04,64.14,63.26,61.41,64.18,65.29,63.02
6414,樺漢,42.76,46.13,54.41,40.95,49.18,61.26,66.53,65.3,62.81
6415,矽力-KY,13.5,44.64,45.97,34.93,24.32,16.46,19.32,12.8,12.58
6419,京晨科,14.64,16.48,17.25,15.89,14.7,15.42,16.49,16.97,16.13
6422,君耀-KY,27.05,27.37,36.68,33.63,36.86,37.48,42.54,36.96,38.61
6426,統新,20.22,17.95,24.4,17.81,18.87,14.78,32.55,26.17,25.68
6431,光麗-KY,12.08,10.85,11.53,11.73,11.19,10.43,9.5,8.63,10.58
6449,鈺邦,45.92,44.91,49.31,49.4,48.33,44.74,50.54,51.5,49.31
6451,訊芯-KY,19.7,19.29,28.13,27.63,28.19,26.91,34.08,31.4,38.34
6452,康友-KY,8.89,8.06,17.99,24.57,27.71,22.98,32.67,30.99,18.38
6504,南六,50.54,46.96,51.99,48.74,49.46,50.67,58.89,57.25,57.46
6505,台塑化,37.31,35.69,41.3,33.01,31.67,29.86,34.36,22.4,20.25
6506,雙邦,46.82,46.79,45.42,41.21,43.89,42.53,47.62,42.19,42.12
6508,惠光,30.03,30.16,34.68,32.31,29.87,30.1,34.22,31.97,30.13
6509,聚和,47.12,47.22,51.69,52.14,51.71,51.03,52.15,50.64,46.58
6603,富強鑫,54.29,54.2,54.44,54.31,56.57,57.25,56.23,55.97,54.15
6605,帝寶,56.94,55.99,57.59,57.1,56.08,57.09,59.49,58.93,58.09
6609,瀧澤科,48.86,45.16,47.25,47.33,44.96,46.71,49.83,49.48,48.83
6702,復航(下市),,,,,,,,,
6803,崑鼎,35.85,27.76,37.32,29.73,28.09,26.38,36.52,26.75,25.88
8011,台通,35.55,35.32,39.24,38.5,40.11,39.16,40.5,39.47,40.49
8016,矽創,35.99,31.5,39.33,34.75,31.86,31.2,37.25,32.11,28.91
8021,尖點,28.87,26.73,29.42,26.14,26.37,24.92,27.27,27.06,25.93
8024,佑華,13.09,16.06,16.71,12.71,14.53,15.17,16.51,13.34,14.54
8032,光菱,38.25,37.26,39.29,43.72,45.79,41.41,43.98,42.59,40.37
8033,雷虎,38.94,16.43,20.52,20.58,23.28,26.44,31.73,32.04,31.54
8034,榮群,12.17,8.35,8.4,11.26,9.44,10.52,11.47,16.7,13.43
8038,長園科,36.86,32.74,31.04,34.8,36,37.63,38.46,39.34,41.04
8039,台虹,42.59,45.31,45.53,42.22,42.66,41.53,44.1,41.22,38.3
8040,九暘,27.49,24.54,23.59,24.81,24.58,23.96,25.65,27.08,20.25
8042,金山電,38.94,37.29,38.1,38.96,36.66,36.63,41.95,41.87,42.75
8043,蜜望實,42.75,28.97,32.77,41.86,41.26,35.33,34.24,45,42.08
8044,網家,42.48,41.48,45.51,41.4,43.1,41.31,47.68,46.97,55.63
8046,南電,21.44,20.22,22.98,20.54,21.99,20.14,23.56,22.7,23.91
8047,星雲,19.26,19.99,20.55,23.41,21.12,21.1,21.8,21.14,20.95
8048,德勝,30.18,30.66,38.17,29.46,22.36,21.24,37.57,27.85,23.07
8049,晶采,19.87,18.1,23.49,16.67,19.03,18.74,27.35,17.69,18.61
8050,廣積,27.42,27.4,33.79,29.29,26.71,25.53,40.24,35.77,28.59
8053,,,,,,,,,,
8054,安國,15.47,15.42,18.08,15.68,13.97,14.74,14.56,13.89,12.15
8059,凱碩,30.33,24.63,27.13,24.89,30.42,27.08,24.26,32.87,46.66
8064,東捷,56.65,56.66,61.91,62.39,55.61,52.66,60.43,68.64,73.64
8066,來思達,56.13,52.09,62.44,55.17,52.28,47.54,55,50.7,53.47
8067,志旭,53.82,54.65,54.53,52.4,49.5,49.88,45.69,47.44,46.75
8068,全達,82.97,83.89,86.3,66.64,62.46,63.93,68.68,67.94,67.94
8069,元太,20.47,21.49,22.89,21.66,18.93,20.64,27.19,26.19,24.11
8070,長華,51.87,39.35,39.84,38.07,37.84,55.19,55.03,54.02,46.32
8071,能率網通,55.74,56.05,55.15,55.59,56.82,61.98,65.16,64.39,64.7
8072,陞泰,9.04,9.69,12.35,9.33,8.14,5.92,7.2,6.28,5.87
8074,鉅橡,39.4,37.35,43.64,34.22,36.13,35.3,42.74,41.47,43.43
8076,伍豐,30.33,31.47,33.03,32.64,34.28,30.76,35.76,40.31,38.5
8077,洛,70.48,72.04,73.33,68.67,70.81,49.38,29.38,28.41,29.13
8079,誠遠科技(下櫃),,,,,,,,,
8080,奧斯特,41.2,41.48,26.18,30.54,25.2,23.64,35.63,45.78,55.11
8081,致新,26.33,26.71,33.76,28.46,30.85,27.29,34.11,30,26.34
8082,,,,,,,,,,
8083,瑞穎,,,,,,,,,
8084,巨虹,56.85,55.03,54.93,53.39,41.95,41.27,45.08,53.65,60.38
8085,福華,69.78,70.32,71.41,67.03,63.6,55.68,59.21,59.02,56.81
8086,宏捷科,,,,,,,,,
8087,華鎂鑫,30.77,29.53,28.67,27.33,26.46,25.59,23.59,21.59,25.16
8088,品安,,,,,,,,,
8091,翔名,36.44,29.45,32.45,25.86,22.99,16.92,24.11,12.58,14.04
8092,建暐,45.58,45.72,47.48,52.46,54.05,53.84,53.87,55.05,55.99
8093,保銳,32.64,31.2,30.34,30.84,32.06,30.48,33.84,34.04,33.3
8096,擎亞,65.21,53.21,58.42,71.81,70.12,65.04,69.84,67.37,62.77
8097,常珵,44.07,43.06,41.79,43.82,45.69,47.98,50.16,50.22,42.68
8099,大世科,53.73,49.06,49.52,49.38,52.61,50.57,49.82,48.02,47.41
8101,華冠,69.45,73.19,76.23,79.4,80.96,81.76,81.39,81.27,80.62
8103,瀚荃,35.71,34.77,33.73,33.54,33.21,32.27,36.53,36.12,36.3
8105,凌巨,41.74,40.33,39.21,40.83,36.18,40,45.6,45.13,44.95
8107,大億金茂,42.67,42.74,50.78,47.91,48.51,48.01,45.83,31.9,25.88
8109,博大,50.92,43.35,52.48,52.69,50.75,51.81,57.94,53.29,51.26
8110,華東,50.57,49.07,48.98,47.97,48.59,46.53,46.49,44.1,37.87
8111,立,36.48,36.86,37.21,38.29,39.84,38.84,38.35,39.47,49.59
8112,至上,64.32,72.98,75.01,71.22,76.55,71.7,77.45,74.29,72.23
8114,振樺電,50.17,46.54,57.63,77.33,65.43,64.26,70.86,66.97,78.22
8121,越峰,49.18,49.14,50.69,49.02,53.22,54.33,47.6,46.96,48.17
8131,福懋科,,,,,,,,,
8147,正淩,38.1,39.28,42.88,36.2,36.69,34.93,39.81,38.88,38.88
8150,南茂,35.69,38.67,42.57,42.53,48,46.01,49.23,46.27,44.7
8155,博智,28.37,29.08,34.35,32.89,34.65,32.52,38.65,35.21,34.61
8163,達方,46.7,41.77,46.64,48.95,50.84,46.49,50.84,51.33,47.76
8171,天宇,56.38,52.38,57.46,59.02,61.66,56.69,46.55,39.84,40.98
8176,智捷,45.88,42.97,40.59,42.54,39.97,38.84,42.1,41.94,40.44
8182,加高,36.62,33.75,37.05,39.34,40.43,36.71,35.39,35.26,35.35
8183,精星,49.75,50.66,52.82,55.18,56,48.6,51.39,48.92,48.81
8201,無敵,21.74,16.49,36.68,20.67,21.9,27.01,27.84,22.07,31.67
8210,勤誠,41.47,39.03,46.37,42.07,42.73,39.53,46.46,44.1,45.7
8213,志超,54.12,51.63,52.65,56.15,57.15,55.25,55.48,54.55,53.56
8215,明基材,59.16,59.7,65.37,67.13,64.3,62.69,60.59,60.94,59.54
8222,寶一,,,,,,,,,
8234,新漢,48.41,47.3,50.13,53.08,53.56,53.25,56.98,57.42,56.18
8240,華宏,51.5,47.64,48.31,51.75,56.16,54.01,54.55,54.55,53.09
8249,菱光,22.41,19.07,29.58,27.94,25.98,23.23,29.02,25.78,25.93
8255,朋程,18.79,16.88,28.72,22.72,22.73,22.71,31.17,23.73,28.3
8261,富鼎,18.13,17.87,24.59,27.15,25.66,21.99,22.12,29.75,30.24
8266,中日新(下櫃),,,,,,,,,
8271,宇瞻,26.3,24.72,34.06,32.08,36.77,42.42,46.47,49.61,44.57
8277,商丞,23.98,24.31,23.73,24.45,26.22,28.42,26.36,4.25,9.31
8287,英格爾,40.31,44.14,43.42,39.72,43.91,46.6,44.77,61.97,94.16
8289,泰藝,26.89,24.24,26.21,26.36,27.19,25.75,28.8,29.02,29.34
8291,尚茂,,,,,,,,,
8299,群聯,27.69,31.57,34.3,25.58,28.08,25.55,35.15,30.16,25.82
8341,日友,27.31,25.75,36.35,26.78,27.95,26.28,35.06,28.83,23.96
8349,矬,59.8,60.79,63.7,63.52,60.63,61.63,62.27,56.72,49.88
8354,冠好,43.89,39.7,44.46,46.59,51.26,50.78,54.46,44.78,50.53
8358,金居,67.59,66.44,64.97,62.68,61.48,57.1,56.94,40.21,31.75
8374,羅昇,61.32,61.64,61.56,58.99,56.01,52.38,51.34,50.44,51.32
8383,千附,34.47,30.39,35.8,30.82,29.85,28.69,34.44,34.71,30.87
8390,金益鼎,36.65,35.77,36.89,33.4,35.19,36.58,38.76,40.77,43.5
8401,白紗科,43.46,41.54,41.7,40.64,42.44,38.3,39.67,36.41,38.78
8403,盛弘,32.9,30.2,35.3,35.7,36.65,34.93,38.48,38.2,39.1
8404,百和興業-KY,30.88,30.84,30.65,32.58,32.68,37.96,46.59,48.91,54.08
8406,金可-KY,37.35,38,38.97,41.8,41.48,42.3,44.86,44.75,45.83
8409,商之器,12.87,11.48,19.1,22.29,18.04,21.31,23.91,20.61,19.32
8410,森田,,,,,,,,,
8411,福貞-KY,35.41,34.85,35.34,39.25,42.61,40.25,40.75,41.57,43.25
8416,實威,24.3,19.7,32.91,18.43,22.14,18.69,33.05,19.02,22.35
8418,捷必勝-KY,63.63,63.39,63.79,63.51,60.42,59.63,61.06,61.26,63.61
8420,明揚,,,,,,,,,
8421,旭源,70.41,69.02,67.44,66.55,65.31,62.63,67.64,67.83,69.08
8422,可寧衛,14.68,14.15,29.75,13.66,11.35,10.83,27.34,10.32,10.73
8423,保綠-KY,53.25,53.2,55.06,54.16,53.38,50.54,50.17,48.74,47.13
8424,惠普,13.89,12.18,19.54,10.01,10.93,10.12,28.53,23.21,19.6
8426,紅木-KY,38.59,43.27,47.22,40.97,36.46,32.21,45.14,39.99,36.98
8427,基勝-KY,39.34,33.11,26.87,21.29,24.76,21.15,27.66,29.72,42.46
8429,金麗-KY,29.72,22.76,21.58,19.16,20.54,13.86,17.87,13.91,13.38
8431,匯鑽科,36.56,32.76,28.1,29.74,29.07,28.68,29.09,30.43,33.09
8432,東生華,,,,,,,,,
8433,弘帆,28.91,24,39.23,46.1,41.41,38.09,51.8,50.15,47.29
8435,鉅邁,16.33,13.08,25.02,15.34,18.53,14.02,25.51,16.95,20.34
8436,大江,28.83,23.81,26.17,28.01,28.7,21.4,25.87,26.56,29.38
8443,阿瘦,34.07,34.88,38.2,36.55,33.61,35.13,35.13,35.25,31.83
8446,華研,45.71,44.14,52.83,54.01,53.29,51.82,60.46,54,51.85
8450,霹靂,34.34,34.14,34.89,21.06,22.75,21.83,24.83,21.04,21.8
8454,富邦媒,41.12,38.61,41.69,40.02,42.84,41.03,45.19,42.72,50.18
8905,裕國,46.52,46.37,47.45,39.1,27.62,28.24,29.5,24.89,20.91
8906,花王,22.14,18.95,18.64,19.22,22.73,20.05,19.7,23.56,25.84
8908,欣雄,,,,,,,,,
8913,全銓,61.16,62.15,57.2,60.81,57.86,18.97,17.44,8.47,8.99
8916,光隆,45.42,46.83,52.2,46.88,43.55,53.5,63.57,61.46,56.81
8917,欣泰,45.88,45.1,52.17,50.53,51.67,52.07,55.11,52.8,53.83
8921,沈氏,,,,,,,,,
8923,時報,39.91,39.03,43.35,42.56,41,39.21,43.53,39.24,43.26
8924,大田,39.63,35.74,37.56,36.8,36.67,36.68,40.44,32.26,30.01
8925,,,,,,,,,,
8926,台汽電,23.07,22.53,27.52,22.76,22.43,22.18,26.11,22.15,22.12
8927,北基,39.87,39.07,38.71,40.98,43.06,43.42,43.38,43.3,42.9
8928,鉅明,56.85,49,49.98,55.29,59.57,55.1,57.41,57.49,59.94
8929,富堡,31.53,30.37,32.76,29.77,29.19,26.48,35.55,30.65,31.36
8930,青鋼,42.22,40.79,41.62,39.69,38.1,31.23,31.69,30.65,29.91
8931,大汽電,41.29,38.71,40.99,40.74,42.05,39.57,42.02,41.22,37.8
8932,宏大,67.4,70.45,70.72,70.22,67,71.22,73.13,73.56,74.53
8933,愛地雅,59.76,54.88,56.43,56.3,57.76,56.23,56.98,59.45,57.15
8934,衡平,77.19,77.52,78.81,78.44,76.73,77.33,79.01,78.18,77.97
8935,邦泰,43.89,43.59,44.05,42.39,50.05,51.66,53.79,54.64,57.3
8936,國統,51.6,53.16,52.07,53.05,56.51,56.35,55.01,54.39,55.62
8937,合騏,10.55,13.6,13.41,10.66,9.88,12.18,14.5,10.92,9.33
8938,明安,40.28,34.93,30.11,32.75,40.34,34.33,36,36.5,39.82
8940,新天地,49.42,41.27,43.6,52.46,52.97,51.28,51.67,62.23,53.5
8941,關中,56.45,55.41,53.75,50.6,52.84,52.34,56.95,40.49,41.05
8942,森鉅,25.49,27.19,34.67,31.41,29.59,28,36.28,42.05,42.89
8996,高力,44.47,41.68,47.38,49.47,37.78,40.53,49.85,51.16,50.14
910069,新曄(下市),,,,,,,,,
9103,美德醫療-DR,,,,,,,,,
910322,康師傅-DR,,,,,,,,,
910482,聖馬丁-DR,,,,,,,,,
9105,泰金寶-DR,72.79,,,,,,,,
9106,新焦點(下市),,,,,,,,,
910708,琱j健-DR,,,,,,,,,
910801,金衛-DR(下市),54.34,,,,,,,,
910861,神州-DR,,,,,,,,,
9110,越南控-DR,,,,,,,,,
911608,明輝-DR,26.62,,,,,,,,
911609,揚子江(下市),,,,,,,,,
911611,中泰山(下市),,,,,,,,,
911612,滬安電力(下市),,,,,,,,,
911613,特藝-DR,61.6,,,,,,,,
911616,杜康-DR,21.82,,,,,,,,
911619,耀傑-DR,71.78,,,,,,,,
911622,泰聚亨-DR,29.52,,,,,,,,
911626,MSH-DR(下市),,,,,,,,,
911868,同方友友-DR,,,,,,,,,
912000,晨訊科-DR,,,,,,,,,
912398,友佳-DR,,,,,,,,,
9136,巨騰-DR,48.71,,,,,,,,
913889,大成糖(下市),,,,,,,,,
9157,陽光能源-DR,,,,,,,,,
9188,精熙-DR,,,,,,,,,
9802,鈺齊-KY,37.85,34.73,40.17,34.33,37.05,32.3,36.82,32.13,33.7
9902,台火,7.76,7.68,8.88,7.58,7.26,7.05,7.78,3.65,6.12
9904,寶成,44.84,45.59,44.68,45.89,44.53,45.73,44.95,52.56,47.54
9905,大華,24.96,25.05,31.55,27.08,27.19,28.76,32.72,27.34,25.33
9906,欣巴巴,76.5,78.81,75.15,71.94,71.08,70.43,67.62,65.24,65.58
9907,統一實,55.27,54.18,54.6,53.03,51.99,51.76,52.54,51.04,48.1
9908,大台北,26.89,26.69,29.34,26.26,27.26,26.61,29.46,27.06,27.7
9910,豐泰,48.17,48.22,53.6,49.46,49.96,50.19,56.83,52.97,50.28
9911,櫻花,31.18,28.11,30.84,35.6,30.78,28.1,35.62,28.97,31.18
9912,偉聯,34.33,34.61,33.5,27.21,27.47,28.87,29.73,30.38,28.45
9914,美利達,40.19,37.48,45.82,41.71,39.45,37.66,46.14,41.91,42.32
9917,中保,45.25,46.55,52.94,47.59,50.92,48.14,51.25,50.22,49.56
9918,欣天然,31.61,30.99,36.27,33.46,34.35,33.81,38.37,35.81,36.63
9919,康那香,50.4,49.4,49.13,48.91,54.16,54.24,54.84,53.58,52.04
9921,巨大,55.59,54.78,58.39,56.26,55.8,55.71,55.58,55.88,56.04
9924,福興,30.31,27.05,35.41,28.77,30.82,27.62,35.58,30.97,31.14
9925,新保,36.05,34.81,38.83,34.02,30.9,,32.29,31.29,28.03
9926,新海,46.64,46,50.19,47.34,48,47.35,51.83,48.34,48.87
9927,泰銘,30.32,30.75,34.82,30.15,21.04,22.1,31.3,25.59,24.01
9928,中視,83.78,84.75,85.95,87.34,89.38,89.44,78.86,81.21,81.96
9929,秋雨,50.26,53.76,18.4,19.51,21.06,18.43,17.34,18.69,20.27
9930,中聯資源,35.83,32.89,41.82,38.51,38.27,35.48,42.53,41.99,42.63
9931,欣高,51.67,51.49,54.66,52.79,52.53,51.99,54.87,52.69,53.77
9933,中鼎,67.25,65.72,69.79,66.56,69.51,67.04,69.04,66.77,69.97
9934,成霖,54.29,52.34,54.53,56.16,57.66,57.46,57.86,55.37,54.08
9935,慶豐富,68.97,68.5,66.67,65.13,66.89,66.64,67.56,66.72,68
9937,全國,,,,,,,,,
9938,百和,40.9,40.6,42.98,42.8,40.72,43.05,50.24,49.05,50.52
9939,宏全,55.34,54.34,56.41,54.04,53.72,54.29,55.77,53.82,53.46
9940,信義,55.12,58.44,60.79,59.31,60.67,62.33,53.7,53.23,57.6
9941,裕融,88.42,88.3,89.67,89.41,89.32,89.4,90.61,89.81,89.72
9942,茂順,28.85,25.41,33.43,27.21,25.92,25.73,33.24,27.51,26.54
9943,好樂迪,18.23,14.85,27.23,15.93,17.18,15.13,26.53,14.87,16.1
9944,新麗,41.06,40.62,40.8,41.45,41.64,41.64,42.84,42.34,42.63
9945,潤泰新,55.93,52.75,53.45,51.28,53.16,53.72,52.05,49.12,49.46
9946,三發地產,58.12,53.94,55.87,54.24,53.53,53.47,54.86,55.53,54.83
9949,琉園,22.24,19.61,19.42,20.56,19.47,15.79,16.19,18.89,16.59
9950,萬國通,69.52,69.43,69.48,69.01,70.02,62.24,62.91,64.64,67.72
9951,皇田,48.36,46.71,54.75,51.94,51.53,51.21,57.68,55.48,54.76
9955,佳龍,37.69,42.08,39.98,40.45,43.43,41.77,42.39,43.53,43.09
9958,世紀鋼,60.43,58.69,59.87,58.48,60.01,60.4,61.55,60.98,58.78
9960,邁達康,36.34,36.48,38.64,37.76,36.1,36.99,38.03,37.21,37.39
9962,有益,16.95,,,,,,,,
