1101,台泥,0.48,0.06,0.54,0.63,0.49,0.2,0.51,0.46,0.62
1102,亞泥,0.13,0.06,0.36,0.28,0.48,0.07,0.48,0.57,0.5
1103,嘉泥,0.8,-0.24,-0.09,0.17,0.19,-0.14,0.01,0.07,1.21
1104,環泥,0.76,0.54,0.81,0.56,0.77,0.43,0.6,0.53,0.59
1108,幸福,0.16,0.26,0.23,0.2,0.1,0.05,0.02,-0.02,-0.3
1109,信大,0.14,-0.03,0.17,0.08,0.2,0.09,0.35,0.31,0.62
1110,東泥,0.04,0.21,0.03,-0.02,-0.03,0.04,-0.06,0.03,0.09
1201,味全,-1.44,-0.21,-0.64,-0.03,-0.65,0.09,0.01,0.07,1.14
1203,味王,-0.2,0.37,0.41,0.46,0.52,0.37,0.47,0.64,0.37
1210,大成,-0.01,0.68,0.72,0.77,0.63,0.68,0.52,0.88,0.96
1213,大飲,-0.25,0.09,0.13,0.12,-0.07,0.09,-0.1,0.21,-0.17
1215,卜蜂,0.82,0.95,1.08,1.13,1.55,1.53,1.17,1.19,1.45
1216,統一,0.27,0.76,0.84,0.73,0.23,0.79,0.83,1.01,4.39
1217,愛之味,-0.08,-0.07,-0.11,0.06,0.33,-0.05,-0.07,0.13,0.27
1218,泰山,0.13,0.15,0.22,0.41,-0.43,0,-0.01,0.61,0.03
1219,福壽,0.16,0.13,0.14,0.12,0.11,0.11,-0.02,0.09,0.25
1220,台榮,0.19,0.19,0.31,0.23,0.21,0.05,0.13,0.19,0.06
1225,福懋油,2.12,0.43,0.43,0.38,0.51,0.37,0.33,0.41,0.02
1227,佳格,0.75,0.99,0.47,0.7,0.8,0.64,0.23,0.77,0.73
1229,聯華,0.1,0.37,0.65,0.78,0.56,0.48,0.65,1.27,0.71
1231,聯華食,0.75,0.81,0.49,0.76,1.01,0.45,0.44,0.83,0.82
1232,大統益,1.37,1.09,1.69,1.19,1.61,1.06,1.26,1.46,1.32
1233,天仁,0.8,0.55,0.47,0.34,0.5,0.5,0.44,0.54,0.45
1234,黑松,0.13,0.22,1.68,0.59,0.27,0.22,0.18,0.73,0.22
1235,興泰,0.38,1.37,0.92,2.1,-0.7,0.63,1.06,3.28,0.08
1236,宏亞,0.4,0.3,-0.37,0.15,0.61,-0.07,-0.31,0.13,0.29
1256,鮮活果汁-KY,0.41,1.44,2.68,3.44,0.77,1.4,3.11,3.89,0.91
1258,其祥-KY,0.62,1.12,0.93,1.27,0.41,0.73,0.51,0.21,-0.19
1259,安心,0.53,1.02,2.01,1.71,0.62,1.2,1.53,1.76,0.72
1262,綠悅-KY,2.74,2.65,3.06,2.98,3.6,3.01,1.09,0.54,0.04
1264,德麥,3.59,3.4,3.45,3.55,4.16,3.31,3.29,3.43,3.38
1301,台塑,0.92,0.9,1.61,1.79,1.89,1.55,1.53,2.66,2.02
1303,南亞,0.65,0.68,1.05,1.06,3.36,1.37,1.14,2.1,2.26
1304,台聚,0.21,0.24,0.38,0.23,0.18,0.25,0.19,0.31,0.2
1305,華夏,0.58,0.37,0.84,0.6,1.21,0.77,0.51,0.56,0.74
1307,三芳,0.68,0.96,0.64,0.76,0.76,0.84,0.63,0.52,0.27
1308,亞聚,0.26,0.19,0.4,0.3,0.44,0.29,0.34,0.29,0.17
1309,台達化,-0.07,0.15,0.04,-0.14,0.31,0.28,-0.2,0.71,0.74
1310,台苯,0.15,0.78,0.42,0.76,0.72,0.83,0.19,0.71,0.27
1312,國喬,0.18,0.63,0.35,0.62,1,0.84,0.22,1.32,1.17
1313,聯成,-0.42,0.03,0.26,0.22,0.42,0.26,0.2,1.07,0.43
1314,中石化,-0.02,-0.31,-0.3,0,-0.19,0.52,1.18,0.25,0.46
1315,達新,0.21,0.16,0.06,0.87,0.45,0,0.03,0.96,-0.12
1316,上曜,-0.19,-0.2,-0.19,-0.19,-0.15,-0.28,-0.27,0.3,2.88
1319,東陽,1.13,1.04,0.87,0.94,1.24,0.86,0.99,1,1.11
1321,大洋,-0.15,0.02,0.07,0.15,-0.3,-0.31,-0.17,0.39,-0.27
1323,永裕,0.89,0.68,0.77,0.95,0.7,0.51,0.64,0.84,0.76
1324,地球,0.2,0.23,0.29,0.14,0.2,1.02,-0.2,-0.03,0.01
1325,恆大,0.29,0.41,0.36,0.12,0.42,0.02,0.14,0.17,0.18
1326,台化,1.04,1.15,2.27,2.55,1.51,2,1.44,3.09,2.76
1333,恩得利,-0.32,-0.34,-0.12,-0.05,-0.26,-0.23,-0.5,-0.47,-0.43
1336,台翰,-0.33,-0.44,-0.93,-0.66,-0.13,0.1,0.4,0.38,0.33
1337,再生-KY,0.68,0.43,0.54,0.5,0.06,0.25,0.24,0.22,-0.02
1338,廣華-KY,2.45,2.25,1.71,1.76,2.46,2.21,2.08,2.32,2.65
1339,昭輝,1.41,0.71,0.72,0.26,2.44,-0.22,1.52,1.4,1.02
1340,勝悅-KY,1.94,1.51,2.37,2.18,1.62,0.74,1.93,2.21,1.72
1402,遠東新,0.18,0.16,0.32,0.25,0.45,0.24,0.29,0.67,0.3
1409,新纖,-0.03,0.09,0.12,0.13,0.12,0.03,0.17,0.25,0.14
1410,南染,0.35,0.4,0.46,0.33,0.44,0.22,0.41,0.32,0.33
1413,宏洲,0.24,-0.03,-0.12,-0.18,-0.16,,,,
1414,東和,,,,,,,,,
1416,廣豐,-0.25,1.87,3.65,0.68,-0.69,0.86,0.34,-0.25,0.41
1417,嘉裕,-0.19,-0.32,0.25,-0.23,-0.15,-0.37,-0.21,-0.25,-0.38
1418,東華,-0.52,-0.2,-0.23,-0.45,-0.5,-1.03,-1.65,-1.49,-1.48
1419,新紡,-0.07,-0.04,-0.03,0.55,0.05,-0.17,-0.04,0.57,3.79
1423,利華,,,,,,,,,
1432,大魯閣,-0.52,0.58,-0.27,-0.88,-0.26,-0.46,-0.5,-0.45,0.56
1434,福懋,0.36,0.38,0.26,1.21,0.22,0.26,1.58,0.45,0.26
1435,中福,-0.03,-0.04,0,0,0,-0.01,0.02,0.04,-0.05
1436,華友聯,0.07,-0.29,0.51,0.25,0.1,0.4,0.77,0.75,1.23
1437,勤益控,-0.11,0.31,1.36,0.3,0.2,0.69,0.25,0.37,0.29
1438,裕豐,,,,,,,,,
1439,中和,,,,,,,,,
1440,南紡,0.14,0.02,0.12,0.13,0.08,0.07,0.16,0.13,0.09
1441,大東,-0.27,-0.29,-0.76,-0.76,-0.55,-1.06,-0.32,-0.97,-1.45
1442,名軒,0.5,0.03,0.44,1.54,0.04,0.78,0.56,0.18,0.34
1443,立益,-0.47,-0.79,-0.23,-0.41,0.09,-0.82,-0.25,-0.16,-0.56
1444,力麗,0.07,0,0.06,-0.2,0.21,-0.14,0.03,0.1,0
1445,大宇,0.14,0.1,0.19,0.1,0.07,-0.01,-0.02,0.09,0.02
1446,宏和,-0.27,0.02,0.1,0.25,0.1,-0.2,0.01,0.02,-0.13
1447,力鵬,-0.07,-0.21,0.07,-0.21,0.25,-0.16,-0.21,0.05,0.12
1449,佳和,-0.11,-0.82,-0.52,-0.19,-0.02,-0.14,-0.19,0.26,0.54
1451,年興,0.64,0.58,0.52,0.41,0.31,0.64,-0.24,0.4,0.62
1452,宏益,0.27,0.29,0.3,0.48,0.44,0.46,0.4,0.41,0.36
1453,大將,-0.1,0.06,-0.06,-0.01,-0.11,-0.09,-0.09,0.02,-0.15
1454,台富,0.11,0.06,0.2,0.08,0.04,0.04,0.05,0.05,0
1455,集盛,0.03,0.03,0.08,0.05,0.18,0.35,-0.34,0.28,0.3
1456,怡華,0.82,-0.28,-0.04,-0.03,,,,,
1457,宜進,0,0.1,0.12,0.03,-0.04,0.05,0.02,0.65,1.28
1459,聯發,-0.05,-0.06,-0.04,-0.07,-1.06,-0.16,0,0.31,0.12
1460,宏遠,0.39,0.25,0.18,0.23,0.46,0.09,0.08,0.11,0.16
1463,強盛,0.18,0.19,0.19,0.22,3.1,1.85,0.4,1.03,0.02
1464,得力,0.43,0.35,0.25,0.32,0.47,0.29,0.22,0.31,0.29
1465,偉全,0.18,0.15,0.12,0.07,0.39,-0.09,0.3,0.1,-0.05
1466,聚隆,-0.04,-0.42,-0.2,-0.12,-0.17,0.18,-0.13,-0.23,0.16
1467,南緯,-0.18,0.03,0.06,0.25,-0.27,-0.28,-0.21,0.21,-0.08
1468,昶和,-0.1,-0.01,0.05,-0.19,-0.1,-0.08,-0.03,-0.27,-0.21
1469,理隆,-0.09,-0.05,-0.07,-0.16,-0.35,-0.33,-0.03,-0.04,-0.25
1470,大統染,,,,,0.18,,,,0.18
1471,首利,-0.61,-0.44,-0.35,-0.44,-0.68,-0.53,-0.53,-0.34,-0.78
1472,三洋紡,-0.24,1.13,-0.31,-0.06,0.13,-0.59,0.04,-1.03,0.5
1473,台南,0.06,1.21,0.05,0.58,-0.31,0.41,-0.15,0.47,-0.09
1474,弘裕,0.07,0.25,0.25,0.17,0.27,0.18,0.2,0.21,0.25
1475,本盟,2.5,-0.17,-0.29,-0.4,-1.09,-0.92,-0.89,-0.74,-9.78
1476,儒鴻,4.58,2.43,2.98,3.15,5.05,0.99,2.88,3.36,3.9
1477,聚陽,2.3,3.1,1.39,1.89,0.99,1.5,0.97,2.36,1.32
1503,士電,0.61,0.72,0.58,0.7,0.4,0.77,0.55,0.77,0.47
1504,東元,0.29,0.34,0.52,0.45,0.43,0.27,0.54,0.42,0.31
1506,正道,0.02,0.05,0.03,0.01,0.07,0.18,0,-0.13,-0.17
1507,永大,0.9,1.16,0.9,1.1,0.62,0.91,0.82,0.64,0.37
1512,瑞利,0.09,-0.13,-0.33,-0.38,0.16,-0.57,-0.55,-1.37,-0.6
1513,中興電,0.01,0.35,0.33,0.48,0.03,0.24,0.23,0.48,0.22
1514,亞力,0.03,0.41,0.07,0.05,-0.03,0.01,0.16,0.18,0.23
1515,力山,0.01,0.01,0.11,0.42,0.05,0.02,0.18,0.65,0.63
1516,川飛,,,,,,,,,
1517,利奇,0.07,0.03,0.07,0.07,-0.1,-0.25,0.01,0.19,-0.13
1519,華城,0.29,-0.13,0.64,0.44,0.01,0.14,0.23,-0.07,0.06
1521,大億,1.01,2.05,1.5,1.03,1.94,1.82,1.63,1.56,1.54
1522,堤維西,0.75,0.73,0.87,0.8,0.75,0.89,0.62,0.51,0.09
1524,耿鼎,0.36,0.28,0.32,0.17,0.46,0.06,0.24,0.3,0.32
1525,江申,2.4,1.79,1.72,1.78,1.92,1.82,1.88,1.97,1.7
1526,日馳,0.01,0.22,0.77,0.08,0.73,-0.57,1.26,1.48,0.54
1527,鑽全,,,,,,,,,
1528,恩德,-0.28,0.14,0.15,0.05,0.21,-0.08,0.23,0.39,0
1529,樂士,-0.56,0.06,-0.04,-0.02,-0.16,0.02,0.01,0,0.06
1530,亞崴,0.42,0.24,0.45,0.19,0.54,-0.25,0.67,0.69,0.72
1531,高林股,0.08,0.04,0.19,0.11,0.22,0.05,0.28,0.28,0.2
1532,勤美,0.97,0.48,0.35,0.97,0.8,0.43,0.43,0.14,0.58
1533,車王電,0.43,0.28,0.11,0.21,0.25,-0.24,0.56,0.56,0.26
1535,中宇,1.03,0.58,0.53,0.49,0.41,0.16,0.26,0.52,0.57
1536,和大,1.26,1.1,1.3,0.96,1.42,1,1.34,1.23,1.15
1537,廣隆,2.5,2.28,2.96,2.76,3.29,2.2,3.26,2.67,2.89
1538,正峰新,-0.48,0,-0.32,-0.13,-0.83,0.28,-1.44,-0.48,-0.21
1539,巨庭,0.32,0.89,0.64,0.24,1.18,-0.43,0.72,0.53,0.34
1540,喬福,-0.33,0.15,0.08,0,0.24,-0.31,0.37,0.45,0.03
1541,錩泰,0.75,1.13,1.11,0.69,1.44,-0.05,0.56,0.72,0.48
1558,伸興,2.93,1.46,4.24,4.25,4.1,-1.37,4.1,3.79,2.15
1560,中砂,,,,,,,,,
1565,精華,8.13,8.11,8.73,8.83,9.6,4.84,8.99,9.85,7.85
1566,捷邦,1.53,-0.03,0.07,0.15,0.67,0.15,0.18,0.36,0.35
1568,倉佑,0.44,0.39,0.37,0.32,0.69,0.24,0.63,0.39,0.61
1569,濱川,0.37,-0.21,0.37,0.78,0.94,0.71,0.5,0.66,0.7
1570,力肯,0.1,0.28,0.09,0.21,0.66,0.17,0.37,0.74,0.2
1580,新麥,3.34,1.13,3.11,3.58,3.46,1.44,2.79,3.7,3.09
1582,信錦,1.22,1,1.33,1.95,1.65,1.27,1.61,1.47,0.91
1583,程泰,1.27,0.5,0.41,0.31,1.03,-0.16,1.04,1.47,1.09
1584,精剛,,-0.1,0.12,0.01,-0.01,-0.17,-0.27,-0.12,-0.39
1586,和勤,0.36,0,-0.43,-0.34,0.24,0.08,-0.05,0.21,0.17
1589,永冠-KY,3.72,2.5,2.77,1.34,1.88,0.6,1.68,0.53,-0.53
1590,亞德客-KY,1.71,2.45,3.38,3.04,1.85,3.31,5.22,4.74,4.19
1591,駿吉-KY,0.21,0.25,0.53,0.43,0.8,0.18,-0.09,0,-0.04
1592,英瑞-KY,0.14,1.21,1.27,1.19,0.66,0.89,0.61,0.76,0.46
1593,祺驊,1.23,0.53,0.84,0.93,1,0.3,0.82,1.41,1.13
1595,川寶,0.27,0.35,0.47,0.49,-0.59,0.5,1.06,0.55,4.26
1597,直得,0.35,0.32,0.53,0.17,0.36,0.2,0.98,1.3,1.36
1599,宏佳騰,2.76,1.03,0.41,2.43,0.89,0.35,0.25,0.68,1.1
1603,華電,0.51,0.4,0.38,0.95,-0.18,0.47,0.15,0.63,0.21
1604,聲寶,0.06,0.51,0.71,0.26,0.11,0.18,0.34,0.24,-0.14
1605,華新,0.12,0.27,0.31,0.42,0.35,0.25,0.2,1.04,0.46
1608,華榮,0.11,0,-0.04,0.15,0.06,0.17,0.13,0.19,0.2
1609,大亞,-0.12,-0.25,0.07,0.21,0.02,0.05,0.18,0.44,0.15
1611,中電,-0.15,-0.01,-0.1,-0.08,-1.96,0.03,-0.16,-0.29,1.98
1612,宏泰,0.02,0.01,0.04,0.17,0.08,0.2,0.22,0.18,0.05
1613,台一(下市),-1.68,-0.16,0.07,-0.11,,,,,
1614,三洋電,0.21,0.26,0.5,0.34,0.07,0.11,0.24,0.24,0.2
1615,大山,-0.02,-0.09,0.28,0.28,0.37,0.06,0.42,0.47,0.37
1616,億泰,-0.13,-0.05,0.15,0.14,-0.13,-0.06,0.06,-0.2,-0.36
1617,榮星,0.15,0.01,0.06,0.16,0.38,0,0.26,0.4,0.14
1618,合機,0.56,-0.05,0.23,0,0.05,-0.03,0.28,-0.02,0.12
1626,艾美特-KY,-0.81,0.28,1.93,-0.54,0.62,0.31,1.03,-0.94,-0.37
1701,中化,0.1,0.35,0.37,0.23,0.11,0.32,0.21,0.35,0.17
1702,南僑,0.99,0.98,1.17,1.03,0.92,0.72,0.95,0.89,0.82
1704,榮化,1.54,0.98,1.26,1.09,1.3,0.98,1.08,1.25,0.87
1707,葡萄王,2.36,2.1,2.19,2.46,2.86,1.91,2.37,2.44,3.27
1708,東鹼,-0.89,0.53,0.45,0.58,1.43,0.49,0.68,0.6,0.67
1709,和益,0.21,0.43,0.57,0.46,0.45,0.29,0.46,0.34,0.19
1710,東聯,-0.39,-0.11,-0.27,-0.32,0.07,0.51,0.01,1.13,0.33
1711,永光,0.23,0.28,0.24,0.26,0.07,0.17,0.1,0.2,0.2
1712,興農,0.58,0.45,0.4,0.25,0.46,0.33,0.46,0.39,0.22
1713,國化,,,,,,,,,
1714,和桐,-0.18,0.09,0.15,0.01,0.16,0.06,0.06,0.23,-0.02
1715,萬洲化學(下市),,,,,,,,,
1717,長興,0.87,0.51,0.79,0.67,0.41,0.42,0.26,0.39,0.58
1718,中纖,-0.27,-0.07,-0.11,-0.06,0.1,-0.01,-0.02,0.41,0.18
1720,生達,0.43,0.45,0.4,0.61,0.44,0.33,0.56,0.87,0.28
1721,三晃,0.16,0.16,0.32,0.09,0.37,0.05,-0.05,0.2,0.12
1722,台肥,1.12,0.07,0.29,0.19,-0.62,0.52,0.48,0.37,0.28
1723,中碳,0.81,0.99,1.02,1.08,1.26,1.11,1.13,1.28,1.37
1724,台硝,0.95,0.35,0.35,0.43,0.3,0.02,0.22,0.14,0.32
1725,元禎,0.19,0.1,0.28,0.47,0.28,0.14,0.21,0.64,0.2
1726,永記,1.37,1.5,1.69,1.65,1.67,1.3,1.29,1.03,1.26
1727,中華化,0.23,0.16,0.21,0.22,0.3,0.1,0.16,0.27,0.31
1729,必翔實業(下市),,,,,,,,,
1730,花仙子,0.82,0.64,0.73,0.87,0.76,0.74,0.72,0.9,0.72
1731,美吾華,0.17,0.1,0.11,0.26,0.21,0.16,0.15,0.27,0.07
1732,毛寶,-0.08,-0.01,-0.15,-0.13,-0.28,-0.08,0.02,0.08,0.14
1733,五鼎,0.76,0.68,0.65,0.01,-1.31,-0.39,0.58,0.22,0.45
1734,杏輝,0.41,-0.1,-0.01,-0.04,0.25,-0.05,0.06,0.08,0.13
1735,日勝化,0.36,0.16,0.27,0.17,0.14,0.02,0.07,0.29,0.26
1736,喬山,1.85,-0.19,0.14,0.54,1.87,-0.2,-0.72,0.22,1.12
1737,臺鹽,0.16,0.34,0.58,0.5,0.34,0.33,0.57,0.55,0.32
1742,台蠟,-0.34,-0.23,-0.17,-0.9,-0.83,0.04,0,0.02,0.05
1752,南光,,0.65,0.49,0.41,0.68,0.64,0.35,0.33,0.51
1762,中化生,0.81,0.23,0,0.18,0.37,-0.15,-0.16,0.8,0.62
1773,勝一,1.08,1.12,1.35,1.33,1.43,1.32,1.44,1.56,1.53
1777,生泰,,,,,,,,,
1781,合世,-0.6,-0.63,-0.47,-0.21,-0.28,-0.55,-0.31,-0.18,-0.39
1783,和康生,-0.36,-0.14,-0.04,-0.02,0.04,-0.06,0.12,0.11,0.05
1784,訊聯,0.06,0.04,-0.09,-0.06,-0.08,-0.03,-0.06,-0.05,0.02
1785,光洋科,-0.39,-2.17,1.42,-0.09,-0.36,0,0.11,0.03,0.15
1786,科妍,0.2,-0.01,0.01,-0.9,0.4,-0.04,0.02,0.01,0.33
1787,福盈科,0.46,0.44,0.5,0.32,0.49,0.4,0.56,0.53,0.49
1788,杏昌,1.58,1.45,1.1,1.52,1.85,1.72,1.81,1.56,2.09
1789,神隆,0.27,0.23,0.23,0.22,0.19,0.22,0.11,0.14,0.08
1795,美時,0.12,0.27,0.07,-0.14,-0.76,-0.3,0.15,0.2,-0.01
1799,易威,-0.76,-0.48,-0.65,-0.74,-1.34,-0.75,-0.66,-0.77,-0.77
1802,台玻,-0.53,-0.12,-0.21,-0.11,-0.13,0,0.13,0.28,0.32
1805,寶徠,2.32,-0.49,-0.33,-0.22,-0.36,-0.21,-0.29,-0.21,0.68
1806,冠軍,-0.06,-0.25,0.3,-0.06,0.1,-0.49,0.13,0.14,0.01
1808,潤隆,,,,,,,,,
1809,中釉,0.05,0.24,0.35,0.1,-0.01,-0.22,0.15,0.09,-0.12
1810,和成,0.05,-0.1,0.05,0.86,0,0.06,0.07,0.15,0.17
1813,寶利徠,0.46,0.41,0.45,0.16,0.05,-0.03,0.21,0.07,-0.21
1815,富喬,0.3,0.26,0.13,0.32,0.34,0.24,0.41,0.47,0
1817,凱撒衛,0.99,0.64,0.75,0.89,1.12,0.66,0.88,0.94,1.1
1902,台紙,-0.01,0.11,0.02,0.14,-0.96,0.08,0.14,0.15,0.2
1903,士紙,-0.16,-0.22,-0.27,-0.04,-0.17,-0.19,-0.2,-0.06,-0.21
1904,正隆,0.06,0.18,0.41,0.35,0.23,0.32,0.31,0.28,0.39
1905,華紙,0.17,0.07,0.1,0.05,0.14,0.12,0.15,0.16,0.14
1906,寶隆,0,-0.18,1.01,-0.13,5.81,0.17,1.74,0.56,0.3
1907,永豐餘,-0.04,-0.07,-0.07,0.21,0.01,-0.03,0.3,0.64,0.05
1909,榮成,0.19,0.25,0.55,0.17,1.42,0.85,0.8,0.98,0.79
2002,中鋼,-0.1,0.03,0.33,0.42,0.23,0.23,0.21,0.23,0.4
2006,東和鋼鐵,0.35,0.21,0.69,0.3,0.29,0.5,0.41,0.26,0.54
2007,燁興,-0.16,-0.06,-0.06,-0.17,-0.12,-0.05,-0.15,-0.1,-0.05
2008,高興昌,,,,,,,,,
2009,第一銅,,,,,,,,,
2010,春源,0.59,0.23,0.33,0.25,0.2,0.27,0.04,0.09,0.2
2012,春雨,0.08,0.01,0.16,0.28,0.42,0.05,0.31,0.14,0.31
2013,中鋼構,0.22,0.11,0.13,0.11,0.01,0.09,0.05,0.06,0.07
2014,中鴻,-0.39,0,0.51,0.53,0.28,0.48,0.22,0.31,0.81
2015,豐興,1.04,0.81,0.84,0.89,0.58,1.24,0.99,0.87,1.58
2017,官田鋼,-0.23,-0.09,0.42,0.09,0.13,0.46,0.08,0.18,0.26
2020,美亞,0.22,0.33,0.5,0.48,0.35,0.53,0.34,0.28,0.31
2022,聚亨,-0.37,-0.04,0.06,-0.03,-0.16,-0.02,-0.2,-0.07,0.13
2023,燁輝,-0.34,0.14,0.6,0.31,0.4,0.49,0.12,0.11,0.04
2024,志聯,0.06,,,,,,,,
2025,千興,-0.35,-0.09,0.02,0.16,0.19,0.18,-0.41,0.16,0.55
2027,大成鋼,-0.07,-0.17,0.22,0.07,0.46,0.24,0.41,0.3,0.21
2028,威致,,,,,,,,,
2029,盛餘,0.34,0.69,1.02,1.08,1.16,1.17,0.54,0.21,0.39
2030,彰源,-0.71,0.2,0.02,0.26,0.57,0.7,0.3,0.22,0.65
2031,新光鋼,-1.27,0.83,0.35,0.81,0.52,1.19,0.53,0.78,0.98
2032,新鋼,,,,,,,,,
2033,佳大,,,,,,,,,
2034,允強,0.26,0.35,0.5,0.46,0.63,0.55,0.5,0.55,0.41
2035,唐榮,-0.37,-0.21,0.84,0.35,0.46,,,,
2038,海光,-0.34,0.01,0.01,-0.09,0.73,-0.16,-0.1,-0.26,0.58
2049,上銀,0.38,0.52,1.44,1.18,1.68,1.02,2.53,3.21,3.02
2059,川湖,4.88,2.89,3.19,3.17,7.23,1.15,1.53,3.49,3.37
2061,風青,-0.26,0,-0.18,0.03,0.22,0.24,-0.13,0.21,0.17
2062,橋椿,1.31,1.31,0.71,1.27,1.27,1.13,0.03,0.05,0.12
2063,世鎧,0.4,0.35,0.56,0.46,0.01,0.45,0.71,0.88,0.59
2064,晉椿,-0.1,0.28,0.62,-0.09,0.93,-0.37,0.45,0.21,0.12
2066,世德,,,,,,,,,
2067,嘉鋼,-1,-0.17,0.47,-0.63,-0.47,-0.76,-0.5,0.11,0
2101,南港,0.21,0.21,0.59,0.3,0.13,0.25,0.24,0.14,0.13
2102,泰豐,0.24,0.24,0.01,-0.22,-0.04,-1.21,0.04,-0.21,-0.09
2103,台橡,0.07,0.27,0.56,0.3,0.07,0.43,-0.11,0.36,0.38
2104,中橡,0.33,0.5,0.41,0.9,0.64,0.77,1.31,0.99,0.55
2105,正新,0.99,1.24,1.23,0.92,0.69,0.59,0.53,0.32,0.26
2106,建大,0.91,0.73,0.99,0.85,0.96,0.23,0.01,0.15,-0.01
2107,厚生,0.4,0.06,0.1,0.16,0.43,0,0.1,0.4,0
2108,南帝,0.65,0.5,0.63,0.25,0.33,0.35,0.27,0.44,0.68
2109,華豐,0.02,0.18,0.09,0.12,-0.26,0.04,0.03,-0.05,-2.96
2114,鑫永銓,1.39,1.17,1.41,1,1.61,0.24,1.27,1.66,1.84
2115,六暉-KY,0.76,0.88,1.13,1.07,1.19,1.05,0.91,0.68,0.7
2201,裕隆,0.67,0.4,0.43,0.35,-0.33,0.48,0.22,0.63,0.13
2204,中華,0.39,0.76,0.69,0.61,0.24,0.75,0.89,0.72,0.6
2206,三陽工業,-0.38,0.03,0.07,-0.36,-0.11,0.02,0.52,0.23,-0.18
2207,和泰車,3.81,4.9,5.4,4.69,4.66,5.75,4.08,4.4,4.29
2208,台船,0.26,0.05,-0.02,-1.14,-0.63,-2.01,-1.56,-2.88,-1.46
2221,大甲,0.79,0.24,0.17,0.49,1.11,0.33,0.47,0.57,0.69
2227,裕日車,3,3.64,4.38,3.1,4.31,4.81,6.1,5.64,5.59
2228,劍麟,2.29,2.38,2.29,2.17,2.25,1.65,1.12,1.96,2.53
2230,泰茂,0.02,0.01,-0.19,0.01,0.19,-0.3,-0.02,-0.11,-0.01
2231,為升,3.32,2.91,3.04,2.84,3.35,1.59,2.98,2.94,2.49
2233,宇隆,1.43,1.16,1.46,1.48,2.85,1.65,1.98,2.28,2.14
2235,謚源,,,,,,,,,
2301,光寶科,1.07,0.73,0.83,1.35,1.1,0.84,0.75,-1.45,0.98
2302,麗正,0.02,0.05,0.06,-0.01,-0.01,-0.1,-0.05,-0.03,-0.03
2303,聯電,0.25,0.02,0.2,0.24,0.2,0.18,0.17,0.28,0.14
2305,全友,0.05,0.03,-0.04,-0.12,0.2,-0.06,-0.03,2.82,-0.23
2308,台達電,1.99,1.5,1.65,2.18,1.91,1.51,1.63,2.1,1.83
2311,日月光,0.6,0.49,0.54,0.69,1,0.29,0.9,0.73,0.72
2312,金寶,0.17,0.31,0.29,0.13,0.08,0.15,0.15,0.03,-0.06
2313,華通,0.82,0.22,0.02,0.4,0.73,0.33,0.45,1.17,1.05
2314,台揚,0.05,0.24,0.14,0.17,0.22,0.25,0.26,0.12,0.07
2316,楠梓電,-0.75,-0.15,0,-0.3,0.62,-0.57,0.22,0.12,0.2
2317,鴻海,3.38,1.59,1.02,2,3.97,1.63,1.03,1.21,4.14
2321,東訊,-0.03,0.01,0.04,0.02,0,-0.06,0.01,-0.01,-0.04
2323,中環,-0.66,-0.21,-0.14,-0.23,-0.69,-0.28,-0.01,-0.16,-0.16
2324,仁寶,0.51,0.36,0.39,0.49,0.59,0.24,0.06,0.53,0.47
2325,矽品,-0.07,0.51,0.9,0.86,0.91,0.32,0.69,0.72,0.48
2327,國巨,1.14,1.57,1.78,1.73,2.58,2.34,3.51,5.09,8.61
2328,廣宇,0.07,-0.04,1.66,0.17,0.32,0.15,0.32,0.49,0.36
2329,華泰,0.42,0.28,0.25,0.09,0.01,-0.23,-0.17,-0.12,-0.37
2330,台積電,2.81,2.5,2.8,3.73,3.86,3.38,2.56,3.47,3.83
2331,精英,-0.02,0.23,-3.21,0.8,0.48,0.34,0.26,0.21,-0.42
2332,友訊,-1.45,-0.33,-0.73,-0.58,0.17,-0.33,-0.13,0.06,0.11
2337,旺宏,-0.46,-0.25,-0.19,0.18,0.19,0.11,0.34,1.18,1.43
2338,光罩,0,-0.19,-0.06,-0.16,-0.24,-0.1,0.06,0,-0.24
2340,光磊,0.29,0.21,0.5,0.53,0.32,0.42,0.38,0.43,0.29
2342,茂矽,-0.24,-0.26,-0.06,0.01,-0.01,-0.32,0.01,0.1,0
2344,華邦電,0.23,0.22,0.18,0.18,0.23,0.17,0.25,0.52,0.45
2345,智邦,0.84,0.73,0.88,0.88,0.97,1.17,1.15,1.18,1.12
2347,聯強,0.27,0.72,0.67,0.73,0.79,0.68,0.8,1.13,1.06
2348,海悅,0.01,0.06,0.03,0.03,0,0.22,0.6,0.53,0.78
2349,錸德,-0.34,-0.27,-0.23,-0.22,-0.54,-0.22,-0.22,-0.26,-0.66
2351,順德,0.59,0.85,0.98,1.05,1.12,0.85,0.98,1.17,0.93
2352,佳世達,0.13,0.26,0.41,0.73,0.81,0.63,0.69,0.65,0.72
2353,宏,0.08,0.01,0.17,0.08,-1.86,0.02,0.08,0.47,0.34
2354,鴻準,2.45,1.74,1.82,2.36,1.67,0.72,1.18,1.88,3.26
2355,敬鵬,1.53,1.62,1.53,1.45,1.66,0.97,0.98,1.23,0.6
2356,英業達,0.28,0.34,0.39,0.34,0.5,0.19,0.54,0.65,0.51
2357,華碩,6.12,5.6,5.55,8.05,6.65,4.92,2.71,7.86,5.45
2358,廷鑫,,-1.13,-0.27,-0.62,-1.09,0.16,0.12,0.05,0.1
2359,所羅門,0.94,0.17,0.22,0.12,0.44,-0.06,0.28,0.24,-0.13
2360,致茂,0.66,0.82,1.14,1.47,0.98,0.7,1.26,2.11,2.16
2361,鴻友科技(下市),,,,,,,,,
2362,藍天,0.28,0.1,0.37,0.05,0.35,0.05,0.43,0.25,0.31
2363,矽統,0.06,-0.09,-0.13,0.17,-0.28,-0.2,-0.16,0.14,-0.28
2364,倫飛,-0.12,-0.21,-0.3,-0.66,-0.33,-0.3,-0.12,-0.12,-0.42
2365,昆盈,0.03,-0.1,-0.05,-0.17,-0.74,-0.1,0.04,0.21,0.04
2367,燿華,0.26,-0.48,-1.07,-0.24,0.53,-0.39,0.05,0.31,1.16
2368,金像電,-0.07,-0.32,0.12,0.23,0.23,-0.33,0.09,-0.23,-0.02
2369,菱生,-0.05,0.03,0.06,0.42,0.11,0.11,0.08,0.1,0.05
2371,大同,-0.43,-0.34,-0.29,-0.19,-0.17,0.04,0.23,-0.06,-0.18
2373,震旦行,0.83,0.88,0.86,1.02,0.95,1.39,1.46,1.74,3.08
2374,佳能,0.34,-0.1,0.18,0.8,0.48,0.06,0.24,0.46,0
2375,智寶,0.1,-0.44,-0.23,0.01,0.15,0.24,1.05,0.63,0.6
2376,技嘉,0.51,0.86,0.68,1.29,0.81,0.42,0.9,1.75,1.33
2377,微星,1.25,1.37,1.1,1.91,1.41,1.63,0.78,1.91,1.53
2379,瑞昱,1.43,1.17,2.02,1.48,1.35,1,1.84,2.28,1.57
2380,虹光,-0.42,-0.5,-0.27,-0.34,-0.34,-0.63,-0.53,-0.71,-1.19
2382,廣達,1.28,0.94,0.91,1.02,1.05,0.72,1.03,1.03,0.93
2383,台光電,1.88,1.75,1.87,2.58,2.49,2.25,2.29,2.41,1.77
2384,勝華科技(下市),,,,,,,,,
2385,群光,1.84,0.74,1.18,1.09,1.95,0.84,1.22,1.7,1.81
2387,精元,1.04,0.67,0.44,0.54,0.61,0.93,0.01,0.22,-0.2
2388,威盛,-0.8,0.15,0.13,0.07,0.06,0.04,0.03,0.04,0
2390,云辰,0.31,0.15,-0.12,-0.26,0.01,-0.41,-0.3,-0.07,0.13
2392,正崴,0.49,0.05,0.02,0.45,1.03,0.19,0.74,1.23,0.45
2393,億光,1.26,1.01,1.01,1.03,1.04,0.71,0.85,0.64,0.53
2395,研華,2.12,2.14,2.3,2.31,2.2,1.73,2.47,2.28,2.35
2397,友通,0.66,1.3,1.19,1.03,1.08,0.68,1.1,1.19,0.68
2399,映泰,-0.33,-0.12,0.15,-0.26,0.04,-0.2,0.46,0.33,-0.03
2401,凌陽,0.4,0,0.04,0.07,0.09,0.54,0.05,0.13,0
2402,毅嘉,0.01,-0.16,-0.14,0.06,0.33,-0.26,-0.27,-0.37,0.01
2404,漢唐,0.77,1.36,1.65,1.77,1.73,0.78,1.55,1.76,1.02
2405,浩鑫,-0.04,-0.16,-0.03,0.12,-0.21,-0.24,0.14,-0.06,-0.28
2406,國碩,0.5,0.7,0.25,-0.45,-0.4,-0.73,-4.4,-0.38,-2.26
2408,南亞科,0.68,0.67,0.14,0.51,7.3,1.11,2.19,2.88,7.41
2409,友達,-0.85,-0.57,-0.06,0.51,0.93,0.98,1.02,0.92,0.44
2412,中華電,1.22,1.5,1.43,1.23,1,1.24,1.35,1.31,1.12
2413,環科,0.2,0.13,0.25,0.07,-0.27,-0.65,0.23,0.22,-0.78
2414,精技,0.34,0.44,0.33,0.4,0.27,0.43,0.38,0.5,0.27
2415,錩新,0.13,0.22,0.53,0.96,0.66,0.16,0.34,0.57,0.69
2417,圓剛,-0.35,-0.25,-0.11,-0.11,-0.02,-0.19,-0.09,0.05,-0.06
2419,仲琦,0.5,0.4,0.34,0.39,0.85,0.06,0.44,0.49,0.36
2420,新巨,1.15,0.87,0.84,0.68,1.32,0.15,1.02,1,0.84
2421,建準,0.66,0.2,0.56,0.7,0.82,0.51,0.83,0.73,0.55
2423,固緯,0.55,0.4,0.48,0.4,0.47,0.51,0.73,0.4,0.32
2424,隴華,-0.66,-0.42,-0.27,-0.58,-0.24,-0.9,-0.19,-0.03,-0.52
2425,承啟,0.44,0.13,0.14,0.09,0.48,-0.64,0.12,0.09,-0.09
2426,鼎元,0.1,0.11,0.18,0.07,0.56,-0.18,0.32,0.21,0.31
2427,三商電,0.09,0.04,0.07,0.1,0.05,0.05,0.12,0.19,0.02
2428,興勤,1.14,0.97,1.73,2.45,1.88,1.61,3,1.82,2.04
2429,銘旺科,-1.44,0.13,0.34,0,-0.25,-0.41,-0.44,-0.51,-0.84
2430,燦坤,0.15,1.01,0.75,0.63,0.46,0.51,0.2,0.55,0.36
2431,聯昌,-0.17,0.09,0.21,0.2,0.37,0.05,0.06,0.01,-0.47
2433,互盛電,0.64,0.57,0.5,1.43,0.49,1.15,0.56,1.51,0.63
2434,統懋,-0.18,-0.48,-0.44,-0.33,0.12,-0.73,-0.22,-0.16,-0.73
2436,偉詮電,0.05,0.08,0.12,0.31,0.12,0.02,0.23,0.51,0.25
2437,旺詮(下市),1.41,0.94,1.63,1.17,1.55,0.46,,,
2438,翔耀,-0.06,0.01,-0.07,-0.01,-0.01,0.1,-0.3,-0.17,-0.44
2439,美律,1.58,0.21,1.73,4.95,3.98,1.59,2.69,3.07,10.71
2440,太空梭,-0.11,-0.12,0,0.09,0.1,0.08,0.1,0.34,0.33
2441,超豐,,,,,,,,,
2442,新美齊,0.06,-0.36,0.12,0.19,0.19,-0.08,0.02,-0.17,-0.21
2443,新利虹,-0.32,-0.32,-0.45,-0.42,-0.34,-0.39,-0.45,-0.55,-0.47
2444,友旺,0.9,0.31,0.31,0.08,-0.08,,,,
2448,晶電,-2.41,-1.5,-1.6,0,-0.15,-0.26,0.67,0.74,0.36
2449,京元電子,0.4,0.52,0.73,0.75,0.56,0.46,0.49,0.54,0.36
2450,神腦,1.27,0.98,0.85,1.05,0.98,0.59,0.96,0.9,0.74
2451,創見,1.88,1.45,1.77,1.1,2.37,1.33,1.8,1.65,1.38
2453,凌群,0.23,0.04,0.23,0.04,0.36,0.19,0.1,0.22,0.4
2454,聯發科,2.82,2.76,4.11,4.93,3.19,4.24,1.5,3.23,6.42
2455,全新,,,,,,,,,
2456,奇力新,1.04,1.13,1.19,1.59,1.37,0.61,1,1.82,1.5
2457,飛宏,-0.21,-0.72,-0.67,-0.21,0.51,0.08,0.02,0.23,-0.31
2458,義隆,0.41,0.25,0.32,0.56,0.37,0.32,0.67,0.92,0.56
2459,敦吉,0.83,0.75,0.85,1.26,0.86,1.01,0.92,1.33,0.87
2460,建通,0.07,-0.09,0.13,0.09,0.15,-0.11,-0.08,0,0.19
2461,光群雷,0.25,0.23,0.21,0.45,0.73,0.04,0.2,0.45,0.25
2462,良得電,0.5,0,0.12,0.28,0.65,-0.26,0.2,0.27,0
2464,盟立,0.83,0.58,0.69,0.42,0.86,-0.24,0.86,0.56,0.97
2465,麗臺,-0.29,-0.37,-0.46,-0.26,-0.86,1.62,-0.17,-0.04,-2.5
2466,冠西電,-0.25,-0.24,0.1,-0.08,0.27,-0.3,0.02,0.13,0.16
2467,志聖,-3.26,0.31,0.29,0.4,0.33,0.26,0.83,0.81,0.64
2468,華經,0.34,0.1,0.22,0.1,0.23,0.09,0.15,0.12,0.17
2471,資通,0.56,0.26,-0.15,0.45,1.16,-0.62,0.51,-0.02,0.81
2472,立隆電,0.59,1.14,0.55,0.63,0.95,0.12,1,1.47,0.93
2474,可成,9.17,5.4,5.01,5.8,12.37,2.71,5.31,9.59,10.74
2475,華映,-0.43,-0.44,0.04,0.02,0.1,0.26,0.18,0.04,-0.02
2476,鉅祥,0.6,0.4,0.69,0.63,0.88,0.16,0.54,0.83,0.57
2477,美隆電,0.39,0.28,0.29,0.38,0.54,0.45,0.43,0.47,0.44
2478,大毅,0.2,0.34,0.3,0.3,0.37,0.18,0.18,0.29,0.35
2480,敦陽科,0.55,0.5,0.53,0.72,0.5,0.69,0.74,0.76,0.68
2481,強茂,0.31,0.48,0.37,0.39,0.4,0.34,0.55,0.74,-2.55
2482,連宇,-0.39,0.15,0.06,-0.01,0.1,-0.49,-0.18,-0.22,-0.24
2483,百容,0.2,0.33,0.36,0.34,0.58,0,0.4,0.7,0.35
2484,希華,0.33,0.07,0.51,0.27,0.63,0.09,0.37,0.34,0.25
2485,兆赫,0.89,0.71,0.35,0.17,0.44,-0.42,0.28,0.2,0.04
2486,一詮,-0.94,-0.16,-0.11,-0.06,-0.17,-0.4,0.04,-0.19,-0.27
2488,漢平,1,1.13,1.35,1.49,1.67,0.51,0.58,0.86,0.42
2489,瑞軒,1.25,1.23,0.42,0.3,0.01,-0.61,-0.41,0.12,-0.17
2491,吉祥全,1.03,-0.14,-0.15,-0.15,0.09,-0.02,0.55,-0.04,0.01
2492,華新科,0.6,0.76,0.98,1.3,1.11,0.82,0.91,1.78,1.86
2493,揚博,,,,,,,,,
2495,普安,0.38,0.11,0.2,0.19,0.56,-0.03,0.07,0.12,0.27
2496,卓越,,0.31,-0.81,0.01,2.37,2.13,2.63,2.39,2.25
2497,怡利電,-0.02,0.05,0.13,-0.14,0.05,-0.31,-0.14,-0.23,-0.09
2498,宏達電,-4.07,-3.18,-3.72,-2.18,-3.77,-2.48,-2.38,-3.8,-11.94
2499,東貝,0.03,0.01,0.08,0.02,-1.32,-0.44,0.02,-0.31,-4.19
2501,國建,0.29,0.23,0.87,0.56,0.94,0.57,0.14,0.11,0.43
2504,國產,-0.12,-0.05,-0.24,-0.22,-2.77,2.05,0.05,0.04,-0.11
2505,國揚,0.12,-0.09,0.03,-0.14,0.21,0.11,0.36,-0.11,-0.12
2506,太設,-0.08,0.05,0.17,0.39,-0.31,0.22,-0.12,0.01,-0.08
2509,全坤建,4.37,0.08,-0.35,-0.02,-0.08,-0.07,-0.02,0.11,0.17
2511,太子,0.85,0.07,0.13,0.11,0.68,0.09,0.14,0.22,0.35
2514,龍邦,1.14,-0.13,-0.04,1,-0.06,0.31,1.29,0.76,0.09
2515,中工,-0.57,0.03,-0.01,0.11,0.05,0.02,0.08,0.06,0.02
2516,新建,-0.03,0.12,-0.02,0.61,-0.61,-0.17,-0.98,-0.1,-1.13
2520,冠德,1.29,0.22,0.57,0.52,0.15,0.13,0.2,0.31,0.05
2524,京城,0.13,0.12,-0.09,0.57,0.89,0.16,0.22,0.77,0.87
2527,宏璟,0.48,0.05,-0.15,0.47,-0.14,-0.13,-0.19,0.39,0.05
2528,皇普,,,,,,,,,
2530,華建,2.42,2.05,-0.21,-0.08,-0.2,-0.11,-0.1,-0.07,-0.13
2534,宏盛,,,,,,,,,
2535,達欣工,0.46,0.67,0.68,0.29,1.29,0.44,0.5,0.35,0.71
2536,宏普,,,,,,,,,
2537,聯上發,,,,,,,,,
2538,基泰,-0.38,0.25,-0.22,-0.21,-0.05,-0.16,0.09,0.13,0.07
2539,櫻花建,,,,,,,,,
2540,愛山林,0.83,0.04,0.27,1.06,0.4,0.05,0.36,-0.35,0.07
2542,興富發,4.97,2.43,0.51,1.68,0.82,0.3,0.25,1.04,0.07
2543,皇昌,-0.02,0.16,0.14,0.09,0.07,0.1,-0.06,-0.03,0.02
2545,皇翔,0.86,1.24,5.33,0.6,-1.16,0.87,-0.27,0.04,0.06
2546,根基,-0.04,0.46,0.43,0.88,0.16,0.36,1.04,0.95,0.45
2547,日勝生,-0.42,-0.28,-3.7,-0.99,-0.58,-0.82,-0.35,-0.4,0.72
2548,華固,1.47,-0.13,-0.16,4.09,4.93,0.27,0.89,6.26,0.45
2596,綠意,0.1,-0.05,0.9,1.75,1.55,0.58,0.25,0.35,1.45
2597,潤弘,1.34,0.5,0.45,1.72,1.83,0.72,0.75,0.56,0.52
2601,益航,-1.25,-1.3,-0.11,-1.21,-0.3,0.36,-0.18,0.16,0.56
2603,長榮,-0.96,-1.09,-0.16,-0.33,-0.3,0.08,0.69,0.93,0.04
2605,新興,0.37,0.48,0.23,0.15,0.2,0.29,0.33,0.02,0.27
2606,裕民,0.25,-0.77,-0.57,0.01,0.29,-0.02,0.16,0.57,0.47
2607,榮運,0.18,0.18,0.22,0.16,0.19,0.16,0.17,0.21,0.29
2608,大榮,0.64,0.71,0.85,0.54,0.57,0.42,0.65,0.83,0.64
2609,陽明,-1.27,-1.22,-1.6,-1.52,-0.63,-0.39,-0.19,0.54,0.17
2610,華航,0.12,0.27,-0.03,0.09,-0.23,-0.69,0.32,0.54,0.23
2611,志信,-0.12,0.01,0.09,-0.09,-0.38,-0.16,-0.05,0.27,-0.01
2612,中航,0.4,0.4,0.17,0.11,-0.44,-0.37,-0.19,0.34,0.71
2613,中櫃,0.2,0.02,0.26,-0.04,0.14,-0.06,0.14,0.18,0.21
2614,東森,-1.94,-0.39,0.48,0.6,-0.35,-0.08,-0.1,-0.02,3.84
2615,萬海,-0.12,0.02,0.11,0.02,0.36,-0.09,0.4,0.58,0.27
2616,山隆,0.47,0.49,0.78,0.84,0.71,2.61,0.54,0.63,0.27
2617,台航,-0.02,0.02,-0.02,-0.04,-0.18,0.04,0.07,0.38,0.62
2618,長榮航,0.12,0.26,0.31,0.58,-0.29,-0.18,0.38,1.08,0.09
2634,漢翔,0.4,0.53,0.64,0.48,0.64,0.12,0.46,0.65,0.63
2636,台驊投控,0.56,0.1,0.4,0.37,0.22,0.26,0.58,0.68,0.5
2637,慧洋-KY,0.84,1.53,0,0.04,0.96,0.07,-0.23,0.31,0.53
2640,大車隊,0.57,0.96,0.53,0.79,0.82,1.06,1.35,1.1,1.04
2641,正德,0.32,-0.09,-0.03,0.03,0.09,-0.06,0,0.04,-2.64
2642,宅配通,-0.04,0.5,0.21,0.08,0.07,0.52,0.48,0.23,0.01
2701,萬企,,,,,,,,,
2702,華園,0.06,0.21,0.24,0.09,0.09,0.06,0.1,0.05,-0.23
2704,國賓,0.19,0.33,0.14,0.44,0.25,0.32,0.22,0.45,0.22
2705,六福,-0.37,-0.2,-0.38,-0.29,-0.18,-0.27,-0.33,-0.43,-2.01
2706,第一店,,,,,,,,,
2707,晶華,2.65,2.02,1.55,1.55,2.41,1.84,1.99,2.03,2.51
2712,遠雄來,,,,,,,,,
2718,晶悅,,,,,,,,,
2719,燦星旅,-0.82,-0.11,-0.36,-0.27,-1.03,-0.49,-1.06,-1.11,-0.63
2722,夏都,,,,,,,,,
2723,美食-KY,2.48,2.49,2.52,3.34,3.4,2.93,2.92,3.71,3.55
2724,富驛-KY,-1.95,-1.62,-1.53,-6.27,-6.33,-0.63,,,-1.47
2726,雅茗-KY,0.55,0.52,0.93,1.53,1.05,1.16,1.27,1.44,0.8
2727,王品,-2.66,1.07,1.08,1.54,0.51,1.69,1.78,1.74,0.8
2729,瓦城,1.95,3.71,3.59,4.05,1.75,3.76,3.67,4.13,2.54
2731,雄獅,0.56,1.08,1.4,0.89,0.17,1.39,2.11,2.07,0.92
2732,六角,1.26,0.6,0.91,1.42,1.64,0.42,1.12,1.73,1.36
2734,易飛網,-0.16,-0.16,-0.14,-0.4,-1.45,0.17,-0.09,-0.6,-2.07
2801,彰銀,0.29,0.38,,,,,,,
2809,京城銀,0.66,0.96,0.95,1.2,1.05,1.08,1.31,1.33,1.15
2812,台中銀,0.21,0.24,0.25,0.29,0.3,0.27,0.24,0.29,0.31
2816,旺旺保,0.18,0.26,0.03,0.4,0.34,0.49,0.74,1.09,0.8
2820,華票,,,,,,,,,
2823,中壽,,,,,,,,,
2832,台產,,,,,,,,,
2833,台灣人壽(下市),,,,,,,,,
2834,臺企銀,0.23,0.23,0.21,0.23,0.2,0.24,0.27,0.25,0.06
2836,高雄銀,0.15,0.2,0.19,0.21,0.19,0.19,0.18,0.17,-0.08
2838,聯邦銀,0.34,0.25,0.22,0.3,0.24,0.24,0.22,0.26,0.26
2841,台開,2.48,0.04,0.38,-0.19,0.1,0.04,0.37,-0.11,0.32
2845,遠東銀,0.27,0.28,0.25,0.26,0.25,0.23,0.29,0.26,0.12
2847,大眾銀行(下市),,,,,,,,,
2849,安泰銀,0.69,0.04,0.23,0.14,,,,,
2850,新產,,,,,,,,,
2851,中再保,,,,,,,,,
2852,第一保,,,,,,,,,
2855,統一證,0.22,0.14,0.09,0.55,-0.16,0.52,0.29,0.48,0.6
2856,元富證,0.59,0.04,0.27,0.19,-0.25,0.09,0.17,0.18,0.15
2867,三商壽,,,,,,,,,
2880,華南金,0.35,0.35,0.38,0.27,0.34,0.21,0.33,0.34,0.2
2881,富邦金,0.53,0.81,1.38,1.53,0.75,0.91,0.81,2.36,0.91
2882,國泰金,0.25,0.61,0.43,1.86,0.66,0.79,1.17,1.62,0.62
2883,開發金,0.16,0.08,0.05,0.17,0.1,0.12,0.12,0.36,0.18
2884,玉山金,0.3,0.42,0.4,0.4,0.28,0.37,0.37,0.4,0.31
2885,元大金,0.04,0.27,0.25,0.34,0.25,0.26,0.32,0.49,0.3
2886,兆豐金,0.56,0.56,0.13,0.6,0.35,0.54,0.52,0.56,0.26
2887,台新金,0.17,0.37,0.28,0.3,0.16,0.31,0.32,0.33,0.25
2888,新光金,0.17,-0.26,0.15,0.25,0.32,-0.29,0.43,0.86,0.02
2889,國票金,0.13,0.24,0.22,0.21,0.1,0.2,0.19,0.22,0.24
2890,永豐金,0.18,0.26,0.21,0.19,0.12,0.21,0.18,0.23,0.2
2891,中信金,0.58,0.34,0.4,0.46,0.24,0.52,0.46,,
2892,第一金,0.35,0.37,0.36,0.39,0.33,0.36,0.43,0.43,0.05
2901,欣欣,,,,,,,,,
2903,遠百,0.5,0.22,0.07,0.14,0.37,0.17,0.08,0.27,0.56
2904,匯僑,0.4,0.54,0.36,0.3,0.32,0.29,0.32,0.39,0.4
2905,三商,-0.85,0.33,1.56,1.21,-0.25,-0.77,2.2,1.48,-0.77
2906,高林,-0.17,0.07,-0.02,0,0.41,-0.09,0.16,0.06,0.06
2908,特力,0.19,0.6,0.23,0.3,0.2,0.6,0.26,0.32,0.43
2910,統領,0.13,0.04,0.01,0.13,0,0.07,0.13,0.07,-0.15
2911,麗嬰房,0.08,0.06,-0.54,-0.3,0.68,-0.14,-0.44,-0.48,3.14
2912,統一超,1.45,2.35,2.49,2.71,1.91,2.64,2.68,2.97,21.55
2913,農林,0.2,0.17,0.1,0.19,-0.05,0.74,0.04,0,0.02
2915,潤泰全,1.94,2.37,0.5,2.32,2.73,0.49,1.12,2.92,9.75
2916,滿心,0.94,0.34,0.06,-0.13,0.8,,,,
2923,鼎固-KY,0.77,0.2,0.56,0.14,0.47,0.13,-0.12,0.06,0.01
2924,東凌-KY,0.35,0,0.01,0.02,0.38,-0.54,-0.25,-1.25,-0.81
2926,誠品生活,3.02,2.78,2,2.51,1.58,2.75,1.8,2.51,1.86
2929,淘帝-KY,5.57,3.1,4.06,0.53,2.77,1.97,3.61,2.8,3.22
3002,歐格,0.13,0.14,0.11,0.2,0.14,0.32,0.13,0.18,0.1
3003,健和興,0.47,0.51,0.6,0.52,0.87,0.61,0.92,0.93,0.73
3004,豐達科,1.42,1.05,1.08,0.89,1.18,0.6,0.8,1.11,1.01
3005,神基,0.63,0.53,0.62,0.82,1.68,0.72,0.72,1.01,0.9
3006,晶豪科,0.23,0.51,0.56,0.29,0.77,0.38,1.13,0.72,0.81
3008,大立光,50.11,27.01,27.52,51.91,63.08,36.42,35.16,57.94,64.19
3010,華立,1.37,1.45,0.86,1.15,1.05,1.26,1.17,1.8,1.86
3011,今皓,-0.09,-0.28,-0.07,0.15,0.22,-0.21,-0.09,-0.27,-0.34
3013,晟銘電,-0.01,-0.18,0.26,0.45,0.63,0.06,0.27,0.65,0.27
3014,聯陽,0.58,0.47,0.55,0.84,0.44,0.55,0.58,0.79,0.49
3015,全漢,1.36,0.25,0.3,0.51,0.56,0.11,-0.04,1.32,0.25
3016,嘉晶,-0.13,0.05,0.1,-0.07,0.01,0.06,0.17,0.19,0.23
3017,奇鋐,0.61,0.6,0.52,0.61,0.71,0.62,0.6,0.7,0.58
3018,同開,-0.92,0.01,-0.13,0.12,0.24,0.1,0.02,0.04,0.67
3019,亞光,-0.3,0.08,0.41,0.57,0.14,0.11,0.7,1.1,0.3
3021,鴻名,0.26,0.16,0.36,0.31,0.26,0.14,0.43,0.34,0.23
3022,威強電,0.67,1.03,0.87,0.99,1.27,1.14,0.73,0.66,0.28
3023,信邦,0.84,1.37,1.37,1.31,1.09,1.25,1.51,1.56,1.12
3024,憶聲,-0.53,-0.18,-0.23,0.17,3.01,0.02,-0.03,-0.07,0.2
3025,星通,0.07,0.05,0.06,0.14,0.14,-0.27,0.18,-0.03,0.33
3026,禾伸堂,0.16,0.69,0.53,0.58,0.46,0.8,0.83,1.55,2.43
3027,盛達,0.1,0.09,0.28,0.13,-0.27,-0.14,-0.24,-0.1,-1.82
3028,增你強,0.43,0.52,0.23,0.28,0.34,0.33,0.36,0.76,0.57
3029,零壹,0.31,0.21,0.41,0.67,0.55,0.13,0.39,0.68,0.4
3030,德律,0.14,0.44,0.79,0.27,0.31,0.32,0.66,1.04,0.49
3031,佰鴻,-0.33,0.05,0.38,0.24,0.23,0.15,0.31,0.32,0.34
3032,偉訓,0.93,0.79,0.81,0.79,1.17,0.5,0.52,0.8,0.33
3033,威健,0.42,0.36,0.29,0.26,0.29,0.31,0.3,0.76,0.58
3034,聯詠,2.49,2.01,2.14,2.02,2.06,1.53,2.01,2.55,2.16
3035,智原,-0.31,0.3,0.5,0.2,0.13,2.1,0.6,0.5,0.17
3036,文曄,1.13,0.86,0.93,1.4,0.42,0.91,0.99,1.39,1.27
3037,欣興,0.59,-0.14,-0.13,-0.2,0.48,0.07,-0.12,-0.21,0.53
3038,全台,0.29,0.3,0.17,0.18,0.3,-0.23,0.19,0.19,0.15
3040,遠見,0.24,0.94,0.33,0.96,0.2,10.43,0.39,0.12,0.13
3041,揚智,0.06,-0.09,-0.31,-0.27,-1.23,-0.38,-0.33,-0.35,-0.5
3042,晶技,0.82,0.73,0.68,0.87,1,1.04,0.54,0.73,0.79
3043,科風,-0.2,-0.39,-0.1,-0.06,0.21,-0.08,-0.41,0.09,0.11
3044,健鼎,1.57,1.28,1.32,1.86,2.34,1.71,1.98,2.49,2.12
3045,台灣大,1.1,1.1,1.2,1.17,1.01,1.16,1.12,1.16,0.71
3046,建,-0.28,-0.56,-0.8,-0.57,-1.16,-0.87,-0.54,0.15,-0.42
3047,訊舟,0.14,0.07,0.32,-0.12,0.14,-0.25,-0.05,-0.11,-0.48
3048,益登,0.4,0.12,0.23,0.68,0.05,0.24,0.35,0.62,0.43
3049,和鑫,-0.12,-0.56,-0.86,0.27,0.48,0.07,0.02,-0.21,0.31
3050,鈺德,0.33,0.14,0.22,0.26,-0.05,0.2,0.42,0.42,-0.16
3051,力特,-0.01,-0.42,-0.23,-0.53,0.33,-0.27,-0.05,0.04,-0.38
3052,夆典,0.21,0.02,0.02,0,0.14,0.02,0.01,0.02,0.81
3054,立萬利,-0.45,0.18,0.04,0.25,0.04,0.37,-0.14,0.25,0.19
3055,蔚華科,3.98,0.44,0.35,0.1,0.42,0.01,0.16,0.09,0.12
3056,總太,0.53,-0.07,4.57,-0.1,-0.08,-0.02,2.82,0.59,-0.14
3057,喬鼎,0.01,-0.34,-0.39,-0.33,-0.96,-0.82,-0.37,-0.55,-1.99
3058,立德,-0.17,0.12,0.13,0.22,0.11,0.02,-0.01,-0.22,0
3059,華晶科,0.12,-0.17,0,0.04,0.32,0.11,-0.06,-0.04,0.03
3060,銘異,0.84,0.12,0.35,0.33,0.43,0.26,0.04,0.14,-0.04
3062,建漢,0.4,0.33,0.24,0.14,0.31,0.06,0.1,0.13,0.14
3064,泰偉,-0.87,1.17,-0.92,-1.18,-1.26,-1.38,-0.9,-1.05,2.16
3066,李洲,-0.55,-0.24,-0.62,-0.34,-0.39,-0.04,-0.09,-0.09,0.08
3067,全域,-0.18,-0.65,-0.25,-0.08,0.44,-0.15,-0.08,-0.34,-0.18
3068,美磊,0.53,0.68,1.01,1.53,1.42,0.97,0.82,2.02,0.86
3071,協禧,0.1,0.02,0.19,0.25,0.13,0.27,0.34,0.46,0.28
3073,凱柏實業,-0.34,-0.07,0.25,0.05,-0.23,-0.17,-0.11,-0.17,-0.23
3078,僑威,1.02,0.57,0.73,0.94,1.14,0.36,0.63,1.03,0.83
3083,網龍,-1,-0.49,-0.22,-0.21,0.02,0,0,-0.12,-0.62
3085,新零售,0.13,-0.02,-0.02,-0.08,-0.54,-0.45,-0.36,-0.46,-1.37
3086,華義,-0.64,-0.07,-1.5,-0.83,-1.21,-0.51,-0.62,-0.35,-0.23
3088,艾訊,1.38,1.35,0.97,1.15,1.09,0.35,9.63,1.15,0.55
3089,遠昇,-1.01,-0.37,-4.8,-0.26,-0.03,-0.12,-1.22,-0.06,0.02
3090,日電貿,0.56,0.45,0.61,0.6,0.66,0.79,0.6,1.03,1.07
3092,鴻碩,0.53,0.47,1.12,1.23,1.69,1.01,1.38,1.27,1.13
3093,港建,1.31,0.66,0.73,0.51,0.13,0.04,0.48,0.12,0.03
3094,聯傑,0.24,0.22,0.21,0.16,0.27,0.07,0.24,0.22,0.1
3095,及成,0.4,-1.26,-3.11,-0.33,0.5,0.11,0.09,0.09,0.5
3105,穩懋,1.19,2.06,1.73,2.47,1.38,1.17,1.76,2.79,3.17
3114,好德,0.01,-0.27,-0.03,0.17,0.57,-0.28,0.62,0.6,0.49
3115,寶島極,-0.14,-0.08,0.05,-0.07,0,0.2,-0.07,0.22,0.17
3118,進階,,,,,,,,,
3122,笙泉,0.41,0.26,0.24,-0.11,0.27,-0.02,-0.11,-0.31,0.05
3126,,,,,,,,,,
3128,昇銳,0.17,0.01,0.09,-0.04,0.17,-0.14,-0.04,0.06,0.34
3130,一零四,2.2,4.92,3.06,2.66,1.36,2.15,2.6,2.83,2
3131,弘塑,5.9,3.76,2.98,2.8,6.36,2.9,6.17,4.85,1.29
3141,晶宏,0.22,0.67,0.88,0.4,0.27,0.06,0.22,0.7,0.44
3144,新揚科,0.02,0.03,0.18,0.35,0.54,0.17,0.44,0.72,0.4
3149,正達,-4.51,0.1,-0.02,-1.1,-1.64,0.06,0.25,-0.14,-0.07
3152,璟德,,,,,,,,,
3162,精確,-0.05,-0.35,-0.27,-1.52,-1.17,-0.24,0.02,0,-0.9
3163,波若威,-0.78,0.51,0.92,1.6,0.99,0.51,-0.37,-0.28,-0.17
3164,景岳,-0.65,-0.09,-0.01,-0.11,-2.44,-0.03,0.46,0.26,-0.18
3167,大量,-0.45,0.57,0.47,0.47,0.7,0.19,1.24,1.61,1.3
3169,亞信,0.48,0.2,0.28,0.36,0.33,0.37,0.53,0.51,0.45
3171,新洲,0.14,0.33,0.45,0.32,0.28,0.08,0.19,0.27,0.12
3176,基亞,-1.13,-0.82,-1.28,-1.08,-0.92,-0.81,-0.71,-0.7,-1.15
3188,鑫龍騰,-0.37,-0.08,-0.11,-0.11,-0.11,0.2,0.21,0.09,0.11
3189,景碩,2.05,1.15,1.35,1.41,1.09,0.31,0.14,0.62,0.04
3191,和進,-0.74,-0.59,-0.76,-2.31,-0.7,-0.14,-0.24,-0.03,0.68
3202,樺晟,0.04,-0.12,0.07,0.26,0.36,-0.1,0.01,-0.18,-0.63
3205,佰研,5.09,4.34,3.12,0.13,0.61,-0.62,-0.33,-0.93,-1.61
3206,志豐,0.23,0.56,0.45,-0.18,0.48,0.36,0.43,0.5,0.1
3207,耀勝,-0.58,0.02,0.14,0.15,-0.05,-0.71,-0.55,-0.57,-1.25
3209,全科,1.19,0.49,0.52,0.49,0.3,0.47,0.05,0.52,0.71
3211,順達,1.4,0.85,0.79,0.79,0.69,0.6,0.31,1.06,0.76
3213,茂訊,,0.42,0.58,1.02,2.4,1.29,1.58,1.21,1.56
3217,優群,0.17,0.2,0.35,1,0.75,0.28,0.67,1.29,0.7
3218,大學光,0.27,0.1,0.4,0.18,0.72,0.14,0.42,0.55,0.47
3219,倚強,-0.09,0.14,0.06,-0.78,-0.52,-0.35,0.41,0.52,-0.13
3221,台嘉碩,0.45,0.37,0.4,0.1,0.23,-0.17,0.15,0.22,0.17
3224,三顧,-0.06,-0.39,-0.5,-0.48,-0.03,-0.12,0.12,-0.1,0.18
3226,至寶電,0.94,0.67,0.53,0.32,1.07,0.09,0.54,0.6,0.96
3227,原相,0.55,0.19,0.2,0.24,0.5,0.62,1.42,1.75,1.5
3228,金麗科,,,,,,,,,
3229,晟鈦,-0.16,-0.01,-0.72,-0.65,-0.36,-0.19,0.22,-0.05,-0.16
3230,錦明,0.01,-0.31,-0.38,-0.25,-0.02,-0.18,-0.21,-0.44,-0.98
3231,緯創,-0.05,0.14,0.23,0.19,0.55,0.2,0.3,0.33,0.58
3232,昱捷,-0.46,-0.21,-0.48,-0.35,-0.31,-0.21,0.29,0.43,0.16
3234,光環,3.06,3.32,1.51,-0.34,-0.67,-2.2,-1.61,-2.71,-2.32
3236,千如,0.38,0.37,0.7,0.53,0.48,0.33,0.69,0.9,0.71
3252,海灣,16.11,-0.17,-0.73,1.21,-0.98,-0.65,0.21,-0.38,-1.06
3257,虹冠電,0.5,0.38,0.78,0.45,0.28,0.05,0.48,0.4,0.08
3259,鑫創,-0.42,-0.26,-0.42,-0.26,0.08,-0.31,-0.55,-0.31,0.2
3260,威剛,0.53,0.52,0.38,1.53,3.36,3.42,1.35,3.25,0.07
3264,欣銓,0.34,0.22,0.47,0.59,0.57,0.47,0.52,0.84,0.8
3265,台星科,-1.29,-0.67,0.8,0.49,3.87,1.76,-0.61,0.68,3.51
3266,昇陽,0.02,-0.02,-0.08,-0.13,0.35,-0.02,-0.03,-0.1,0.23
3268,海德威,-0.17,-0.39,0.08,-0.45,-0.02,-0.99,0.05,-0.39,-0.36
3272,東碩,1.16,0.46,0.73,0.64,1.45,0.02,1.37,1.21,0.41
3276,宇環,0.03,-0.28,-0.22,0.5,0.9,0.02,0.21,0.15,0.1
3284,太普高,0.1,0.15,0.21,0.25,0.56,0.87,0.25,0.36,0.08
3285,微端,0.19,0.12,0.3,0.19,0.54,0,0.39,0.05,0.07
3287,廣寰科,-0.32,-0.37,-0.35,-0.08,-0.03,-0.13,-0.3,-0.15,0.1
3288,點晶,-0.76,-0.45,-1.01,-0.51,-0.45,-0.16,-0.13,0.01,0.19
3289,宜特,1.34,1.29,1.39,0.69,0.33,0.53,1.12,0.51,0.85
3290,東浦,-0.15,-0.31,-0.18,0.06,0.77,0.15,0.01,0.12,0.1
3291,遠翔科技股份有限公司(下櫃),,,,,,,,,
3293,鈊象,1.67,3.4,3.77,2.53,3.08,2.27,3.47,4.08,3.15
3294,英濟,0.15,-0.5,0.23,0.57,0.6,-0.22,0.4,1.15,0.31
3296,勝德,0.26,-0.27,0.37,0.29,0.86,-0.22,-0.01,0.14,0.11
3297,杭特,0.26,0.32,0.07,-0.32,-0.31,-0.65,-0.25,-0.43,-0.49
3299,帛漢,1.3,1.16,1.22,1.29,1.62,1.22,1.4,1.28,1.33
3303,岱稜,0.45,0.41,0.54,0.34,0.53,0.03,-0.77,0.32,0.59
3305,昇貿,0.23,0.5,0.65,0.63,0.25,0.21,0.22,0.18,0.13
3306,鼎天,0.1,0.13,0.61,0.07,-0.6,-0.18,-0.18,-0.24,-0.31
3308,聯德,-0.22,0.34,-0.08,-0.4,-0.07,-0.3,-0.08,0.05,-0.23
3310,佳穎,0.55,0.3,0.09,-0.1,3.31,-0.14,-0.15,0.05,1.37
3311,閎暉,-0.05,-0.35,0.01,-0.11,-0.12,-0.34,-0.14,0.05,0
3312,弘憶國際,-1.87,0.09,0.25,0.12,0,0.07,-2.37,0.35,0.24
3313,斐成,-1.32,-0.39,-0.49,-0.25,-0.73,-0.74,-0.05,0.15,-0.05
3315,宣昶(下市),,,,,,,,,
3317,尼克森,0.11,0.11,0.42,0.11,0.47,0.12,0.12,0.95,0.32
3322,建舜電,-0.46,-0.32,-0.42,-0.18,-0.21,-0.35,-0.1,-0.45,-0.39
3323,加百裕,0.19,0.02,-0.02,0.34,0.56,0.12,0.79,0.71,0.63
3324,雙鴻,0.88,1.39,1.59,2.39,2.49,0.11,1.19,1.86,0.45
3325,旭品,0.24,0.01,-0.03,0.13,0.43,-0.25,-0.4,-0.13,-0.24
3332,幸康,0.33,0.62,0.53,0.74,0.36,0.88,1.15,1.11,0.72
3338,泰碩,0.82,0.24,0.47,0.89,1.09,-0.18,0.38,0.47,-0.17
3339,泰谷,-1.63,-1.18,-0.91,-1.85,-0.1,-0.45,-0.25,0.02,-0.02
3354,律勝,0.06,-0.2,-0.15,-0.06,0.53,-0.52,0.14,0.42,0.41
3356,奇偶,0.8,0.6,0.67,0.12,0.39,-1.06,-0.14,-0.07,-0.68
3360,尚立,0.07,0.23,0.14,0.42,0.43,0.23,0.05,-0.23,-0.4
3362,先進光,-0.47,-0.04,0.07,0.38,0.61,-0.1,0.56,0.72,0.13
3363,上詮,-0.75,1.51,0.01,0.33,0.39,0.46,0.29,0.29,-0.28
3372,典範,,,,,,,,,
3373,熱映,0.46,0.5,0.49,0.12,-0.27,0.01,0.29,0.12,-0.11
3374,精材,,,,,,,,,
3376,新日興,2.49,1.05,1.01,1.36,2.71,0.4,1.36,1.61,0.73
3379,彬台,0.49,-0.64,-0.11,-0.73,0.92,-0.65,-0.44,-0.69,1.39
3380,明泰,-0.26,0.18,0.72,0.22,0.28,0.39,0.33,0.36,0.16
3383,新世紀,-3,-1.16,-1.33,-1.14,-3,-0.73,-0.47,-0.39,-0.37
3388,崇越電,1.01,0.82,1.18,1.5,1.03,1.18,1.17,1.74,1.37
3390,旭軟,0.14,-0.16,-0.1,-0.23,0.29,-0.52,0.23,0.56,-0.21
3402,漢科,0.02,0.66,0.78,0.54,0.57,0.46,0.9,0.66,0.75
3406,玉晶光,-1.46,-3.17,-2.71,1.15,3.18,0.08,1.48,3.14,5.8
3416,融程電,0.99,0.81,0.92,0.64,0.69,0.42,0.4,0.44,0.6
3419,譁裕,-0.06,-0.31,0.08,0.41,0.64,0.09,0.09,0.06,-0.91
3428,光燿科,0.96,0.66,0.31,0.62,1.05,-0.16,1.2,1.28,0.22
3431,長天,-0.76,-0.72,-0.25,-0.25,-0.7,1.71,-0.65,-0.66,-0.75
3432,台端,0.04,-0.01,0,-0.07,0.19,-0.47,0.16,0.08,-0.11
3434,哲固,0.26,0.09,0.19,0.2,0.43,-0.25,0.1,-0.02,0.21
3437,榮創,0.68,0.2,-0.22,0.25,0.17,-0.13,0.01,0.7,0.07
3438,類比科,-0.12,0.06,-0.15,-0.25,0.04,-0.35,-0.13,-0.09,-0.11
3441,聯一光,0.12,-0.23,-0.4,-0.19,0.13,-0.2,0.01,0.13,0.02
3443,創意,1.27,1.19,0.75,1.01,1.16,1.07,1.3,1.24,2.78
3444,利機,0.37,0.17,0.36,0.21,0.42,0.25,0.28,0.34,0.36
3450,聯鈞,3.91,2.75,3.08,2.24,2.7,0.92,1.61,1.56,1.58
3452,益通,-0.24,0,-0.18,-0.59,-0.26,-0.22,-0.18,-0.2,-2.99
3454,晶睿,1.03,1.11,2.06,1.36,1.99,0.53,1.56,1.45,1.67
3455,由田,1.19,-0.51,-0.45,1.48,3.54,-1.41,1.84,0.58,1.74
3465,祥業,-0.16,-1.38,-0.98,0.06,0.51,-0.54,-0.6,-0.75,-0.54
3466,致振,-0.44,-0.04,0.09,-0.42,0.28,-0.19,-0.49,-0.95,-1.2
3474,華亞科(下市),0.07,-0.24,-0.29,0.13,,,,,
3479,安勤,1.45,1.49,1.52,1.03,0.64,0.4,0.58,1.35,0.96
3481,群創,-0.68,-0.86,-0.35,0.31,1.09,1.19,1.22,0.88,0.43
3483,力致,0.86,-0.19,0.55,0.7,1.51,-0.43,-0.49,0.42,0.61
3484,崧騰,0.92,0.61,0.46,0.92,0.72,0.59,0.48,0.73,0.63
3489,森寶,-0.85,0.09,0.15,1.02,0.53,-0.13,0.06,0.06,-0.08
3490,單井,0.49,1.42,-0.27,-0.33,-0.42,-0.58,0.18,0.2,-0.26
3491,昇達科,0.94,0.71,1,1.01,1.55,1.16,1.52,0.64,0.29
3494,誠研,-0.03,0.08,-0.14,-0.39,-0.35,-0.31,-0.12,-0.5,-0.95
3498,陽程,1.2,1.21,0.04,-0.41,0.18,0.09,0.57,0.16,-0.02
3499,環天科,0.01,-0.25,0.02,-0.09,0.33,-0.21,0.44,0.11,-0.18
3501,維熹,1.37,1.51,1.18,1.4,1.84,0.87,1.21,1.53,0.85
3504,揚明光,0.16,-0.59,-0.67,-0.25,-0.23,-0.58,-0.39,-0.34,0
3508,位速,-1.36,-0.99,-1.9,-1.82,-1.78,-1.24,-0.74,0.15,2.35
3511,矽瑪,-0.38,-0.54,-0.89,-1.72,-0.47,-0.62,-0.31,-0.14,-1.26
3512,能緹,0.2,-0.43,-0.41,-0.17,-0.32,-0.32,0.11,0.02,-0.3
3514,昱晶,0.87,1.16,0.21,-5.7,-0.68,-1.49,-0.65,0,-0.72
3515,華擎,0.5,0.67,0.13,0.51,0.08,0.78,0.67,1.45,0.98
3516,亞帝歐,-0.84,-0.18,-0.26,-0.28,-1.83,0.11,0,0.16,-0.04
3518,柏騰,-1.65,-0.71,-1.83,-0.93,-1.69,-0.81,-0.61,-0.77,-0.84
3519,綠能,-0.06,0.94,0.39,-2.18,-1.28,-0.52,-1.03,-0.09,0.22
3520,振維,-0.16,-0.18,-0.16,-0.16,-0.43,-0.26,-0.18,-0.58,-0.66
3521,鴻翊,,,,,,,,,
3522,宏森,-0.81,-0.11,0.01,-0.11,-0.43,-0.26,-0.59,-1.09,0.64
3523,迎輝,-2.14,-1.04,-0.96,-1.1,-1.84,-1.04,-1.01,4.16,-0.71
3526,凡甲,0.96,0.96,0.91,1.95,2.06,0.43,0.93,0.75,0.96
3527,聚積,0.69,1.37,1.79,1.77,1.02,0.8,0.42,1.5,1.3
3528,安馳,,,,,,,,,
3529,力旺,1.67,2.19,1.4,1.72,1.75,2,1.79,2.56,1.55
3531,先益,0.21,0.16,0.25,0.59,0.54,0.45,0.85,0.85,0.61
3532,台勝科,0.18,0.17,0.31,0.17,0.28,0.38,0.69,0.9,0.92
3533,嘉澤,2.38,0.87,0.78,2.3,3.44,2.11,2.31,3.8,2
3535,晶彩科,0.57,-0.25,-0.21,-0.57,1.13,-0.91,-0.37,-0.39,0.03
3536,誠創,-0.16,-0.1,-0.15,-0.07,0.55,0.06,0.04,0.02,-0.08
3537,堡達,0.13,0.11,0.15,0.34,0.66,0.16,0.53,0.79,0.63
3540,曜越,0.4,0.43,0.21,0.36,0.23,0.46,0.31,0.63,0.34
3541,西柏,1.26,0.82,1.67,1.39,1.86,1,1.47,1.77,1.31
3545,敦泰,0.11,-0.33,0.24,0.31,0.49,-0.01,0.12,0.47,-0.84
3546,宇峻,0.67,0.57,0.5,1.15,1.71,0.65,1.16,0.79,1.91
3548,兆利,1.28,0.95,2.21,2.12,1,1.56,1.53,1.46,1.24
3550,聯穎,0.17,-0.03,0.55,0.22,0.51,0.06,0.38,0.56,0.47
3551,世禾,0.43,0.41,0.67,0.3,0.3,0.38,0.74,0.92,0.35
3552,同致,3.33,4.99,3.16,2.8,3.22,0.98,1.37,0.74,1.94
3553,,,,,,,,,,
3555,重鳥鵬,-2.55,0.07,0.2,-0.17,0.23,0.13,0.45,0.28,1.39
3556,禾瑞亞,0.97,0.94,0.9,0.83,0.79,0.85,1.02,1.06,0.58
3557,嘉威,-0.18,-0.17,-0.16,-0.24,-0.14,-0.57,-0.21,-0.59,-1.59
3558,神準,3.59,3.21,3.22,2.32,2.67,1.95,1.52,2.66,3.4
3559,全智科(下市),,,,,,,,,
3561,昇陽光電,0.26,0.69,0.21,-1,-1.2,-0.87,-0.74,-0.43,-0.43
3562,頂晶科,-0.06,-1.18,-1.9,-1.47,-0.81,-0.42,-0.34,-0.07,-0.86
3563,牧德,0.48,0.65,0.93,1.53,1.55,1.41,2.15,2.7,4.6
3564,其陽,1.15,0.6,1.41,0.68,0.73,-1.62,-0.94,-0.77,-0.33
3567,逸昌,,,,,,,,,
3570,大塚,1.64,0.8,0.7,1.64,1.27,0.45,-0.26,0.68,0.63
3573,穎台(下市),,,,,,,,,
3576,新日光,0.16,0.11,-0.92,-1.82,-3.57,-1.26,-0.57,-1.67,-0.58
3577,泓格,0.61,0.23,0.62,1.68,0.67,0.27,0.44,0.69,0.45
3579,尚志,-4.1,0.66,0.05,-4.65,-1.98,-0.82,-1.09,-0.53,-0.24
3580,友威科,-0.22,-0.38,-0.44,0.13,0.09,-0.27,0.74,3.45,1.28
3581,博磊,0.48,0.09,0.38,0.06,0.47,0.04,0.26,0.98,0.21
3583,辛耘,0.89,1.02,0.99,0.69,0.91,0.21,0.91,1.06,1.87
3584,介面光電(下市),,,,,,,,,
3587,閎康,1.16,0.86,1.23,1.28,0.95,0.42,1.04,0.8,1.19
3588,通嘉,0.43,0.51,0.4,0.64,0.63,0.04,0.05,0.31,0.04
3591,艾笛森,-0.94,-0.24,-0.4,0.15,-0.16,-0.18,-0.19,-0.29,-0.77
3593,力銘,-0.72,-0.26,-0.29,-0.04,-0.85,-0.24,0.01,0.18,0.07
3594,磐儀,0.63,0,0.09,-0.44,0.56,-1.03,0.61,3.62,-0.92
3596,智易,1.18,1.28,2.85,1.79,1.27,0.26,1.2,1.04,0.7
3598,奕力(下市),1.31,0.3,,,,,,,
3605,宏致,0.38,0.03,0.12,0.61,0.79,-0.13,0.2,0.6,-0.06
3607,谷崧,1.05,-1.2,-0.75,-0.46,-0.11,-1.68,-0.76,0.08,-0.9
3609,東林,-2.45,-0.42,0.33,-0.03,-1.77,0.01,0.29,0.14,0.05
3611,鼎翰,3.4,2.78,4.2,3.22,3.93,2.98,4.37,4.11,4.55
3615,安可,-0.09,-0.26,0.03,0.51,0.19,0.08,0.28,0.32,0.14
3617,碩天,1.83,1.36,2.78,2.08,2.79,0.62,2.67,2.67,1.14
3622,洋華,-12.33,-0.37,-0.2,-0.3,-0.14,-0.56,0.11,0.34,0.07
3623,富晶通,,,,,,,,,
3624,光頡,0.08,0.15,0.37,0,0.17,-0.16,0.39,0.34,0.18
3625,西勝,0.16,0.02,0.27,0.62,0.61,0.19,0.33,0.57,0.55
3628,盈正,0.96,-0.33,1.06,0.16,1.37,-0.08,0.42,0.56,0.87
3629,地心引力,-1.54,-0.7,-1.43,-1.46,-2.84,-0.87,-1.7,-0.67,-0.19
3630,新鉅科,-1.45,-1.68,-1.5,-1.49,-0.66,-0.35,-0.86,-1.06,-1.04
3631,晟楠,-3.06,0.14,-0.09,0,0.08,-0.32,0.02,0.11,-0.01
3632,研勤,0.23,-0.29,-0.63,-1.2,-0.73,-0.47,-0.22,0.01,-0.21
3642,駿熠電,-0.34,-0.89,-0.66,-0.66,-1.32,-0.64,-1.04,-1.19,-0.86
3645,達邁,0.09,-0.35,0.3,1.12,0.69,0.57,0.33,0.81,0.64
3646,艾恩特,-0.13,0.07,0.46,0.34,0.25,0.2,-0.06,0.15,0.47
3652,精聯,0.53,-0.16,0.22,0.41,0.28,-0.16,0.19,0.74,0.1
3653,健策,0,0.37,0.75,0.28,0.9,0.05,0.84,1.03,0.28
3658,漢微科(下櫃),,,,,,,,,
3661,世芯-KY,1.24,0.14,-3.99,-0.42,0.79,0.61,1.52,1.61,1.32
3662,,,,,,,,,,
3663,鑫科,-0.81,0.16,0.23,0.22,0.1,-0.01,0.15,0.19,0.03
3664,安瑞-KY,0.13,-0.66,-0.46,-0.26,0.45,-0.79,-1.23,0,0.42
3665,貿聯-KY,2.31,1.61,2.03,2.44,2.77,1.66,2.5,2.57,3.08
3666,光耀,0.96,0.33,0.04,-0.17,0.54,-0.78,0.51,1.17,0.47
3669,圓展,-0.08,0.03,0.41,0.62,0.23,0.04,0.14,0.45,-0.18
3673,TPK-KY,2.89,0.15,-7.21,1.97,0.85,1.51,0.8,2.14,1.45
3675,德微,0.44,0.4,0.62,0.52,0.68,0.6,0.91,0.78,0.72
3679,新至陞,1.82,1.08,1.95,2.22,2.35,1.36,1.28,1.67,1.19
3680,家登,0.44,-0.41,0.11,0.06,0.73,0.87,-0.8,-0.03,0.2
3682,亞太電,0.1,-0.2,-0.34,-0.31,-0.34,-0.21,-0.14,-0.18,-0.41
3684,榮昌,1.41,0.48,0.79,0.55,1.22,0.34,1.04,1.02,0.79
3685,元創精密,-2.42,-0.02,0.28,0.03,0.08,-0.12,-0.05,0.01,0.5
3686,達能,,,,,,,,,
3687,歐買尬,-1.34,-0.84,-2.11,-2.97,-2.7,-2.15,-0.86,-0.33,-1.03
3689,湧德,0.39,0.17,0.29,0.86,1.41,0.71,1.02,1.09,0.68
3691,碩禾,11.9,10.03,6.96,9.19,0.23,0.64,1.9,1.39,-7.37
3693,營邦,1.28,0.25,0.25,1.09,1.86,-1,-1.35,-0.72,-0.63
3694,海華,0.51,0.11,0.02,0.35,0.12,-0.16,0.2,0.2,0.02
3698,隆達,0.06,-0.03,-0.22,-0.06,-0.99,0,0.1,0.08,0.08
3701,大眾控,-0.55,0.05,0.1,0.09,0.06,0.36,0.04,0,-0.1
3702,大聯大,0.75,0.9,0.9,1.08,0.2,1.01,0.98,1.11,0.9
3703,欣陸,0.33,-0.02,-0.44,0.27,0.83,0.36,0.45,0.8,-0.65
3704,合勤控,-0.2,0.37,0.06,-0.13,0.34,-0.65,-0.24,0.06,-0.46
3705,永信,1.15,0.53,1.17,0.37,0.39,0.63,0.5,0.39,0.41
3706,神達,0.4,0.2,0.76,0.98,1.4,0.66,0.77,0.9,0.82
3707,漢磊,-1.36,-0.67,-0.46,-0.69,-0.53,-0.43,-0.08,-0.02,0.03
4102,永日,,,,,,,,,
4103,百略,1.62,0.69,0.79,2.28,1.76,0.35,0.98,2.02,1.68
4104,佳醫,0.84,1.02,0.67,0.74,0.62,1,0.77,0.71,0.64
4105,東洋,2.77,1.13,1.43,0.86,1.39,0.89,0.98,1.12,2.42
4106,雃博,0.55,0.56,0.4,0.32,0.19,0.32,0.58,0.28,0.24
4107,邦特,0.95,1.32,1.45,1.17,1.23,0.7,1.03,1.33,1.33
4108,懷特,-0.24,-0.34,-0.32,-0.18,-0.35,-0.25,-0.22,-0.23,-0.57
4109,穆拉德加捷,0.21,0.13,0.02,-0.07,0.08,0.04,-0.12,-0.23,-2.52
4111,濟生,0.03,0.16,0.29,0.37,0.45,0.38,0.34,0.42,0.29
4113,聯上,,,,,,,,,
4114,健喬,-0.09,1.03,0.04,0.03,-0.11,0,-0.14,0.05,0.11
4119,旭富,0.8,1.97,1.65,1.19,0.43,0.65,0.5,0.51,0.74
4120,友華,0.37,2,0.87,0.94,1.61,2.02,1.24,1.88,0.15
4121,優盛,-0.33,-0.08,-0.22,-0.09,0.67,-0.4,0.29,0.36,0.12
4123,晟德,2.41,-0.2,-0.18,0.7,-0.25,-0.07,-0.06,0.16,0.75
4126,太醫,1.74,1.57,1.37,1.18,0.91,0.92,0.84,1.2,0.63
4127,天良,-0.05,0.1,-0.2,-0.43,-0.64,-0.38,-5.47,1.46,-0.06
4128,中天,0.05,-0.23,-0.15,-0.08,-0.17,1.69,-0.26,0.58,-0.73
4129,聯合,0.36,1.15,0.54,-0.12,0.47,-0.05,1.06,0.3,0.32
4130,健亞,0.03,0.24,0.05,0.08,0.02,0.14,0.66,0.29,0.38
4131,晶宇,,,,,,,,,
4133,亞諾法,0.18,0.25,0.22,0.14,0.3,0.2,0.28,0.28,0.22
4137,麗豐-KY,5.39,4.07,1.93,1.64,1.55,1.17,2,1.89,2.27
4138,曜亞,0.89,1.08,1.03,0.95,0.89,0.94,0.99,0.88,0.96
4139,馬光-KY,-0.59,-0.46,-0.47,-0.27,-0.43,0.01,0.18,0.26,0.65
4141,龍燈-KY,2.49,1.9,0.52,-0.28,1.51,-1.03,-0.93,0.08,0.87
4142,國光生,-1.41,-0.62,-0.44,-0.54,-0.9,-0.82,-0.63,-0.47,-1.28
4144,康聯-KY,0.31,0.97,0.72,0.92,0.6,1.07,0.69,0.97,0.43
4152,台微體,-2.65,-2.98,-2.73,-4.25,-4.84,-2.84,-4.06,-3.98,-4.67
4153,鈺緯,0.72,-0.07,0.46,-0.32,-1.82,-1.22,0.64,-3.36,-0.97
4154,康樂-KY,-0.66,0.42,-0.56,1.57,-0.74,-0.43,-0.41,-0.31,-0.81
4157,太景*-KY,-59.74,-44.81,-16.57,-31.07,-26.61,-26.25,464.8,-20.82,-62.31
4160,創源,-0.39,0,-0.15,0.08,-0.27,0.27,0.02,0.15,0.01
4161,聿新科,0.18,-0.13,0.19,-0.02,0.11,-0.54,0.08,-0.04,-0.14
4162,智擎,-0.31,-0.35,1.7,-0.75,5.03,-0.85,-0.24,-0.02,3.75
4163,鐿鈦,2.11,1.88,3.12,1.66,2.09,0.44,1.07,1.38,0.88
4164,承業醫,0.7,0.03,0.11,0.11,0.89,0.52,0.15,0.16,-1.44
4168,醣聯,-0.31,-0.18,-0.35,-0.29,-0.44,-0.38,-0.5,-0.46,-0.54
4171,瑞基,-0.29,-0.19,-0.05,-0.28,-0.61,-0.46,0.09,-0.17,-0.86
4173,久裕,0.15,0.12,0.23,0.07,0.19,0.01,0.04,-0.06,0.13
4174,浩鼎,-1.53,-2.03,-0.68,-2.14,-1.62,-2.35,-1.63,-1.96,-2.08
4175,杏一,1.2,1.12,1.02,0.89,1.02,0.64,0.5,0.93,1.15
4180,安成藥,-0.57,-1.75,-1.26,-1.83,3.09,-3.05,2.92,-0.35,-1.58
4188,安克,,,,,,,,,
4192,杏國,-0.31,-0.7,-0.89,-0.79,0.06,-0.9,-0.9,-0.92,-0.97
4198,環瑞醫,-1.02,-0.98,-0.85,-0.95,-0.93,-0.91,-0.67,-0.69,-0.66
4205,中華食,,,,,,,,,
4207,環泰,0.06,0.06,0.25,0.25,0.42,0.44,0.1,0.46,0.18
4303,信立,0.11,0.07,0.03,0.08,0,0.09,61.76,0.05,-0.5
4304,勝昱,-0.75,0.09,-0.27,-0.34,-0.26,-0.36,-0.52,-0.33,-0.53
4305,世坤,,,,,,,,,
4306,炎洲,0.11,0.15,-0.06,-0.09,-0.21,-0.03,0.23,0.22,0.68
4401,東隆興,1.08,1.05,1.15,1.17,1,1.15,1.23,1.09,0.76
4402,福大,-1.31,-0.61,-0.52,2.5,-0.24,-0.4,-0.41,-0.6,0.37
4406,新昕纖,,,,,,,,,
4413,飛寶企業,,,,,,,,,
4414,如興,-2.58,-0.3,-0.13,-0.58,-0.82,-0.12,-0.1,0.11,-0.31
4415,台原藥,-0.7,-0.16,-0.11,-0.13,-0.19,-0.39,-0.32,-0.28,-0.31
4416,三圓,0,-0.08,-0.69,-0.3,0.2,-0.18,-0.32,-0.75,-0.22
4417,金洲,0.48,0.86,1.6,1.46,0.79,0.67,0.64,0.42,1.07
4419,元勝,,,,,,,,,
4420,光明,,,,,,,,,
4426,利勤,1.67,2.18,0.75,2,1.32,0.35,0.44,0.44,0.24
4429,聚紡,-0.8,0.48,-0.14,-0.04,-0.06,-0.16,0.06,-0.4,-1.39
4430,耀億,0.32,0.58,0.14,-0.03,0.83,0.54,-0.13,-0.32,0.25
4432,銘旺實,0.8,1.26,0.96,0.44,0.34,0.12,0.64,0.38,0.03
4433,興采,0.44,0.2,0.78,0.01,0.03,-0.25,0.31,0.03,0.23
4502,健信,0.97,0.02,0.32,0.02,0.39,0.99,1.82,0.68,0.42
4503,金雨,-0.11,0.21,0.18,0.01,0.03,0.24,0.34,0.35,0.08
4506,崇友,0.23,1.12,0.9,0.73,0.42,2.27,0.85,0.86,0.71
4510,高鋒,-0.12,0.01,0.33,0.3,0.06,-0.06,0.19,0.6,-0.11
4513,福裕,-0.48,-0.33,-0.13,-0.41,-0.05,-0.05,-0.23,0.31,0.24
4523,永彰,0.39,-0.21,0.16,0.28,-0.23,-0.68,-0.13,-0.35,-0.7
4526,東台,0.03,-0.07,0.21,-0.11,0.19,-0.46,-0.11,0.14,-0.5
4527,方土霖,1.07,0.28,0.69,0.97,1.07,0.42,0.59,0.62,0.86
4528,江興鍛,0.84,0.66,0.67,0.73,1.02,1.08,1.24,1.36,1.13
4529,淳紳,-0.76,-0.94,-0.11,-0.47,-1.58,-0.98,-1.12,-1.27,-2.16
4530,宏易,-0.98,-0.4,-0.46,4.01,0.01,-0.36,-0.07,-0.04,-0.06
4532,瑞智,0.23,0.62,1.06,0.57,0.48,0.51,0.69,0.35,0.53
4533,協易機,0,0.36,0.34,0.31,0.05,-0.22,0.28,0.18,0.22
4534,慶騰,0.24,-0.02,0.38,0.82,0.68,-0.13,0.16,0.6,0.12
4535,至興,0.76,0.85,0.74,0.81,0.87,0.76,0.77,0.86,0.59
4536,拓凱,1.48,1.51,2.11,2.2,2.75,0.15,2.38,1.72,1.07
4541,晟田,,,,,,,,,
4542,科嶠,-0.86,-1.17,-0.27,-0.7,0.38,-0.57,1.57,1.09,0.26
4549,桓達,0.8,1.25,0.69,0.79,1.62,0.65,1.63,1.26,1.31
4550,長佳,0.12,0.55,1.19,0.52,0.1,-0.46,0.69,0.49,0.78
4609,唐鋒,-0.19,-0.02,0.01,0.45,-0.42,-0.67,-0.53,0.04,-0.21
4702,中美實,-0.07,-0.14,-0.12,-0.08,-3.7,-0.09,-0.18,-0.08,-2.76
4703,,,,,,,,,,
4706,大恭,0.56,0.43,0.63,0.5,0.55,0.37,0.47,0.55,0.25
4707,磐亞,0.05,0.21,0.24,0.34,0.27,,,,
4711,永純,0.29,0.37,0.53,0.35,0.52,0.43,0.14,0.27,0.12
4712,南璋,-0.97,-0.29,-0.43,-0.11,-0.33,-0.13,-0.24,-0.13,-0.2
4714,永捷,-0.04,0.06,0.06,0.22,0.05,0,0,-0.04,-0.06
4716,大立,0.25,0.06,0.17,0.08,0.15,0,0.05,0.14,0.06
4720,德淵,0.2,0.18,0.23,0.17,0.3,-0.06,0.19,0.16,0.04
4721,美琪瑪,0.28,0.49,0.46,0.28,0.65,0.14,1.24,0.86,0.53
4722,國精化,1.11,0.97,1.03,0.8,0.81,0.51,0.79,1.09,0.7
4725,信昌化,,,,,,,,,
4726,永昕,,,,,,,,,
4728,雙美,-0.38,0.06,-0.33,0.07,0.23,0.06,0.08,0.07,0.09
4729,熒茂,0.62,0.58,0.41,0.55,0.21,0.84,0.73,0.88,0.54
4733,上緯企業(下市),,,,,,,,,
4735,豪展,0.57,0.45,0.2,0.8,1.01,0.64,0.75,0.98,0.65
4736,泰博,1.56,1.99,1.9,1.13,1.54,0.58,0.78,1.94,2.12
4737,華廣,0.57,0.2,0.63,0.86,1.13,0.44,0.49,0.79,0.79
4739,康普,0.38,1.63,0.54,0.44,0.24,1.08,0.91,1.38,1.4
4743,合一,,,,0.42,-0.19,,,-0.17,-0.22
4745,合富-KY,3.2,0.89,0.75,0.51,0.88,0.53,1.11,0.52,0.85
4746,台耀,1.26,1.17,1.65,1.09,1.54,0.55,1.29,0.42,0.31
4747,強生,,,,,,,,,
4755,三福化,0.68,0.48,1.19,0.81,0.68,0.8,1.11,1.33,1.01
4903,聯光通,0.08,-0.08,-0.16,-0.15,0.09,-0.24,-0.1,-0.13,0.17
4904,遠傳,0.65,0.92,0.92,0.98,0.67,0.87,0.9,0.88,0.69
4905,台聯電,1.36,2.17,1.34,2.69,-0.1,0.95,6.11,8.04,6.98
4906,正文,-0.01,0.15,0.53,0.69,0.49,0.58,0.13,0.51,-0.27
4907,富宇,,,,,,,,,
4908,前鼎,,,,,,,,,
4909,新復興,0.77,0.62,0.38,0.42,0.7,0.02,0.47,0.23,0.19
4911,德英,,,,,,,,,
4912,聯德控股-KY,1.37,-1.29,1.13,1.53,0.35,0.68,1.91,2.74,2.22
4915,致伸,1.14,0.91,1.01,1.27,1.19,0.94,1.04,1.39,1.25
4916,事欣科,-0.27,0.32,0.53,0.77,0.32,0.07,0.57,0.26,0.14
4919,新唐,0.31,0.38,1.25,0.69,0.63,0.44,1.19,0.99,0.7
4924,欣厚-KY,-1.16,-0.61,-0.67,-0.27,-0.19,-0.36,-0.17,-0.13,-0.06
4927,泰鼎-KY,1.15,0.82,1.04,0.88,-0.51,0.44,0.03,0.05,0.02
4930,燦星網,-0.19,0.17,0.19,0.12,-0.14,-0.18,-0.57,-0.41,0.07
4933,友輝,0.96,0.24,0.58,0.56,0.83,-0.31,0.31,0.28,0.09
4934,太極,0.66,0.53,0.28,-1.09,-0.55,-0.77,-1.13,-0.05,-0.72
4935,茂林-KY,1.74,1.23,1.81,1.77,0.8,0.57,0.64,0.6,0.26
4938,和碩,2.62,1.59,1.55,2.09,2.28,1.48,1.31,1.39,1.42
4939,亞電,-0.44,-0.33,-0.28,0.2,0.54,0.18,0.29,0.46,0.27
4942,嘉彰,-0.71,0.61,0.85,0.6,0.22,0.35,0.65,0.14,0.61
4944,兆遠,-1.86,-0.92,-1.1,-0.72,-0.71,-0.74,-0.98,-0.56,-0.66
4946,辣椒,-7.4,-0.67,-1.24,-0.77,0.28,0.1,1.95,0.07,0.67
4947,昂寶-KY,4.41,1.73,4.2,4.27,3.68,1.5,3.35,4.9,4.46
4950,牧東,-0.88,1.08,0.16,0.54,1.29,-0.98,-1.18,-0.34,-1.19
4952,凌通,0.7,0.7,1.56,0.93,0.62,0.47,1.23,0.88,0.72
4953,緯軟,-1.08,0.3,0.26,0.33,0.61,0.33,0.56,0.58,1.02
4956,光鋐,-0.37,-0.45,0.11,0.25,0.16,0.02,0.25,0.25,0.1
4958,臻鼎-KY,3.32,0.39,0.4,1.76,1.75,0.44,0.24,2.12,3.63
4960,奇美材,0.18,-0.7,-0.95,-0.86,-0.36,-0.55,-0.31,-0.39,-0.25
4965,商店街,0.57,0.32,0.31,0.12,0.12,-0.19,-1.76,-8.73,-20.21
4966,譜瑞-KY,3.91,4.63,4.51,3.92,4.48,4.74,5.72,8.6,5.57
4971,IET-KY,0.45,0.66,1,0.57,0.64,0.49,1.18,0.9,0.98
4972,湯石照明,1.05,0.97,0.98,0.8,0.44,0.43,0.58,0.93,1.1
4973,廣穎,1.21,0.63,0.47,0.25,0.69,0.07,0.03,0.42,-0.25
4974,亞泰,0.61,0.03,1.2,1.82,1.36,0.65,1.33,1.14,1.03
4976,佳凌,,,,,,,,,
4977,眾達-KY,1.54,1.36,1.48,1.15,1.95,1.46,1.25,0.01,1.95
4979,華星光,2.27,1.34,-0.51,-1.4,-1,-1.69,-1.63,-1.39,-2.52
4984,科納-KY,1.43,1.75,2.08,2.09,0.93,0.21,0.06,0.08,-1.42
4987,科誠,0.87,0.99,0.97,0.99,1.3,0.77,1.71,1.35,1.1
4991,環宇-KY,1.38,0.23,1.11,1.6,0.96,1.22,0.82,1.4,1
4994,傳奇,0.03,-0.4,0.07,-0.53,-0.12,-0.58,-0.5,-0.64,-0.84
4995,晶達,0.45,0.56,0.47,0.51,0.4,0.53,0.98,0.64,0.47
4999,鑫禾,1.97,0.6,1.3,1.9,2.27,0.36,1.42,1.59,1.79
5007,三星,0.79,0.87,0.99,0.94,0.89,0.96,0.83,1.11,0.95
5009,榮剛,0.07,0.04,0.17,0.18,0.31,0.07,0.14,0.09,0.01
5011,久陽,,,,,,,,,
5013,強新,0.64,0.69,0.53,0.74,0.79,0.75,0.39,0.35,0.74
5014,建錩,-0.42,-0.59,0.16,0.18,2.22,0.16,-1.01,1.4,0.21
5015,華祺,1.04,0.64,0.89,0.36,1.08,0.34,1.01,1.15,0.84
5016,松和,0.6,0.58,1.13,0.98,0.96,1.06,0.86,1.19,0.99
5102,富強,0.23,0.1,0.24,0.21,0.21,0.27,0.32,0.35,0.29
5201,凱衛,0.4,-0.27,-0.39,0.27,0.37,-0.44,0.08,0.14,0.42
5202,力新,0.18,-0.01,0.22,0.09,0.08,0.03,0.16,0.09,0.07
5203,訊連,1.63,0.93,0.65,0.33,1.22,0.42,0.79,0.75,0.82
5205,漢康,-0.38,-0.28,-0.36,-0.2,-0.34,-0.18,-0.38,-0.21,0.13
5206,坤悅,1.48,-0.06,-0.1,1.27,-0.15,1.02,0.08,0.04,0.05
5209,新鼎,0.86,0.7,0.92,0.71,0.75,0.76,1.03,0.78,0.66
5210,寶碩,0.15,-0.34,0.25,-0.01,0.19,-0.19,-0.19,-0.33,0.02
5211,蒙恬,0.2,0.21,0.19,0.17,0.2,0.16,0.15,0.13,0.09
5212,凌網,0.54,-0.51,0.15,0.59,0.69,-0.7,0.18,1.09,0.37
5213,亞昕,1.1,0.09,-0.32,-0.26,1.61,-0.26,-0.29,-0.26,2.93
5215,科嘉-KY,1.14,0.08,0.26,0.47,1.2,-0.64,0.11,0.58,0.55
5225,東科-KY,0.92,0.22,-0.2,1.51,0.65,0.15,-0.68,0.95,1.6
5227,立凱-KY,-0.47,-0.37,-0.09,0.37,-0.12,-0.27,-0.3,0.13,-0.55
5230,雷笛克光學,0.54,0.46,0.51,0.74,1.02,0.49,0.96,0.8,0.53
5234,達興材料,0.61,0.59,0.82,1.14,1.24,1.04,0.98,1.45,1.59
5243,乙盛-KY,0.47,0.48,0.5,0.62,0.57,0.55,0.6,0.7,0.65
5251,天鉞電,0.46,0.33,0.75,0.24,0.51,0.06,-0.11,-0.39,-0.39
5255,美桀,0.13,0.13,0.49,1,1.1,0.63,0.97,1.4,1.1
5259,清惠,,,,,,,,,
5263,智崴,0.19,0.21,-0.16,0.45,1.77,1,1.31,1.3,2.33
5264,鎧勝-KY,6.36,2.72,1.28,1.08,3.18,0.81,0.89,1.55,0.68
5266,,,,,,,,,,
5269,祥碩,1.26,1.09,0.92,1.99,2.12,1.92,-0.26,3.49,2.05
5272,笙科,,,,,,,,,
5274,信驊,2.54,2.64,2.7,3.46,4.39,3.03,3.75,4.61,4.29
5276,達輝-KY,0.39,0.41,0.37,0.4,0.78,0.26,0.47,0.09,-0.58
5278,尚凡,-2.77,-1.16,-2.07,-1.52,-1.23,-1.41,-0.57,0.3,1.06
5284,jpp-KY,0.83,1.01,1.08,0.9,1.19,0.99,1.83,1.43,1.02
5285,界霖,0.33,0.39,0.33,0.53,0.76,0.24,0.79,1.41,1.48
5287,數字,3.26,2.29,3.53,3.69,3.45,2.66,6.52,2.91,2.81
5288,豐祥-KY,2.15,1.95,1.47,1.61,2.17,1.52,1.65,1.64,2.17
5289,宜鼎,2.61,1.92,1.42,1.62,2.06,1.45,2.6,3.25,3.12
5291,邑昇,-0.24,0.01,0.01,-0.11,-0.24,-0.27,0.34,-0.05,-0.76
5301,寶得利,0.03,0.01,-0.25,-0.47,-0.72,-0.29,-0.26,-0.37,-1.23
5302,太欣,-0.06,-0.06,-0.05,-0.04,-0.03,0.22,-0.1,-0.11,-0.12
5304,鼎創達,-0.92,-0.31,-0.19,-0.75,0.03,-1.16,0.29,-0.01,-0.15
5305,敦南,-0.14,0.07,0.5,0.55,0.28,0.26,0.57,0.86,0.1
5306,桂盟,1.43,1.58,1.45,1.95,2.16,2.06,2.17,2.29,2.17
5309,系統電,-0.83,0,-0.12,-0.18,-1.12,-0.45,-0.07,-0.15,-0.53
5310,天剛,0.58,-0.12,-0.59,-0.03,-0.19,-0.04,0.05,-0.05,0.09
5312,寶島科,1.25,1.66,1.42,1.97,0.92,1.71,0.78,1.62,0.94
5314,世紀,-0.27,-0.34,-0.61,-0.34,-0.37,-0.58,-0.46,-0.32,1.23
5315,光聯,1.16,0.94,1.18,0.89,1.12,0.11,0.43,0.33,0.12
5317,凱美,-0.63,0.12,-1.34,0.04,-0.03,0.18,0.9,0.5,0.65
5321,友銓,0.19,0.3,0.3,0.18,0.79,-0.5,-0.09,0.19,-1.94
5324,士開,-0.54,-0.4,1.8,-0.39,-0.3,-0.43,0,-0.38,0.45
5328,華容,0.1,0.08,0.09,0.15,0.09,0.05,-0.09,0.17,-0.03
5340,建榮,-0.11,-0.08,0.04,0.06,0.08,0.09,0.2,0.19,0.15
5344,立衛,,,,,,,,,
5345,天揚,1.09,-0.91,0.59,0.27,-1.24,0.27,-0.58,0.02,-1.08
5347,世界,0.53,0.83,0.93,0.8,0.83,0.7,0.6,0.71,0.74
5348,系通,-0.25,-0.46,-0.5,-0.54,-0.15,,,,
5349,先豐,0.7,0.65,0.9,-0.06,-0.11,-0.2,0.2,0.02,0.17
5351,鈺創,-0.22,-0.15,-0.15,-0.36,-0.27,-0.51,-0.3,-0.23,-0.21
5353,台林,-0.03,0.11,0.15,0.06,0.18,-0.22,0.2,0.32,0.1
5355,佳總,-0.08,-0.19,-0.02,-0.08,0.13,-0.09,-0.04,-0.18,-0.15
5356,協益,1.31,1.08,1.23,1.02,1.05,1.01,1.21,1,0.41
5364,力麗店,1.35,-0.36,0.32,0.93,0.51,-0.57,-0.36,-0.18,-0.56
5371,中光電,1.12,0.74,0.67,1.38,1.73,0.64,0.6,0.96,1.83
5381,合正,0.01,0.8,0.06,0.03,0.06,0.02,-1.04,0.01,0.01
5383,金利,-0.46,-0.52,-0.42,-0.35,-0.33,-0.4,-0.15,0.15,-0.06
5384,捷元(下櫃),,,,,,,,,
5386,青雲,,,,,,,,,
5388,中磊,1.52,1.16,1.43,1.72,1.71,0.94,1.31,1.6,1.55
5392,應華,-0.11,0.57,0.44,0.18,-0.49,0.65,0.08,0.98,0.3
5395,圓方創新(下櫃),,,,,,,,,
5398,慕康生醫,-0.56,-0.13,0.03,0,0.28,0.51,0.15,0.11,-0.41
5403,中菲,0.96,0.88,1.02,0.41,0.94,1.02,0.85,1.08,0.79
5410,國眾,0.56,0.29,0.32,0.32,0.39,0.3,0.32,0.32,0.47
5425,台半,1.03,0.75,0.72,0.75,1,0.74,0.8,1.07,0.99
5426,振發,0.25,0.25,0.39,0.23,0.38,-0.11,0.21,0.16,-0.16
5432,達威,,,,,,,,,
5434,崇越,1.5,1.73,1.81,1.84,1.88,1.4,1.21,1.77,1.11
5438,東友,0.11,0.18,0.21,0.89,0.31,0.21,0.51,0.92,0.32
5439,高技,,,,,,,,,
5443,均豪,0.22,0.21,1.27,0.13,-0.03,0.19,0.11,0.13,0.79
5450,寶聯通,-0.08,0.14,-0.07,-0.03,0.06,-0.2,0.06,-0.04,0.17
5452,佶優,0.06,0.02,-0.07,0.08,0.18,-0.08,0.15,0.05,-0.11
5455,昇益,,,,,,,,,
5457,宣德,0.25,-0.11,-0.17,-0.06,0.07,-0.15,0.12,0.15,0.22
5460,同協,0.29,0.22,0.26,0.08,0.16,0.11,0.22,0.07,0.05
5464,霖宏,-0.04,-0.47,0.28,-0.48,1.11,-2.18,0.11,0.24,-0.16
5465,富驊,0.02,0.11,0.01,0.13,0.45,0.13,0.12,0.31,0.13
5466,泰林(下櫃),,,,,,,,,
5468,凱鈺,-0.17,-0.24,-0.14,-0.26,-0.39,-0.27,-0.24,-0.52,-0.39
5469,瀚宇博,0.1,0.06,0.37,0.91,0.76,0.28,0.14,0.72,0.76
5471,松翰,0.43,0.16,0.68,0.43,0.4,0.19,0.51,0.48,0.23
5474,聰泰,,,,,,,,,
5475,德宏,-1.31,-0.46,-0.87,-0.56,-1.5,0.36,0.13,0.01,0.25
5478,智冠,0.49,1.09,0.9,0.57,0.73,1.53,0.53,0.8,0.42
5480,統盟,0.31,0.18,0.35,0.41,0.27,0.19,0.03,0.32,0.21
5481,華韡,-0.32,0.01,-0.08,0.12,0.94,0.11,-0.18,-0.05,-0.39
5483,中美晶,0.07,0.36,0.5,-2.25,-1.35,-0.68,0.22,1.3,0.91
5484,慧友,-0.35,0.02,0.14,0.12,-0.14,-0.23,-0.08,-0.25,-0.34
5487,通泰,0.37,0.34,0.6,0.44,0.46,0.04,0.47,0.41,0.4
5488,松普,0.12,0.15,0.04,0.29,0.27,0.15,-0.12,-0.07,-0.1
5489,彩富,0.98,0.54,0.31,0.08,1.13,0.08,0.55,0.75,0.33
5490,同亨,1.41,0.77,0.51,0.9,2.46,0.54,0.66,-0.23,0.06
5491,,-0.2,-0.78,-0.5,-0.04,4.88,0.09,-0.41,-0.66,
5493,三聯,0.65,0.4,0.85,0.92,0.78,0.19,0.47,0.65,0.53
5498,凱崴,0.02,-0.01,0.01,0.02,0.24,-0.11,0.03,0.03,0.28
5505,和旺(下櫃),,,,,,,,,
5506,,,,,,,,,,
5508,永信建,,,,,,,,,
5511,德昌,0.41,0.46,0.27,0.34,1.78,0.37,0.47,0.36,1.39
5512,力麒,-0.06,0.03,0.06,0.02,0.07,0.93,-0.03,0.04,0
5514,三豐,0.24,0.17,0.06,0.15,0.02,0.19,-0.08,0.05,0.55
5515,建國,-0.31,-0.02,0.05,0.05,0.05,0.03,0.08,0.14,0.25
5516,雙喜,,,,,,,,,
5519,隆大,0.17,0.01,0.82,0.1,0.36,0.43,0.21,0.03,0.52
5520,力泰,0.19,0.56,0.5,0.54,0.35,0.54,0.32,0.33,0.11
5521,工信,0.08,0.02,0.06,0.09,0.1,0.04,0.03,0,-1.08
5522,遠雄,2.14,0.44,3.28,1.56,-1.09,0.22,0.69,1.05,0.45
5523,豐謙,-0.23,-0.14,-0.27,0.05,0.14,0.08,0.4,0.16,0.48
5525,順天,-0.15,-0.04,0.02,0.21,0.05,-0.08,0.1,0.08,1.17
5529,志嘉,-0.2,-0.26,-0.36,-0.3,-0.46,-0.56,-0.33,-0.39,-0.22
5530,龍巖,0.36,0.5,0.6,0.78,0.57,0.55,1.04,1.61,1.18
5531,鄉林,0.46,0.27,-0.38,0.01,0.67,-0.11,-0.11,0.11,0.75
5533,皇鼎,0.12,0.41,0.23,0.08,0.23,0.06,0.17,0.26,0.68
5534,長虹,1.18,2.17,0.86,4.78,1.77,2.23,2.01,1.96,4.28
5536,聖暉,2.48,1.59,2.37,2.9,2.37,4.38,5.17,3.93,4.37
5538,東明-KY,0.15,0.44,0.59,0.59,1.15,0.87,0.52,1.26,1.42
5601,台聯櫃,,,,,,,,,
5603,陸海,0.18,0.36,0.29,0.23,0.18,0.21,0.28,0.29,0.14
5604,中連貨,2.95,0.21,0.2,0.17,0.3,0.05,0.03,0.08,0.62
5607,遠雄港,0.13,0.21,0.28,0.38,0.22,0.31,0.24,0.68,0.35
5608,四維航,-0.09,-0.85,-0.59,-0.42,-0.71,-0.66,-0.93,-0.5,-2.71
5609,中菲行,0.12,0.42,0.72,0.54,0.42,0.33,0.4,0.51,0.36
5701,劍湖山,-0.24,-0.29,-0.32,-0.5,-0.26,-0.38,-0.42,-0.27,-0.22
5703,亞都,0.52,0.05,-0.05,-0.26,0.59,0.14,-0.09,-0.42,0.26
5704,老爺知,,,,,,,,,
5706,鳳凰,0.14,0.56,0.49,1.05,0.45,0.32,0.76,1.09,0.36
5820,日盛金,0.13,0.09,0.07,0.14,0.09,0.12,0.16,0.24,0.14
5871,中租-KY,1.51,1.42,1.67,1.69,1.57,1.71,1.73,2.12,2.08
5878,台名,0.53,0.92,0.83,1.11,0.76,1.07,0.68,1.28,0.76
5880,合庫金,0.3,0.26,0.3,0.32,0.27,0.28,0.32,,
5902,德記,0.08,0.02,0.1,0.18,0.08,0.04,0.08,0.15,0.02
5903,全家,1.21,0.71,2.05,2.36,1.04,0.53,1.93,2.24,1.6
5904,寶雅,,,,,,,,,
5905,南仁湖,-0.04,0.12,0.15,0.27,-0.14,0.14,0.04,0.29,-0.05
5906,台南-KY,-0.83,-0.6,-1.22,-1.1,-1.64,-0.3,-0.16,-0.17,0.67
5907,大洋-KY,1.03,-0.38,0.75,-0.36,1.55,0.48,-0.06,-0.76,2.06
6005,群益證,0.28,0.07,0.18,0.2,0.07,0.24,0.25,0.41,0.43
6015,宏遠證,0.14,-0.01,-0.17,-0.01,-0.21,0.06,0.04,0.43,0.05
6016,康和證,0.22,0.08,-0.38,0.09,-0.35,0.2,-0.07,0.62,0.38
6020,大展證,0.2,0.11,-0.09,0.16,-0.09,0.36,0.01,0.49,0.09
6021,大慶證,-0.02,-0.12,-0.13,0.09,-0.04,0.16,0.13,0.18,0.08
6022,大眾證券(下櫃),0.37,0.06,0.03,0.02,-0.1,0.06,-0.03,,
6023,元大期,0.9,0.9,1.01,0.77,0.91,0.7,0.79,1.16,1.12
6024,群益期,0.84,0.9,0.78,0.76,0.75,0.59,1.33,1.63,1.01
6101,寬魚國際,-0.91,-0.1,-1.34,-0.23,-0.46,-0.16,0.56,0.06,-0.05
6103,合邦,0.01,0.05,0.03,-0.02,0.04,0.1,0.11,0.12,0.19
6104,創惟,0.78,0.47,0.62,0.76,0.65,-0.21,0.62,0.61,0.43
6105,,,,,,,,,,
6107,華美電子,0.11,1.05,1.92,-0.1,0.09,-0.72,0.01,,
6108,競國,1.62,0.44,0.67,0.97,1.08,0.57,0.65,0.28,0.21
6109,亞元,0.38,0.2,0.33,0.14,0.43,0.2,0.25,0.16,0.08
6111,大宇資,-1.14,-1.9,0.63,-0.11,-1.45,0.7,0.64,-0.2,-0.76
6112,聚碩,0.53,0.58,0.64,0.62,0.63,0.57,0.68,0.68,0.87
6113,亞矽,-0.61,-0.02,-0.04,1.04,0.01,-0.31,-0.15,-0.09,-0.21
6114,久威,2.2,0.9,1.23,1.32,3.58,1.62,2.11,1.93,-2.47
6115,鎰勝,0.83,0.47,1.24,1.1,1.25,0.14,0.88,0.98,0.43
6116,彩晶,-0.42,-0.28,-0.22,0.73,1.03,0.57,0.32,0.67,0.52
6117,迎廣,-0.7,-0.47,-0.38,-0.11,-0.95,-0.83,-0.72,-0.29,5.05
6118,建達,0.16,0.06,-0.14,0.05,0.08,-0.1,0.01,0.08,0.11
6120,達運,-0.35,-0.11,0.13,0.2,0.15,0.21,0.12,0.18,0.08
6121,新普,2.79,2.08,2.09,2.33,2.59,3,3.03,3.64,4.49
6122,擎邦,0.13,0.08,-0.03,-0.15,-0.09,0.21,0,0.41,-0.37
6123,上奇,0.87,1.01,0.56,0.71,0.78,0.23,0.73,0.99,1.02
6124,業強,-0.03,-0.28,1.45,-0.07,0.07,-0.55,-0.29,-0.33,-0.17
6125,廣運,0.15,0.11,0.37,-1.4,-0.97,-0.77,-0.41,0.62,-0.32
6126,信音,-2.34,0.02,0.09,0.36,0.37,0.28,0.29,0.42,0.11
6127,九豪,0.04,0.13,0.06,0.23,0.02,0.16,0.06,0.12,0.03
6128,上福,1.26,1.08,1.23,0.92,1.07,0.54,0.83,0.2,3.65
6129,普誠,-0.02,0.01,0.08,-0.05,-0.03,-0.12,-0.07,-0.05,0.01
6130,星寶國際,0.05,0.1,-0.18,-0.03,0.2,-0.03,-0.06,-0.24,-0.05
6131,悠克,-3.85,-0.32,-0.34,-0.01,-0.42,-0.16,-0.14,2.07,-0.08
6133,金橋,0.02,-0.07,0.08,0.01,0.07,-0.08,0.09,0.14,0.07
6134,萬旭,-0.19,0.01,0.11,0.15,0.16,0.1,0.34,0.16,0.08
6135,,,,,,,,,,
6136,富爾特,0.12,0.29,0.26,1.51,-0.04,0.63,-0.02,0.85,0.25
6138,茂達,0.72,0.56,0.4,0.68,0.33,0.47,0.59,0.94,0.76
6139,亞翔,0.02,0.77,0.8,0.42,0.87,0.65,0.96,0.19,0.9
6140,訊達,-0.22,-0.35,-0.02,-0.18,-0.16,-0.25,0.04,0.23,0.22
6141,柏承,-1.14,-0.54,-0.31,-0.27,0.04,0.36,0.5,0.37,0.36
6142,友勁,-0.19,0.91,-0.17,-0.17,0.03,-0.21,-0.03,-0.27,-0.26
6143,振曜,1.32,-0.91,1.11,-0.19,4.02,-3.21,1.27,0.32,0.5
6144,得利影,0.08,-0.04,-0.1,0,-0.4,-0.09,0.03,0.06,0.05
6145,勁永,0.01,0.05,-0.05,-0.01,0.02,-0.09,-0.09,-0.11,-6.03
6146,耕興,1.9,1.78,2.08,1.85,1.93,1.6,2.06,2.08,1.97
6147,頎邦,0.62,0.31,0.61,0.87,1.28,0.4,0.78,1.07,1.19
6148,驊宏資,-0.27,0.04,0.03,-0.52,-1.07,-0.57,-0.55,-0.34,0.13
6150,撼訊,-1.49,0.2,0.21,0.13,-0.1,-1.28,0.98,5.57,3.08
6151,晉倫,0.81,0.66,0.69,0.5,0.75,0.67,0.52,0.47,0.44
6152,百一,-0.26,-0.31,-0.24,0.09,0.17,0.02,0.05,-0.39,-0.79
6153,嘉聯益,0.9,-0.36,0.12,0.13,0.35,-0.26,0,0.22,0.11
6154,順發,0.16,0.38,0.24,0.37,0.19,0.43,0.19,0.28,0.22
6155,鈞寶,0.17,0.14,0.27,0.13,0.42,-0.37,0.35,0.49,0.03
6156,松上,0.49,0.42,0.38,0.48,0.55,0.14,1.04,0.45,0.08
6158,禾昌,0.47,0.19,0.35,0.41,0.36,0.15,0.09,0.39,0.01
6160,欣技,0.7,0.77,0.32,0.01,0.09,-0.79,-0.46,-0.07,0.51
6161,捷波,-0.32,0.24,0.07,0.23,0.32,0.27,0.33,0.4,0.7
6163,華電網,-0.79,-0.61,-0.28,-0.38,1.44,-0.4,-0.42,1.49,0.46
6164,華興,0.07,0.12,0.92,0.07,0.06,0.14,0.22,0.06,-0.05
6165,捷泰,-0.09,-0.18,-0.12,-0.18,-0.04,-0.24,-0.04,0.33,-0.21
6166,凌華,0.45,0.26,0.43,0.23,1.06,0.11,0.56,0.76,0.36
6167,久正,0.16,0.24,0.21,0.15,0.38,0.2,0.24,0.18,0.19
6168,宏齊,-0.12,-0.34,-0.69,0.11,0.17,-0.07,0.33,0.62,0.22
6169,昱泉,-1.08,-0.89,-1.08,-1.76,-0.72,-0.94,-0.14,1.18,-1.69
6170,統振,0.18,0.04,-0.16,0.09,0.18,-0.05,-0.03,0.01,0.08
6171,亞銳士,,,,,,,,,
6172,互億,,,,,,,,,
6173,信昌電,0.1,0.37,0.38,0.34,0.26,0.38,0.52,0.6,0.61
6174,安,0.15,0.16,0.35,0.22,0.35,0,0.2,0.21,0.09
6175,立敦,-0.03,0.08,0.01,0.18,0.27,0.13,0.36,1.48,0.45
6176,瑞儀,2.94,0.94,1.21,2.32,2.35,1.55,1.64,1.68,1.71
6177,達麗,2.47,0.83,0.62,0.13,0.23,-0.19,3.57,0.08,1.39
6179,亞通,1.15,0.23,0.99,0.92,1.19,0.69,0.59,0.59,0.18
6180,橘子,0.02,0.12,-0.39,-1.94,-0.22,0.3,0.15,-0.46,0.15
6182,合晶,-0.13,-0.19,-0.19,-0.18,-3.04,0.03,0.12,0.22,0.22
6183,關貿,-0.01,0.32,0.38,0.37,0.3,0.34,0.56,0.51,0.29
6184,大豐電,-0.13,-0.54,-0.31,-0.2,-0.11,0.28,0.52,0.54,0.87
6185,幃翔,0.76,0.5,0.44,0.64,0.79,0.34,0.32,0.42,0.42
6186,新潤,,,,,,,,,
6187,萬潤,0.03,0.12,1.48,2.11,0.53,0.26,1.46,1.37,0.5
6188,廣明,0.37,0.33,0.41,0.28,0.69,0.25,0.41,-0.09,0.45
6189,豐藝,0.73,0.65,0.52,0.5,0.83,0.11,0.51,0.73,0.61
6190,萬泰科,-0.44,0.1,0.35,0.35,0.17,0.21,0.24,0.24,0.18
6191,精成科,-0.39,0.12,0.13,0.35,0.43,-0.05,0.12,0.34,0.38
6192,巨路,1.94,0.92,1.1,1.02,1.31,1.38,0.74,1.04,1.58
6194,育富,-0.17,-0.31,-0.34,-1.01,0.32,-0.13,-0.27,-0.1,-0.06
6195,詩肯,,,,,,,,,
6196,帆宣,1.01,0.85,0.47,0.7,1.09,0.88,0.72,0.75,1.35
6197,佳必琪,0.17,0.23,0.54,0.8,0.8,0.48,0.71,0.85,0.12
6198,凌泰,-0.54,-0.6,1.55,-0.44,-0.6,-0.7,-0.26,0.02,-0.27
6199,天品,0.36,0.04,0.01,0.02,0.08,0.04,0.21,0.15,0.16
6201,亞弘電,0.29,0.46,1.1,0.84,0.99,0.17,0.5,0.57,1.06
6202,盛群,0.91,0.74,0.89,0.92,0.92,0.82,1.01,1.05,1.22
6203,海韻電,0.65,0.62,0.63,0.5,0.76,-0.21,0.42,0.57,0.53
6204,艾華,0.07,-0.01,0.71,0.35,0.4,0.18,0.68,0.49,0.18
6205,詮欣,0.52,0.44,0.63,1.58,0.7,0.28,0.64,0.78,0.2
6206,飛捷,1.86,1.51,1.69,1.21,1.62,0.85,1.68,1.24,1.27
6207,雷科,0.13,0.27,0.48,0.38,0.9,0.77,0.68,0.65,0.64
6208,日揚,0.02,0.4,0.28,0.4,0.22,0.25,0.56,0.58,0.43
6209,今國光,-0.39,-0.04,-0.24,0.29,0.01,0.01,-0.32,-0.2,-0.34
6210,慶生,,,,,,,,,
6211,,,,,,,,,,
6212,理銘,,,,,,,,,
6213,聯茂,0.75,0.86,0.69,0.83,0.75,0.98,0.89,1.19,1.05
6214,精誠,1.08,0.35,0.63,2.43,0.7,1.24,0.9,1.16,1.08
6215,和椿,0.14,0.17,0.33,-0.32,0.39,0,0.61,0.1,-0.07
6216,居易,0.56,0.67,0.95,0.71,0.69,0.39,0.78,0.48,0.72
6217,中探針,1.11,0.09,0.54,0.66,1.23,0.29,0.68,0.78,0.49
6218,豪勉,0.17,0.24,0.43,0.1,0.5,0.1,0.25,0.33,0.45
6219,富旺,0.67,-0.31,-0.43,0.4,0.43,-0.27,0.16,-0.16,1.11
6220,岳豐,-0.73,0.26,0.56,1.71,0.72,0.63,0.88,1.75,0.03
6221,晉泰,0.57,0.31,0.43,0.18,0.48,0.31,0.44,0.63,0.34
6222,上揚,-1.4,-0.25,-0.67,-1.85,-0.17,-0.08,0.69,-0.26,-0.22
6223,旺矽,0.24,0.69,1.86,2.59,1.94,1.33,0.66,0.34,-0.51
6224,聚鼎,1.32,1.04,1.52,1.36,1.14,0.8,1.07,1.2,1.03
6225,天瀚,-0.12,-0.06,-0.08,-0.03,-0.07,-0.04,-0.02,-0.04,-0.03
6226,光鼎,-0.21,-0.18,0.21,0.13,0.37,0.04,0.19,0.06,-0.13
6227,茂綸,0.6,1.23,0.54,-0.18,0.18,0.58,0.21,0.6,0.54
6228,全譜,-0.41,-0.2,-0.62,-0.29,-0.54,-0.41,-0.4,-0.41,0.02
6229,研通,-0.04,0.01,0.18,0.36,0.08,-0.16,0.22,0.55,0.12
6230,超眾,2.51,2.52,3.26,1.94,3.24,1.3,1.05,2.08,1.37
6231,系微,0.26,-0.44,-0.52,-0.45,0.42,0.05,0.22,0.21,0.5
6233,旺玖,-0.3,-0.32,-0.18,-0.22,0.01,-0.42,-0.07,-0.1,-0.1
6234,高僑,2.36,0.09,-0.11,-0.03,0.11,-0.13,0.23,0.18,0.05
6235,華孚,0.34,0.23,0.2,0.19,7.51,-0.05,-0.06,0.17,0.44
6236,康呈,-0.09,-0.23,-0.19,-0.36,-0.11,-0.59,-0.43,-0.6,-0.1
6237,驊訊,-0.15,-0.04,0.2,0.6,0.1,-0.31,2.8,-0.08,-0.11
6238,勝麗,3.32,2.68,1.96,1.39,3.08,2.03,2.1,2.16,2.45
6239,力成,1.57,1.21,1.45,1.7,1.84,1.5,1.81,2.08,2.12
6240,松崗,-0.48,-0.58,0.07,1.27,0.06,-0.14,-0.04,-0.19,-1.22
6241,易通展,-0.17,0.08,-0.16,-0.64,0.03,-0.41,-0.33,-0.56,
6242,立康,0.86,,,,,,,,
6243,迅杰,-0.34,-0.31,-0.42,-0.47,-0.14,-0.75,-0.34,-0.25,-0.12
6244,茂迪,0.73,1.67,0.62,-2.05,-2.1,-1.87,-1.28,-0.63,-1.83
6245,立端,1.09,0.61,0.8,0.98,1.28,0.5,0.51,1.04,1.29
6246,臺龍,0.01,0.68,0.49,0.52,6.21,0.09,0.38,0.45,-0.03
6247,淇譽電,0.08,-0.1,0.03,0.04,0.23,-0.14,-0.44,-0.07,-0.4
6248,沛波,,,,,,,,,
6250,,,,,,,,,,
6251,定穎,0.01,0.01,0.02,-0.15,0.15,0.04,0.13,0.05,-0.19
6257,矽格,0.47,0.33,0.52,0.7,0.6,0.42,0.54,0.6,1.19
6259,百徽,-0.39,-5.53,-0.23,-0.22,-0.05,-0.17,-0.03,-0.22,-0.08
6261,久元,0.83,1.09,0.94,0.71,0.71,0.31,1.22,1.31,1.18
6263,普萊德,1.11,1.02,1.23,0.94,1.19,1.05,1.16,1.24,1.44
6264,富裔,-0.16,-0.32,-0.27,-0.06,0.65,0.27,-0.31,0.02,0.07
6265,方土昶,0.06,-0.06,0.09,-0.06,0.1,-0.27,0.04,-0.02,-0.07
6266,泰詠,1.89,0.27,0.05,0.03,0.46,-0.01,0.4,0.46,0.45
6269,台郡,2.84,1.41,0.35,2.42,3.43,0.76,1.13,3.31,4.26
6270,倍微,0.11,0.08,0.08,0.09,0.1,0.06,0.07,0.11,0.1
6271,同欣電,1.54,1.39,1.62,1.39,1.9,0.54,1.22,2.32,1.82
6274,台燿,0.75,0.94,0.95,0.76,1.11,1.29,1.04,1.06,0.7
6275,元山,-0.14,0.2,0.49,0.25,0.08,0.09,0.59,0.22,0.06
6276,安鈦克,-1.12,-0.6,-1.08,-0.24,0.19,-0.4,-0.01,0.11,-0.54
6277,宏正,1.51,1.83,1.4,1.82,1.54,1.52,1.22,1.58,1.76
6278,台表科,0.72,0.71,0.14,0.62,0.47,0.29,0.65,1.02,0.66
6279,胡連,2.16,1.78,1.79,2.09,3.58,2.78,2.26,2.17,2.79
6281,全國電,,,,,,,,,
6282,康舒,0.3,0.28,0.28,0.2,0.24,0.1,0.16,0.31,0.03
6283,淳安,0.03,0.09,0.05,0.24,0.32,0.19,0.02,0.04,0.01
6284,佳邦,-0.15,-0.47,0.02,0.72,0.3,-0.35,0.53,0.58,0.08
6285,啟,1.52,1.47,1.09,1.8,1.42,1.58,1.58,1.39,1.07
6286,立錡(下市),,,,,,,,,
6287,元隆,,,,,,,,,
6289,華上,-0.34,-0.07,-0.14,-0.2,-0.17,-0.27,0.21,-0.16,-0.27
6290,良維,1.4,1.01,0.33,0.66,1.08,0.12,0.49,0.41,0.64
6291,沛亨,-0.42,-0.28,0.02,0.01,-0.32,-0.44,-0.35,-0.47,-0.41
6292,迅德,0.26,0.59,0.73,0.99,1.05,0.42,0.7,0.8,0.66
6294,智基,1.87,2.98,4.01,2.27,1.4,2.34,3.87,1.81,2.21
6298,崴強,-0.28,0.3,0.33,0.91,0.56,0.22,0.51,0.91,0.66
6404,通訊-KY,-0.53,-0.7,-0.95,-0.97,-3.12,-1.85,-3.48,-2.69,-3.5
6405,悅城,-0.67,-0.29,-0.21,-0.15,0.7,-0.56,0.28,0.31,0.29
6409,旭隼,4.59,4.19,5.01,4.19,4.75,4.03,4.51,4.13,4.66
6411,晶焱,1.29,0.63,0.94,0.87,2.45,0.75,1.66,1.69,2.22
6412,群電,1.17,0.46,0.71,0.29,2.11,0.58,1.08,1.35,1.07
6414,樺漢,3.47,3.01,3.5,3.43,3.45,2.42,3.69,4.07,4.47
6415,矽力-KY,5.22,2.84,4.08,4.62,5.97,4.16,5.75,5.3,5.47
6419,京晨科,-0.76,-0.98,-0.51,0.04,0.61,-0.26,-0.15,-0.45,0.18
6422,君耀-KY,2.01,1.22,1.9,1.93,2.16,0.83,1.18,1.41,1.48
6426,統新,-0.47,0.2,0.73,0.37,1.46,0.94,0.8,0.25,0.36
6431,光麗-KY,-2.63,-0.78,-2.13,-0.94,-2.1,-0.64,-0.64,-0.72,-1.48
6449,鈺邦,0.75,0.39,0.7,0.7,1,0.15,0.68,0.85,0.81
6451,訊芯-KY,3.12,2.05,3.11,1.57,2.39,0.54,0.57,-0.14,0.09
6452,康友-KY,5.28,3.42,3.34,3.34,3.8,2.69,3.11,3.26,3.14
6504,南六,1.92,1.61,1.9,2.02,2.5,1.84,1.56,1.87,2.19
6505,台塑化,1.31,1.1,2.71,1.75,2.39,2.37,1.27,2.34,2.44
6506,雙邦,0.24,1.11,0.7,0.36,0.44,0.52,0.54,0.16,0.32
6508,惠光,0.17,0.63,0.63,0.39,0.44,0.32,0.55,0.58,0.2
6509,聚和,0.19,0.23,0.2,-0.03,0.17,-0.02,0.18,0.07,0.18
6603,富強鑫,-0.08,0.33,0.22,0.13,0.21,0.2,0.26,0.43,0.31
6605,帝寶,2.25,2.48,1.41,0.7,2.6,0.5,1.72,2.51,1.32
6609,瀧澤科,0.68,0.17,0.23,0,0.61,-0.42,0.63,0.69,1.04
6702,復航(下市),,,,,,,,,
6803,崑鼎,2.03,4.31,2.94,3.25,2.28,2.66,3.08,3.11,2.55
8011,台通,0.13,0.01,0.02,0.21,0.5,0.29,0.11,0.08,-0.13
8016,矽創,2.09,1.94,1.84,2.49,2.37,1.37,1.72,2.06,2.1
8021,尖點,0.71,0.31,0.32,0.45,0.46,0.39,0.32,0.38,0.39
8024,佑華,0.08,-0.29,0.41,0.01,0.12,-0.26,0.37,-0.04,0.03
8032,光菱,0.52,0.52,0.59,0.52,0.73,-0.11,1.06,0.7,0.6
8033,雷虎,-0.88,0,-0.26,-0.21,-1.06,-0.19,-0.23,-0.12,-0.27
8034,榮群,-0.06,-0.17,-0.23,-0.08,0.23,-0.22,0.62,0.82,0.41
8038,長園科,-0.13,0.04,0.09,-0.57,-0.51,-1.06,-0.63,-0.65,-0.67
8039,台虹,0.64,0.58,0.63,0.66,0.91,0.48,0.93,1.34,0.77
8040,九暘,-0.07,-0.04,-0.03,-0.54,-0.15,-0.23,0.02,0.07,0.18
8042,金山電,1.56,1.16,0.98,1.78,1.19,1.25,0.96,1.41,0.44
8043,蜜望實,0.27,0.38,0.54,0.11,0.7,-0.46,0.19,1.05,0.59
8044,網家,2.22,2.47,1.61,1.54,1.33,1.74,1.17,-0.12,-2.47
8046,南電,-0.16,-0.5,-0.36,-1.42,1.2,-1.38,-0.27,-0.65,-0.73
8047,星雲,0.11,-0.09,0.15,0.34,0.1,0.36,0.13,0.18,0.1
8048,德勝,0.61,0.67,0.62,0.43,0.87,0.26,0.59,0.82,0.66
8049,晶采,0.27,0.28,0.52,0.26,0.49,0.34,0.53,0.42,0.4
8050,廣積,1.1,1.35,1.6,1.24,0.78,0.59,0.49,1.17,0.22
8053,,,,,,,,,,
8054,安國,0.15,-0.01,0.96,-0.09,-0.16,-0.35,1.38,0.21,-0.17
8059,凱碩,0.05,0.22,-0.22,0,-0.18,-0.34,-0.42,-0.28,-0.44
8064,東捷,0.18,-0.11,0.03,0.38,0.61,0.11,-0.06,-0.06,0.01
8066,來思達,2.2,1.89,2.5,2.63,3.21,1.44,2.23,3.02,3.11
8067,志旭,-0.27,-0.03,-0.06,-0.07,-2.11,0.09,-0.07,0.01,-0.42
8068,全達,0.11,-0.02,0.25,0.6,0.18,0.05,-0.02,0.02,0.01
8069,元太,0.67,-0.24,0.68,0.45,0.78,0.14,0.7,1.03,-0.04
8070,長華,2.07,6.59,1.42,2.38,1.91,5.22,3.12,3.43,1.87
8071,能率網通,0.04,-0.21,0.22,-0.1,0.21,0.06,0.44,0.4,0.02
8072,陞泰,0.17,0.15,0.17,0.05,-0.07,-0.12,0.02,0.03,-0.22
8074,鉅橡,0.6,0.48,0.56,0.51,0.65,0.25,0.46,0.61,0.49
8076,伍豐,0.26,0.09,0.3,0.36,0.12,0.03,0.19,0.31,0.18
8077,洛,-0.27,-0.16,-0.67,-0.36,-0.8,0.08,-0.02,0.08,0.3
8079,誠遠科技(下櫃),,,,,,,,,
8080,奧斯特,-1.03,-0.31,0.19,-0.28,-0.38,-0.61,-0.35,-0.7,-0.44
8081,致新,1.22,1,0.96,1.16,1.52,1,0.92,1.13,0.63
8082,,,,,,,,,,
8083,瑞穎,,,,,,,,,
8084,巨虹,0.95,-0.2,0.27,0.05,0.37,-0.63,0.07,-0.02,0.94
8085,福華,-0.47,-0.36,-0.12,1.36,-0.25,-0.19,-0.01,0.11,0.12
8086,宏捷科,,,,,,,,,
8087,華鎂鑫,-0.05,0.02,0.01,0.06,-0.01,0.02,0.14,0.24,-0.11
8088,品安,,,,,,,,,
8091,翔名,1.02,0.91,0.77,1.17,1.23,1.8,1.97,4.16,1.51
8092,建暐,-0.46,-0.02,-0.22,-0.15,-0.18,-0.12,-0.22,-0.25,-0.01
8093,保銳,-0.08,0.14,0.06,0.08,-0.13,-0.27,-0.03,0.25,-0.02
8096,擎亞,0.5,0.05,0.05,-0.71,0.71,0.06,0.47,0.14,-0.17
8097,常珵,-0.44,0.71,0.1,-0.14,-0.02,-0.14,-0.04,-0.08,3.56
8099,大世科,0.37,0.27,0.33,0.25,0.5,0.45,0.55,0.29,0.45
8101,華冠,-0.26,-0.35,-0.83,-0.91,-1.64,-0.47,0.01,-0.54,-0.63
8103,瀚荃,0.29,0.32,0.72,0.79,1.16,0.33,0.76,0.89,0.08
8105,凌巨,0.22,0.3,0.47,0.06,0.61,0.24,0.46,0.47,0.2
8107,大億金茂,0.31,0.31,0.38,0.31,-1.22,0.41,0.87,8.29,0.99
8109,博大,1.27,1.26,1.51,0.79,1.79,-0.1,1.76,1.56,1.15
8110,華東,0.17,-0.16,0.19,0.22,0.66,0.12,0.17,0.47,0.51
8111,立,-0.23,-0.18,-0.09,-0.14,0,0.01,0.04,0.12,-0.07
8112,至上,0.37,0.21,0.96,0.94,1.04,0.82,0.91,0.97,1.15
8114,振樺電,2.16,1.62,2.32,1.34,3.63,0.86,1.44,2.51,1.98
8121,越峰,-0.9,-0.6,-0.32,-0.48,-1.73,-0.4,0.17,-0.08,-0.25
8131,福懋科,,,,,,,,,
8147,正淩,0.8,0.45,0.63,0.66,0.57,0.36,0.26,0.43,0.87
8150,南茂,0.49,0.39,0.36,0.29,0.69,2.69,0.36,0.18,0.18
8155,博智,0.7,0.75,0.89,0.65,0.97,0.73,1.43,1.9,2.1
8163,達方,0.24,0.15,0.25,0.6,0.57,0.3,0.51,0.64,0.62
8171,天宇,-0.96,-0.5,-0.27,-1.17,0.03,-0.68,-0.28,-0.4,-0.39
8176,智捷,0.39,0.14,0.16,0.13,0.09,0.01,0.07,0.21,0.42
8182,加高,0.28,0.18,0.02,0.22,0.48,0.21,0.49,0.42,0.18
8183,精星,-0.21,-0.07,0.12,0.44,0.55,0.17,0.5,0.36,0.41
8201,無敵,-1.46,0.15,-0.43,-0.68,-0.4,-0.69,-0.38,-0.16,-0.33
8210,勤誠,1.41,0.93,1.42,1.12,1.55,1.04,0.87,0.66,1.23
8213,志超,0.85,0.66,0.4,0.85,1.08,0.5,0.62,0.81,0.63
8215,明基材,0.08,-0.24,-0.22,-1.03,0.17,0.48,0.23,0.53,0.4
8222,寶一,,,,,,,,,
8234,新漢,0.56,0.3,0.41,0.25,0.64,-0.31,0.62,0.35,0.32
8240,華宏,0.34,-0.47,-1.28,-0.92,-4.11,0.02,-0.53,0.2,0.78
8249,菱光,0.03,0.14,0.56,1.02,0.3,0.37,0.5,0.78,0
8255,朋程,1.95,1.93,2.12,1.15,2.3,1.21,2.02,1.88,1.99
8261,富鼎,-0.12,0.09,0.65,0.09,0.04,-0.27,0.12,0.29,0.34
8266,中日新(下櫃),,,,,,,,,
8271,宇瞻,0.38,0.9,0.66,0.89,1.01,1.06,0.81,0.89,1.26
8277,商丞,-0.12,-0.37,-0.27,-0.22,-0.75,-0.32,-0.15,-0.07,-0.25
8287,英格爾,0.53,0.24,0.57,0.68,0.56,-0.14,0.44,-7.16,-13.93
8289,泰藝,0.05,0,0.16,0.08,0.23,-0.31,0.24,0.12,0.07
8291,尚茂,,,,,,,,,
8299,群聯,5.25,4.72,4.87,7.61,7.49,6.5,8.07,8.12,6.54
8341,日友,1.41,1.28,1.29,1.28,1.66,1.35,2.3,1.7,1.68
8349,矬,0.95,1.17,1.2,1.23,1.91,1.37,1.51,1.52,1.82
8354,冠好,-0.09,0.01,0.31,-0.04,0.64,-0.45,0.25,2.02,0.04
8358,金居,-0.32,0.25,0.55,0.87,1.38,1.37,1.4,0.86,0.79
8374,羅昇,-0.47,-0.25,0.05,0.32,0.22,0.35,0.61,0.62,0.44
8383,千附,0.94,1.18,1.05,1.1,1.18,0.94,1.06,1.08,0.94
8390,金益鼎,-1.04,0.16,0.13,-0.16,-0.01,-0.31,0.46,0.23,0.14
8401,白紗科,0.43,-0.12,0.28,-0.58,0.62,0.06,0.43,0.54,0.5
8403,盛弘,0.15,0.35,0.47,0.54,0.26,0.3,0.6,0.52,0.15
8404,百和興業-KY,0.57,0.52,0.52,0.38,0.53,0.38,0.44,0.44,0.4
8406,金可-KY,4.4,3.94,4.27,5.13,3.03,4.2,1.81,2.91,1.57
8409,商之器,1.59,-1.01,-0.85,-0.46,0.14,-0.52,-0.64,-0.56,0.21
8410,森田,,,,,,,,,
8411,福貞-KY,0.32,0.76,0.49,0.97,0.63,0.6,0.21,0.38,0.41
8416,實威,3.77,1.51,1.75,1.41,3.05,1.22,2.31,1.7,3.76
8418,捷必勝-KY,-1.26,-0.76,-0.72,-1.29,1.48,-1.05,-0.78,-1.38,-2.13
8420,明揚,,,,,,,,,
8421,旭源,0.21,0.39,0.7,0.18,0.51,-0.16,0.18,0.12,0.01
8422,可寧衛,3.01,3.55,3.4,3.43,2.85,3.1,3.18,2.98,3.27
8423,保綠-KY,0.26,-0.89,0.05,0.05,0.48,0.18,0.41,0.54,0.26
8424,惠普,0.95,0.72,0.89,0.82,0.96,1,1.08,1.3,1.15
8426,紅木-KY,1.54,1.09,1.91,1.43,1.6,0.27,0.41,1.22,1.45
8427,基勝-KY,1.39,3.38,4.89,-1.09,0.97,2.05,-0.5,-1.2,0.08
8429,金麗-KY,2.07,1.45,1.69,0.86,1.78,0.83,0.85,0.28,0.3
8431,匯鑽科,-1.15,-1.06,-0.67,-0.45,-0.28,-0.59,-0.65,-0.47,-0.54
8432,東生華,,,,,,,,,
8433,弘帆,1.95,1.64,1.8,1.57,2.1,1.01,1.78,1.99,1.08
8435,鉅邁,0.82,0.49,0.78,0.75,0.96,0.68,1.12,0.86,0.83
8436,大江,1.21,1.11,1.64,2.3,1.79,1.42,1.86,2.5,2.4
8443,阿瘦,0.67,0.22,0.05,-0.24,0.2,-0.58,-0.54,-0.19,0.43
8446,華研,1.88,1.15,1.59,1.49,2.33,1.12,1.38,1.68,2.64
8450,霹靂,0.95,0.7,0.95,0.56,1.18,0.1,0.21,0.41,-0.64
8454,富邦媒,1.82,2.42,2.09,1.78,2.04,2.18,2.49,1.71,2.56
8905,裕國,0.15,0.05,0.13,1.52,1.34,0.63,0.54,0.72,0.53
8906,花王,-0.01,-0.02,-0.11,0.03,-0.08,-0.1,-0.07,0.07,-0.04
8908,欣雄,,,,,,,,,
8913,全銓,0.06,0.08,2.43,1.24,-0.11,137.14,-0.06,0.57,-0.41
8916,光隆,0.66,-0.13,1.29,2.1,0.87,-6.56,1.65,2.1,1.73
8917,欣泰,0.23,0.35,0.47,0.34,0.23,0.4,0.59,0.44,0.3
8921,沈氏,,,,,,,,,
8923,時報,0.34,0.34,0.14,0.22,0.33,0.18,0.2,0,0.65
8924,大田,0.12,-1.18,-0.5,-0.12,-0.04,-0.78,-0.83,9.61,0.74
8925,,,,,,,,,,
8926,台汽電,0.29,0.32,0.37,0.45,0.47,0.14,0.59,0.76,0.16
8927,北基,0.06,0.11,0.16,-0.1,0.13,0.06,0.07,0.16,0.13
8928,鉅明,1.49,1.61,0.05,-0.5,0.52,0.54,0.18,0.51,0.55
8929,富堡,0.68,0.5,0.38,2.47,0.25,1.64,0.13,0.68,0.33
8930,青鋼,-0.14,-0.05,0.29,0.13,0.33,2.03,0.36,0.33,0.27
8931,大汽電,0.22,0.18,0.12,0.33,0.16,0.06,0.25,0.54,0.14
8932,宏大,-0.2,0.22,0.41,-0.13,-0.3,-0.47,0.15,-0.32,-0.28
8933,愛地雅,0.48,0.2,-0.31,0.14,0.37,-0.25,0.06,0.08,-0.07
8934,衡平,3.3,1.64,-0.5,0.93,1.76,0.67,-1.99,0.49,1.37
8935,邦泰,-0.35,-0.04,-0.31,-0.91,-0.34,-0.07,-0.46,-0.32,-0.38
8936,國統,-0.86,0.18,-0.09,-0.84,-2.01,0.06,-0.34,-0.51,-0.74
8937,合騏,-0.09,0.08,0,-0.16,0.02,-0.25,0.09,0.04,-0.11
8938,明安,1.26,0.54,-0.14,0.28,1.91,0.8,0.64,0.43,1.4
8940,新天地,0.84,1.07,-0.4,-1.22,1.01,0.53,-0.35,-1.47,0.91
8941,關中,-1.98,0.25,0.59,0.99,0.39,0.26,3.04,7.78,-1.04
8942,森鉅,1.69,1.87,2.01,1,1.69,0.1,1.57,-2.9,1.01
8996,高力,1.2,0.83,1.12,0.7,0.82,0.04,0.17,0.21,0.21
910069,新曄(下市),,,,,,,,,
9103,美德醫療-DR,,,,,,,,,
910322,康師傅-DR,,,,,,,,,
910482,聖馬丁-DR,,,,,,,,,
9105,泰金寶-DR,4.86,,,,,,,,
9106,新焦點(下市),,,,,,,,,
910708,琱j健-DR,,,,,,,,,
910801,金衛-DR(下市),,,,,,,,,
910861,神州-DR,,,,,,,,,
9110,越南控-DR,,,,,,,,,
911608,明輝-DR,-47.28,,,,,,,,
911609,揚子江(下市),,,,,,,,,
911611,中泰山(下市),,,,,,,,,
911612,滬安電力(下市),,,,,,,,,
911613,特藝-DR,-784.13,,,,,,,,
911616,杜康-DR,-2054.93,,,,,,,,
911619,耀傑-DR,-324.99,,,,,,,,
911622,泰聚亨-DR,-26.57,,,,,,,,
911626,MSH-DR(下市),,,,,,,,,
911868,同方友友-DR,,,,,,,,,
912000,晨訊科-DR,,,,,,,,,
912398,友佳-DR,,,,,,,,,
9136,巨騰-DR,,,,,,,,,
913889,大成糖(下市),,,,,,,,,
9157,陽光能源-DR,,,,,,,,,
9188,精熙-DR,,,,,,,,,
9802,鈺齊-KY,0.21,1.25,1.41,0.82,1.62,1.81,1.62,0.84,1.22
9902,台火,-0.04,0,0.05,0.04,-0.04,-0.04,0.04,0.01,0
9904,寶成,0.4,1.02,0.73,1.26,1.41,0.55,0.9,1.63,1.3
9905,大華,0.25,0.38,0.49,0.55,0.5,0.51,0.45,0.57,0.39
9906,欣巴巴,0.15,-0.17,0.41,0.42,0.03,0.06,0.26,0.23,0.76
9907,統一實,-0.2,0.12,0.27,0.16,0.13,0.13,0.07,0.18,0
9908,大台北,0.19,0.16,0.42,0.59,0.21,0.42,0.28,0.6,0.2
9910,豐泰,1.96,1.37,2.09,1.74,1.46,1.14,1.74,1.9,1.8
9911,櫻花,0.69,0.83,0.75,0.71,0.88,0.72,0.55,0.78,1.21
9912,偉聯,-0.15,-0.16,0,0,0,0.02,0,0.01,0.13
9914,美利達,2.13,1.53,1.45,1.67,1.77,1.01,0.49,1.35,-0.18
9917,中保,1.09,1.02,1.06,1,-1.72,1.63,1.23,1.12,0.91
9918,欣天然,0.23,0.45,0.37,0.12,0.29,0.46,0.4,0.29,0.24
9919,康那香,0.08,-0.03,0.12,0.03,-2.37,0.03,0.14,0.39,0.02
9921,巨大,2.26,2.28,2.24,1.89,1.77,1.38,1.81,1.92,0.38
9924,福興,0.97,0.96,1.28,1.12,1,0.51,0.81,0.94,0.66
9925,新保,0.49,0.59,1.38,0.72,0.43,,1.26,0.72,0.47
9926,新海,0.39,0.46,0.41,0.49,0.34,0.43,0.48,0.66,0.45
9927,泰銘,0.79,0.65,0.79,1.01,1.36,1.21,0.88,1.22,1.49
9928,中視,-0.15,-0.45,-0.45,-0.49,-0.7,-0.13,-0.7,-0.63,-0.26
9929,秋雨,-1.34,-1.01,1.79,-0.02,0.03,-0.05,0,0.04,0.03
9930,中聯資源,1.06,0.65,0.81,0.56,0.7,0.77,0.66,0.98,0.96
9931,欣高,0.38,0.9,0.39,0.16,0.36,0.42,0.5,0.41,0.36
9933,中鼎,0.79,0.61,0.73,0.92,0.65,0.58,1.59,0.67,0.84
9934,成霖,0.24,0.18,0.57,-2.4,0.35,0.39,0.72,0.49,0.31
9935,慶豐富,0.09,0.1,0.1,0.11,0.11,0.05,0.46,0.41,0.35
9937,全國,,,,,,,,,
9938,百和,1.04,1.27,1.25,1.17,1.3,1.37,1.3,1.55,1.21
9939,宏全,0.18,0.71,1.6,1.39,0.32,1.28,1.17,1.59,0.17
9940,信義,0.21,-0.1,0.34,0.32,0.91,0.11,1.8,1.58,0.82
9941,裕融,0.87,1.68,1.41,1.66,1.56,1.97,2.14,2.09,2.26
9942,茂順,1.08,1.29,1.63,1.37,1.58,1.12,1.76,1.92,1.53
9943,好樂迪,1,1.48,1.32,1.09,0.83,1.21,1.04,1.28,1.22
9944,新麗,-0.31,0.36,0.41,0.02,-0.12,0.11,0.36,0.04,-0.07
9945,潤泰新,0.98,1.65,0.38,1.61,2.05,0.26,0.63,1.81,3.97
9946,三發地產,1.07,0.67,0.36,0.12,0.38,0.35,0.01,0.19,0.97
9949,琉園,-0.19,-0.14,-0.14,-0.28,0,-0.17,-0.15,-0.16,0.06
9950,萬國通,0.04,0.04,0.19,-0.04,0.26,-0.35,-0.31,-0.71,-1.17
9951,皇田,2.47,2.46,2.37,2.11,2.98,2.1,2.25,2.08,2.4
9955,佳龍,-0.74,-0.1,0.24,-0.19,-1.17,-0.26,-0.39,0.09,-0.28
9958,世紀鋼,0.47,0.07,0.29,-0.06,0.1,0.07,0.02,0.13,0.1
9960,邁達康,0.19,0,0.04,0.09,-0.78,0.18,0.22,0.22,0.18
9962,有益,-0.12,,,,,,,,
