1101,台泥,27.3,31.5,32.05,35.65,35.15,36.3,35.2,33.8,36.45
1102,亞泥,27.4,29.4,27.9,27.4,26.35,30.6,26.1,26.85,28.2
1103,嘉泥,9.52,9.44,8.35,9,8.73,11.05,10.85,12.4,13.35
1104,環泥,22.5,22.35,21.9,24.55,24.65,26.7,25.1,23.2,22.95
1108,幸福,10.1,10.25,10.1,9.24,9.12,9.95,9.47,8.7,8.37
1109,信大,10.05,9.93,10,10.25,10,10.3,10.4,11.9,13.1
1110,東泥,15.8,15.15,15.2,15.5,16,16.35,15.4,15,14.75
1201,味全,17.5,19.8,21.1,17.8,17.5,18.2,18.85,18.95,21.15
1203,味王,22.9,21.55,21.7,21.95,23,23.95,24.8,24,25.2
1210,大成,20.7,20.8,29.45,27.1,29.1,28.8,32.3,32.25,33.55
1213,大飲,15.15,18.35,19.05,15,16.8,17.9,16.95,15.2,15.6
1215,卜蜂,23,24.8,37.15,37.75,44.85,54.2,74.6,64.3,64.2
1216,統一,54.9,56.5,63.5,58.8,53.4,56.9,61,62.9,66
1217,愛之味,8.98,8.08,8.16,7.86,7.42,7.54,7.57,7.67,7.49
1218,泰山,12.05,12.45,13.2,16.05,14.9,14.9,16.7,18.3,16.9
1219,福壽,14.65,15.3,15.2,15.35,15.9,16.6,17.05,17.9,17.85
1220,台榮,10.75,10.55,11.8,10.85,10.9,11.15,11,10.3,10.4
1225,福懋油,25.65,31.05,40,52.1,48,50,53.9,64,66.5
1227,佳格,82.1,79.8,78.9,80.3,76.6,75.4,81.7,74,74
1229,聯華,19,20.25,21.05,21,22.05,25.45,28.2,29.45,36.6
1231,聯華食,28.25,29.6,31.45,29.35,31.1,34.75,36.6,32.9,33.9
1232,大統益,75,78.9,80.1,84.1,84.1,91.2,95.3,90,90.2
1233,天仁,36.05,38.5,37.8,37.25,36.75,37.45,37.05,34.5,36.05
1234,黑松,31.35,35.3,32.65,32.25,32.3,33.65,33.55,31.1,31.45
1235,興泰,19.15,22.9,23.45,27.85,29.55,27.6,29.2,33.55,37.45
1236,宏亞,21.5,20.85,20,19.35,18.4,18.15,17.2,17,17.4
1256,鮮活果汁-KY,133.5,123.5,108.5,147,122.5,148,137.5,139,144
1258,其祥-KY,40.4,38.85,38.8,38.5,38.95,36.15,37.7,32.5,29.8
1259,安心,72.9,71.1,71.1,87.7,76.5,77.5,96.7,82.9,89.4
1262,綠悅-KY,119,126,149.5,154,145.5,165.5,126.5,68.9,64.7
1264,德麥,181.5,193,186.5,192,201.5,237,253,224,235
1301,台塑,77,79.8,77.8,77.8,89.2,90.5,92.7,91.8,98.7
1303,南亞,61,67.6,61,62,71.2,71.9,75.5,75,77.9
1304,台聚,13,12.9,12.5,14.1,15.85,15.8,15.5,14.9,16.4
1305,華夏,15.1,16.05,15.55,20.75,23.95,28.2,28.2,30.6,32.4
1307,三芳,38.75,39.3,37.95,36.35,35.35,37.7,36.3,35.25,33.9
1308,亞聚,17.25,18.2,17.1,17.9,19.05,18.45,18.95,19.1,19.3
1309,台達化,7.57,7.72,7.29,7.79,10.45,10,9.87,10.55,15.2
1310,台苯,17.05,17.65,15.7,15.9,19.95,24.8,21.5,19.9,22.7
1312,國喬,15.5,17.3,15.55,15.8,21,21.1,21.2,23.35,31.45
1313,聯成,9.49,9.03,9.06,10.45,12.5,13.15,13.55,16.15,18.8
1314,中石化,7.93,8.1,7.23,7.67,9.9,11.6,11.65,14,15.35
1315,達新,22.85,24.4,24.6,24.75,25.45,26.25,26.7,25.25,25.6
1316,上曜,9.7,10.55,11.2,10.8,10.7,23.05,24.9,27.6,24.55
1319,東陽,40.5,48.35,47.8,74.4,63.5,52.7,56.5,62.1,57.6
1321,大洋,25.95,26.85,25.1,25.4,24.75,26.1,26.05,29.5,29.3
1323,永裕,24.45,31.95,32,32.2,33.8,33.4,33.15,31.85,38.6
1324,地球,11.1,11.2,11.15,13.15,13.05,13.1,13.25,12.55,12.5
1325,恆大,21,19.65,19.8,19.5,21.05,21.5,20.7,19.5,19.45
1326,台化,74,80.2,81,84.3,96.3,94.4,95.5,92.1,103
1333,恩得利,5.2,4.7,2.55,2.93,3.56,3.34,4.34,4,3.94
1336,台翰,8.22,7.99,10.4,9.25,8.7,11.7,17.7,21.45,19
1337,再生-KY,18.1,19.6,18.4,18.5,17.5,16.1,13.45,12.9,12.55
1338,廣華-KY,119,123.5,114,121,93.8,98.7,107.5,113.5,114.5
1339,昭輝,61.2,56.3,44.15,42.7,37.3,44.85,46,40.45,42.3
1340,勝悅-KY,63.9,69.2,62.2,59.3,54.4,55.6,53.1,46.4,45.95
1402,遠東新,25.75,26.3,24,23.45,24.2,26.3,24.75,24.1,26.8
1409,新纖,9.58,9.09,8.6,8.5,9.05,9.83,9.2,9.09,10.05
1410,南染,24.2,23.9,24.55,24.5,24.45,25.85,24.6,23.75,23.45
1413,宏洲,7.5,7.1,6.73,6.17,5.59,,,,
1414,東和,,,,,,,,,
1416,廣豐,18.1,18.95,19.1,23.75,25.45,29.95,27.7,21.85,16.65
1417,嘉裕,5.2,5.16,4.61,5.51,5.13,5.55,4.92,4.86,4.71
1418,東華,5.3,5.45,4.51,4.6,6.18,6.35,5.61,4.73,7.95
1419,新紡,37.85,36.8,43.35,39.45,39.6,40.8,42.1,41.8,45.1
1423,利華,,,,,,,,,
1432,大魯閣,21.7,22.7,21.9,18.6,16.3,15.2,15.5,13.95,14.05
1434,福懋,30,31.45,31.05,29.7,29.5,32.4,30.55,30.75,31.3
1435,中福,5.04,4.84,4.33,4.42,4.21,5.91,5.23,5.4,5.36
1436,華友聯,40.35,40,40.25,41.25,39.4,38.6,38,38.2,40.2
1437,勤益控,12.2,12.45,14.4,15.3,16.55,18.55,17.65,17.1,17.55
1438,裕豐,,,,,,,,,
1439,中和,,,,,,,,,
1440,南紡,14.2,13.55,12.3,12.4,12.2,15.15,13.05,13.45,13.6
1441,大東,7.01,7.22,8.15,7.27,6.28,6.96,7.96,7.58,6.96
1442,名軒,17.25,18.95,21.15,19.15,17.7,20.25,21.7,18.65,18.7
1443,立益,5.25,5.25,4.72,4.78,4.47,6,5.65,6.19,5.1
1444,力麗,9.45,9.48,8.76,8.45,8.24,8.31,8.35,10.4,11.7
1445,大宇,9.34,9.65,9.7,9.47,9.04,9.21,8.9,8.42,8.35
1446,宏和,21.8,20.5,17.95,18,17.9,22.8,23.4,21.7,21.4
1447,力鵬,8.32,8.3,6.91,7.65,8.13,8.1,8.32,8.37,9.12
1449,佳和,5.96,4.92,4.15,4.82,4.1,5.32,5.5,5.06,5.45
1451,年興,22.65,24.5,23.9,23.9,24.25,27,24.2,23.15,27.6
1452,宏益,23.45,24.4,20.2,20,20.5,21.65,26.1,23.1,22.2
1453,大將,8.43,8.97,8.44,8.16,7.89,8,8.27,8.18,10.1
1454,台富,9.35,9.27,8.71,8.69,8.52,8.46,8.45,8.39,8.48
1455,集盛,8.36,9.02,8,8.4,9.28,10.3,9.85,9.98,12.8
1456,怡華,5.27,8.28,9.15,9.2,,,,,
1457,宜進,12,11.8,10.55,10.3,10.05,11.15,11.25,10.75,14.1
1459,聯發,11.1,10.05,8.14,8.2,8.46,8.5,8.42,8.16,10.3
1460,宏遠,15,15.85,15.45,15.6,17,16.75,16.25,15,14.15
1463,強盛,16.8,17.5,17.9,18.4,21.2,24.65,29.3,25.75,24.4
1464,得力,32.55,36.2,29.8,27.05,25.85,28.85,29.3,25.45,25.2
1465,偉全,14.8,14.65,14.05,12.95,12.65,13.05,12.9,16.1,15.2
1466,聚隆,17.7,14.85,13.15,13.45,13.65,11.8,12,11.85,12.1
1467,南緯,16.7,14.25,14,13.25,10.3,11.05,10.2,10.55,11.55
1468,昶和,9.67,9.98,10.35,10.8,9.89,10.55,10.6,10.35,10.25
1469,理隆,12.65,12.6,12.75,13.65,13.6,13.85,13.9,13.95,14.35
1470,大統染,,,,18.7,19,,,18.25,17.75
1471,首利,4.87,5.69,5.81,5.3,4.46,5.66,5.13,5.08,5
1472,三洋紡,14,10.9,9.1,14.5,11.9,11.1,15.75,22.5,42.4
1473,台南,29.45,38.4,37.1,30.45,29.75,27,25.9,24,23.85
1474,弘裕,9.29,10.15,10.4,10.3,11.25,11.45,11.55,11.6,11.4
1475,本盟,9.03,9.2,8.46,9.61,7.7,10.8,25.55,38.5,50
1476,儒鴻,453.5,423.5,310.5,374,337.5,304,371,376.5,297.5
1477,聚陽,233,193.5,150.5,150,124,124.5,147,132,125
1503,士電,41.5,39.55,40.25,40.8,40.5,40.9,41.25,41.9,41.3
1504,東元,26.3,26.25,27.1,27,27.9,30.85,29.25,27.4,28.5
1506,正道,14.6,16.6,15.3,14.35,14.55,23,25.2,22.3,21.15
1507,永大,47.45,45.95,45.5,46.6,44.85,52.6,51.8,56.4,48.05
1512,瑞利,5.95,5.25,4.73,5.49,5.97,7.94,12.9,12.7,12.4
1513,中興電,16.9,18.05,18.75,17.7,19.35,19.8,21.2,22.15,22.25
1514,亞力,8.19,9.31,10.3,10.5,9.61,10.65,10.45,10.75,11.85
1515,力山,10.45,10.9,13.45,15.3,15.05,19.1,22.95,44.9,51.8
1516,川飛,,,,,,,,,
1517,利奇,11.25,11.25,10.8,10.35,10.4,11.55,10.35,10.8,11.65
1519,華城,15.35,16.15,15.15,18.4,17.9,17,17.2,21.05,20.85
1521,大億,89.9,81.6,81,81.6,82.6,80.9,86.2,81.5,79
1522,堤維西,23.4,25.55,26.3,38,36,33.1,32.2,32.95,33.2
1524,耿鼎,6.76,7.42,8.67,12.6,11.1,13.15,11.4,11.35,11.85
1525,江申,77.2,104,120,129.5,112,106.5,114.5,102,92.3
1526,日馳,14.15,13.25,13,15,14.8,15.5,18.3,39.45,64.3
1527,鑽全,,,,,,,,,
1528,恩德,9.07,10.35,9.95,10.1,9.92,10.55,10.35,11.5,14.7
1529,樂士,4.47,2.51,4.5,4.1,3.37,3.9,3.11,3.3,3.27
1530,亞崴,31.7,30.1,28.5,29.15,28.2,32.55,30.8,32.4,31.9
1531,高林股,16.95,17.3,16.5,16.6,15.9,19.15,19.8,20.05,23.4
1532,勤美,26.25,29.65,38.25,30.5,31.9,31.05,30.45,29.5,28.4
1533,車王電,39.65,56.6,43.5,43.25,42.4,42.65,39.3,39.2,41.15
1535,中宇,59.4,58,52.1,45.25,45.9,46.5,43.9,39.3,42.7
1536,和大,121,140,150,152.5,125,127,150,144,147
1537,廣隆,132,142,145.5,150,157.5,157.5,162,148.5,143.5
1538,正峰新,5,5.53,5.22,7.28,5.81,6.32,8.26,5.87,5.05
1539,巨庭,29.5,31.1,32.7,30.05,28.5,26.2,21.8,21.9,20.05
1540,喬福,16,17.15,15.3,14.4,12.75,15.3,15.3,14.85,15.75
1541,錩泰,43.15,55.5,64.5,53.5,53,59.8,50.6,45.85,47.6
1558,伸興,138,148.5,149.5,161,160.5,156,145,132,129.5
1560,中砂,,,,,,,,,
1565,精華,661,657,723,729,615,615,636,644,975
1566,捷邦,23.95,24.2,20.6,19.15,16.3,17.8,17.8,20,21.3
1568,倉佑,20.5,26.1,24.55,37.05,33.05,30.9,39.3,44.25,35.5
1569,濱川,11.3,9.58,9.5,20.7,32.1,28.35,37.2,40.25,39.3
1570,力肯,16.3,16.35,14.45,15.2,14,13.85,14.75,16.1,14.9
1580,新麥,104,116.5,106.5,142,141.5,139,178,154.5,170
1582,信錦,48.1,53.9,52.9,52.8,63,67,70.7,69.5,63.5
1583,程泰,65.9,67.3,59.3,59.7,55.1,70,61.3,62.3,63
1584,精剛,,13.5,13.9,14.1,14.3,17.5,12.1,11.85,11.55
1586,和勤,32.5,31.5,32.15,22.6,23.5,29.2,29.2,44.7,48.45
1589,永冠-KY,182,228.5,204,172,103,106,94.2,74,63.8
1590,亞德客-KY,152,190,239,279,257,298.5,359.5,417,535
1591,駿吉-KY,25,19.2,23.45,32.8,23.9,21.15,29.95,30,35.2
1592,英瑞-KY,29.2,30.1,47.9,54.6,53.4,52.5,45.1,35,33.5
1593,祺驊,38.3,41.3,39.85,39.1,39.7,40.2,41.05,42,50.8
1595,川寶,60.3,55.5,47.8,43.4,39.95,51.9,50.8,67.3,62.3
1597,直得,26.85,30.8,29.15,36.65,33,35.6,50.4,86.9,87.1
1599,宏佳騰,45.15,68.5,57.6,53.8,49.35,54.1,51.2,41.35,42.5
1603,華電,12.25,13.5,12.9,13.5,22.8,25.8,27,26.8,28.6
1604,聲寶,11.9,13.45,13.7,17.6,18.3,19.25,17.6,14.8,13.2
1605,華新,7.34,8.54,8.75,10.4,11.85,13.9,13.4,13.8,17.6
1608,華榮,6.95,7.18,6.35,7.13,8.31,9.2,9.31,9.79,11.75
1609,大亞,4.61,4.57,4.23,5.24,5.47,6.81,6.4,7.85,13.9
1611,中電,7.92,9.19,7.6,8,7.45,8.27,7.97,9.23,9.97
1612,宏泰,8.51,8.59,8.25,8.76,8.83,9.83,9.39,10.25,11
1613,台一(下市),3.04,3.04,2.73,3.55,,,,,
1614,三洋電,24.75,24.6,24.5,24.85,24.2,26.1,25.15,23.7,22.85
1615,大山,9.8,9.63,8.87,9.9,10.2,11.9,12,13.55,15.85
1616,億泰,4.36,4.35,3.94,5.5,5.06,6.44,5.48,5.63,6.1
1617,榮星,6.6,6.91,6.6,6.9,7.6,8.59,9.18,13,15.8
1618,合機,7.19,8.41,7.66,8.11,8.29,8.78,8.37,8.8,9.26
1626,艾美特-KY,22.15,23.35,23.85,26.95,26.15,29,30.55,28.6,24
1701,中化,19.75,19.35,18.35,18.15,18.2,19,18.9,17.85,18.65
1702,南僑,67.9,62.4,67.4,69.5,61.1,61.9,64.4,60.7,63.7
1704,榮化,33.25,33.3,40.4,38.45,44.5,44.5,41.9,40.35,48.5
1707,葡萄王,183,184.5,209.5,260,187,191,202.5,182.5,208
1708,東鹼,32.1,29.65,27.3,25.85,26.65,29.35,28.65,29.05,29.65
1709,和益,15.05,16.6,17.5,16.7,16.95,20.15,20,17.95,18.15
1710,東聯,20.95,20.35,19.55,19.65,23.1,23.6,24.3,24.6,31.65
1711,永光,20.05,20.2,21.2,20.65,20.15,20.55,18.25,18.7,18.95
1712,興農,13,14.45,14.05,15.45,15.3,16.1,15.95,17.25,16.9
1713,國化,,,,,,,,,
1714,和桐,7.32,7.48,6.84,7.31,8.29,8.66,8.3,9.1,10.2
1715,萬洲化學(下市),,,,,,,,,
1717,長興,31.65,32.85,33.3,33.75,32.95,33,34.1,30.5,30.8
1718,中纖,8.58,8.15,7.25,7.31,8.54,8.35,8.18,8.62,10.15
1720,生達,38.3,34.85,33.8,33.25,32.6,33.55,33.8,32.6,35.9
1721,三晃,12.1,12.7,15.45,15.2,14.9,15.75,14.55,13.05,14.15
1722,台肥,43.05,48.65,42.85,42,40.15,42,40.45,39.25,38.35
1723,中碳,106.5,113.5,107,103.5,119,118,116.5,117,127.5
1724,台硝,15.1,17.1,16.8,16.2,16.7,17.3,16.1,14.35,14.2
1725,元禎,13.9,14.05,14,13,13.8,14.35,14.25,14.15,15.25
1726,永記,70.5,77.6,75.5,75.6,80,80.5,83,80.2,81
1727,中華化,14.85,14.1,12.8,13,13.1,13.95,13,12.7,16.7
1729,必翔實業(下市),,,,,,,,,
1730,花仙子,35.75,36.55,36.95,36.45,38.1,39.85,41.15,41,40.85
1731,美吾華,13.7,14.9,13.3,13.2,13.7,13.95,14.05,13.55,13.9
1732,毛寶,12.9,13.45,12.9,13.5,13.45,13.05,12.6,12.5,12.45
1733,五鼎,47,46.7,52,43.35,41.3,39.05,32.9,33.5,31.9
1734,杏輝,28.55,29.35,26.95,26.3,24.15,24.25,22.7,22.1,21.65
1735,日勝化,11.9,13.5,13.3,12.1,12.35,12.9,12.75,13.65,19.25
1736,喬山,52.8,52.9,47.1,52.1,46.45,44.95,38.2,36.75,35.75
1737,臺鹽,30,28.8,31.55,29.9,29.3,30.35,30.45,28.1,27.9
1742,台蠟,11.15,11.45,12.1,13.6,11.1,11.7,11.2,10.7,10.15
1752,南光,48.05,42.55,48.25,43.8,41.8,41.95,40.85,36.45,36.95
1762,中化生,39.45,38.9,31.5,29.75,27.05,27.1,24.4,21.9,24.4
1773,勝一,40.1,43.85,42.3,48.3,53.5,64.8,66,66.4,78.9
1777,生泰,,,,,,,,,
1781,合世,24.8,23.4,20,19.95,19.5,18.95,16.05,12.85,11.95
1783,和康生,23.3,23.95,21.1,26.5,23.7,22.45,22.55,23.25,22.6
1784,訊聯,36.9,31.5,28.95,32.8,30.3,28.55,28.8,28,27
1785,光洋科,18.95,18.9,8.75,,,13.1,12.55,16,21.2
1786,科妍,62.5,61.9,48.9,58.6,56.2,50.6,47.8,40.7,35.95
1787,福盈科,21.7,22.85,23,22.35,21.8,24.1,24.9,23.35,28.3
1788,杏昌,105.5,101,95,90,92,99,92.1,93,95.5
1789,神隆,53.8,49.6,43.65,43.1,38.65,43.3,41.75,32.8,35.45
1795,美時,69.5,65.3,62.6,62.6,59.9,56.6,57.1,48.2,51
1799,易威,35.35,32.2,28.3,25,20.7,23.8,25.5,22.7,20.6
1802,台玻,12.85,13.5,13.75,14.75,13.3,17.4,14.75,15.45,22.35
1805,寶徠,6.87,7.25,6.4,5.68,5.65,10,11.5,13.2,13.2
1806,冠軍,6.98,7.05,6.48,7.35,7.02,8.21,7.33,7.6,8.36
1808,潤隆,,,,,,,,,
1809,中釉,10,10.6,10.8,12.6,12.2,12.4,11.35,13.1,12.55
1810,和成,8.28,8.48,7.64,8.12,9.4,9.67,9.15,9.43,9.88
1813,寶利徠,27.4,28.7,28.15,23.85,23.45,23.5,22.8,20.45,20.75
1815,富喬,10.95,11.45,11.25,13.75,13.3,15.85,14.35,14.95,22.75
1817,凱撒衛,40.7,40,35.25,39,37.4,38.8,39.05,39.85,45
1902,台紙,10.85,10.6,10.75,10.2,11.2,13.6,17.4,20.35,19.1
1903,士紙,30.9,32.75,32.25,31.25,32.7,35.5,32.2,32.1,32.65
1904,正隆,11.35,11.6,11.55,11.4,12.95,15.2,14.35,18.05,16.3
1905,華紙,9.74,9.95,9.51,8.94,9.21,11,10.15,10.95,11.7
1906,寶隆,7.64,8.2,9.4,11.55,17.2,25.6,25.75,32.5,29.25
1907,永豐餘,10.65,10.35,9.71,9.21,9.68,11.55,9.5,12.15,13.95
1909,榮成,10.65,12.85,15.95,15.1,16.35,26.15,34.1,45.45,41.85
2002,中鋼,17.95,22.4,20.9,22.1,24.65,25.3,24.75,24.45,24.75
2006,東和鋼鐵,17,19.55,19.05,18.6,21.15,23.65,24.2,23.85,25.8
2007,燁興,4.62,4.62,4.75,4.85,4.48,5.62,5,4.76,5.06
2008,高興昌,,,,,,,,,
2009,第一銅,,,,,,,,,
2010,春源,8.69,10.3,10.35,10.65,11.65,12.45,12.15,11.3,11.45
2012,春雨,14.2,13.9,13.5,13.15,13.35,13.8,14.3,14.2,14.35
2013,中鋼構,19.35,22.3,20.75,21.45,21.35,21.4,20.7,19.8,19.65
2014,中鴻,4.75,5.78,5.48,6.83,9.52,10.95,10.65,10.65,12.4
2015,豐興,38.35,42.05,40.6,40.85,45.25,51.8,50.6,52,55.7
2017,官田鋼,6.26,6.9,7,8,8.54,9.78,8.85,8.84,10
2020,美亞,12.35,12.6,12.25,13.25,13.65,13.95,13.85,13.5,14
2022,聚亨,3.97,3.79,3.57,4.25,4.84,6.07,5.63,6.19,6.43
2023,燁輝,7.41,7.78,7.9,10.65,11.25,13.9,13.35,11.25,12.2
2024,志聯,6.76,,,,,,,,
2025,千興,2.17,1.65,1.8,2.16,2.67,3.61,2.99,2.72,2.74
2027,大成鋼,14,15.1,16.15,16.15,17.6,17.85,17.35,17.6,21.4
2028,威致,,,,,,,,,
2029,盛餘,16.45,18.95,21.2,26,34,38.25,36.3,33.15,28.75
2030,彰源,9.22,10.05,9.74,9.63,10.45,12.35,12.75,15.05,15.8
2031,新光鋼,12.8,14.4,15.15,17.5,21.6,23.25,26,27.8,28
2032,新鋼,,,,,,,,,
2033,佳大,,,,,,,,,
2034,允強,19.7,23.95,23.25,22.55,27.1,25.45,26.15,25,26.75
2035,唐榮,44.9,46,44.8,47.7,46.75,,,,
2038,海光,5.93,5.93,6,6.44,6.76,8.28,8.09,7.84,8.5
2049,上銀,129.5,142.5,148.5,163.5,148,190.5,205.5,272.5,322
2059,川湖,426,371.5,377,405.5,417,435,427,417,400.5
2061,風青,12.4,11,8.4,8.06,8.5,9.65,10.1,11.25,11.4
2062,橋椿,41.4,40.3,41.6,43.65,40.05,41.1,44.6,38.15,37.15
2063,世鎧,23.7,29.5,29.1,28.1,27,28.5,26.55,39.05,35.05
2064,晉椿,16.8,17.4,15.85,16.05,16.65,20.15,19.4,17.45,17
2066,世德,,,,,,,,,
2067,嘉鋼,14.15,14,13.95,17,13.35,13.15,12.35,12.6,11.5
2101,南港,28.9,32.2,27.95,30.4,29.4,29.65,28.65,26.85,26.7
2102,泰豐,15.1,14.9,13.8,13.6,12.95,14.75,14.1,14.2,13.55
2103,台橡,20.2,27.25,29.6,28.9,33.1,34.95,35,32.3,37.25
2104,中橡,23.1,24.35,23.2,25.45,28.55,29.45,32.4,45.3,43.85
2105,正新,53.3,64.7,67.6,65.9,60.8,62.7,64.7,60.4,52.5
2106,建大,48.4,51.2,51.1,49.95,48.6,50.4,48.3,42.65,37.55
2107,厚生,16.55,17.65,15.1,15.15,16,16.95,15.15,15.3,16.25
2108,南帝,24.3,26.9,26.05,22.5,21.85,24.4,24,22.1,23.5
2109,華豐,10.65,12.6,11.5,11.1,10.85,11,10.9,11.15,12.6
2114,鑫永銓,72.7,80.9,81.8,79.2,77,77,74.3,73.8,88
2115,六暉-KY,41.4,49.7,48.8,62,55.4,56.3,60.8,50.8,45.3
2201,裕隆,30.2,31.25,27.3,27.55,26.8,28.25,27.3,25.9,24.15
2204,中華,21.7,23.1,24.35,23.75,26.2,27.8,28.55,26.85,26
2206,三陽工業,22,21.5,20.7,20.8,20.7,21.45,21.9,21.3,21.4
2207,和泰車,380,354,315,366.5,369,355.5,381,351,354
2208,台船,14.35,16.05,15.2,13.55,13.8,14.25,12.9,12.2,11.3
2221,大甲,17,17.45,16.5,17.1,20.95,28.15,23.1,25.65,27.2
2227,裕日車,281,206.5,199.5,208,196.5,211.5,285,254.5,266.5
2228,劍麟,158,195.5,218,235,162.5,174.5,149,134,118
2230,泰茂,14.05,15.8,14.75,13.55,14.2,13.45,13.15,13.4,13.1
2231,為升,393,392.5,361,344,251.5,260.5,397,352,274
2233,宇隆,72.8,76.4,76.6,81.5,97.7,103,92,108.5,104
2235,謚源,,,,,,,,,
2301,光寶科,31.85,39.3,44.1,45.1,48.6,52.3,50,43.2,40.6
2302,麗正,6.08,6.09,5.76,6.3,6.4,6.56,5.7,5.92,6.05
2303,聯電,12.1,13.3,12.6,11.55,11.4,12.2,14.75,15,14.2
2305,全友,5.37,6.61,9.21,9.38,8,7.54,6.68,7.01,9.99
2308,台達電,155.5,142,156,167,159.5,162.5,166.5,156.5,143.5
2311,日月光,38,37.45,36.65,37.6,33.05,38.75,39.05,37.15,38.15
2312,金寶,9.61,10.6,12.1,12.15,11.9,11.85,11.3,10.25,10.55
2313,華通,22.05,20.6,17.1,16,15.55,21.95,24.8,33.85,38.4
2314,台揚,11.55,9.42,9.8,27.8,24.8,32.35,34,38.8,30.05
2316,楠梓電,26.45,29.7,28.55,19.55,17.8,18,17.4,19.9,18.8
2317,鴻海,80.8,84.8,82.5,79,84.2,91,117,107,95.2
2321,東訊,1.68,1.8,2.12,2.35,2.8,3,2.22,2.98,3.37
2323,中環,3.46,3.48,3.76,3.93,3.49,3.96,3.99,4.25,4.25
2324,仁寶,18.5,20.2,20.25,19.35,18.45,19.8,20.5,21.35,21.3
2325,矽品,52.3,52,48.95,47,47.85,49.5,49.15,48.45,50.3
2327,國巨,53.2,53.1,53.4,65.1,58.6,82.7,106,212,353
2328,廣宇,13,13.2,12.3,29.25,24.65,29.8,27.85,25.15,25.35
2329,華泰,11.6,13.05,12.2,12.6,11.35,10.4,8.14,9.12,9.45
2330,台積電,143,162,162.5,182.5,181.5,189,208.5,216.5,229.5
2331,精英,20.25,20.1,19.15,13.1,15.6,21.85,20.55,23.1,19.85
2332,友訊,10.3,10.3,10.75,11.25,10.75,14.2,11.9,11.15,10.6
2337,旺宏,4.78,4.2,2.83,4.19,4.63,12.7,16.7,48.3,44.2
2338,光罩,9,9.04,8.45,8.14,8.64,14.35,15.7,17.65,18
2340,光磊,10.05,11.5,12.05,12.95,13.95,17.95,17.65,21.65,21.4
2342,茂矽,2.5,2.8,2.37,2.31,2.9,4.37,3.1,5,17.95
2344,華邦電,7.89,9.45,8.92,10.1,9.97,17,18.25,27,23.45
2345,智邦,31.95,35.2,43.2,48.8,50.9,66.9,77.6,98.4,106
2347,聯強,32.05,33.15,34.75,34.7,32.5,32.65,34.1,36.4,40.55
2348,海悅,26.75,29,26.5,22.2,18.5,17,35.95,28.6,26.7
2349,錸德,2.9,2.73,2.78,6.37,5.1,5.64,5.28,5.12,4.66
2351,順德,27.65,33.05,33.7,42.15,41.45,47.95,61.8,82,85.9
2352,佳世達,10.95,10.4,11.4,13.3,15.05,17.6,23.25,21.75,21.15
2353,宏,12.1,12.35,15.1,14.55,13.1,14.4,15.95,15.2,24.15
2354,鴻準,69.6,72.2,75.4,91.8,85.3,92.5,91.8,88.5,85.2
2355,敬鵬,52.9,58.1,69.3,69.8,60.7,61.7,62,58.3,58.1
2356,英業達,21.55,20.4,22.85,25.6,22.1,22.75,24.8,22.65,23.75
2357,華碩,272,289,265.5,279.5,265,300,287.5,248,279.5
2358,廷鑫,,8.96,7.19,7.5,16.25,14.6,18.9,18.65,23.6
2359,所羅門,15.2,16.3,14.1,15.15,15,16.5,18.65,21.35,23.15
2360,致茂,63.9,69.2,76.8,84.3,75.4,91.9,98,105.5,162
2361,鴻友科技(下市),,,,,,,,,
2362,藍天,31.55,29.05,27.15,29.35,27.8,28.2,27.3,29.45,29
2363,矽統,6.93,6.76,6.22,6.39,6.49,7.29,7.27,7.51,8.95
2364,倫飛,2.42,1.75,1.72,1.55,2.5,2.83,2.52,2.65,2.4
2365,昆盈,9.05,9.99,9.38,9.42,9.05,9.1,8.98,9.83,10.3
2367,燿華,13,11.8,10.45,10.1,9.13,12,10.65,10.9,23.2
2368,金像電,9.96,8.95,8.54,12,10.4,11.8,10.6,9.48,10.6
2369,菱生,9.04,9.21,8.78,12.15,11.85,13.85,15.15,17.4,15.05
2371,大同,5.58,5.37,5.11,7.76,9.54,13,13.15,12.7,19.2
2373,震旦行,51.1,56.5,52.3,51.1,53.5,59.9,59.3,90,86.3
2374,佳能,23.4,20.1,16.7,16.3,16.8,18.75,19.05,21.45,19.9
2375,智寶,14,13.4,14.35,15.2,16.3,17.2,27.9,29.45,43.8
2376,技嘉,36.45,35.5,38.25,41.6,43.1,41.9,41,38.25,54
2377,微星,46.95,49.55,59.1,81.5,73.6,70.6,70.7,65.6,76.6
2379,瑞昱,78.7,88.5,99.9,103,102,108.5,109.5,106.5,109
2380,虹光,7.73,7.16,6.99,6.88,6.56,7.06,6.62,6.82,6.87
2382,廣達,53,56.2,61,65.4,60.3,61.7,72,69.9,61.9
2383,台光電,57.5,61.3,75.2,85.5,90,118,147.5,144,101.5
2384,勝華科技(下市),,,,,,,,,
2385,群光,72.2,82.8,72.5,79.3,75,77.4,77.1,72,75
2387,精元,14.85,16,16.2,17.7,17,19.85,20.5,18.15,17.3
2388,威盛,8.8,10.1,12.55,10.8,10.1,11.25,9.97,11.1,10.6
2390,云辰,21.15,20.85,20.2,18.05,17.1,15.7,14.2,12,11.8
2392,正崴,45.5,42.6,41.9,39.05,36.6,39.3,41.8,41.8,50
2393,億光,47.75,53.6,52.3,50.2,46.1,48.6,49,47.85,44.95
2395,研華,211.5,236.5,244.5,269,254.5,254,215.5,213,210.5
2397,友通,46.55,49.3,48.15,54.1,51.7,55.8,52.8,64.2,60.5
2399,映泰,7.11,7.32,7.81,9.55,8.33,9.55,14.75,13.4,13.15
2401,凌陽,11.65,13.1,12.05,11.55,11.35,12.2,14.35,16.3,16.4
2402,毅嘉,15.45,17.1,15.05,13.9,15.9,22.1,21,18.5,16.55
2404,漢唐,42.5,51,48.05,47.65,49.3,66.8,70.2,51.6,58.7
2405,浩鑫,7.28,9.6,9.13,9.7,8.1,9.34,9.74,11.1,20.3
2406,國碩,35.5,27.4,25.2,22.9,24.5,22.65,17.9,17.8,16.3
2408,南亞科,45.7,39.95,39.4,39.25,48.3,48.4,54.8,86.3,76.2
2409,友達,9.73,9.67,10.95,11.5,11.8,11.85,13.9,12.15,12.4
2412,中華電,99.1,109.5,116.5,110.5,101.5,103,108,104.5,106
2413,環科,15.4,13.75,11.7,12.15,11.85,11.7,12.2,19.95,21.7
2414,精技,15.75,16.55,17.1,16.5,17.3,18.65,18.8,19,19.6
2415,錩新,12.4,13.55,14.1,21.9,23.9,33.05,26.95,34,26.35
2417,圓剛,9.32,9.39,9.04,10.4,10.7,10.35,10.8,12.2,13.6
2419,仲琦,15.95,20.75,21.85,21.35,20.2,23.5,23.3,22.3,21.5
2420,新巨,43.75,44.8,39.4,36.8,35.45,39.7,36.05,34.15,35.85
2421,建準,17.75,24.5,20.95,25.7,27.4,30.05,39.3,52,52.4
2423,固緯,16.9,18.5,17.95,18.6,19.35,20.35,23.8,25.6,22.75
2424,隴華,30.9,32.6,25.45,25.9,22.3,31.8,30.95,26.25,38.5
2425,承啟,21.75,18.7,20.55,23.5,19.75,18.8,17.2,17,15.6
2426,鼎元,15.75,14.25,13.45,12.8,12.45,13.75,14.75,13.65,15.75
2427,三商電,6.29,6.31,6.17,7.39,7.15,8.95,7.76,8.88,10.05
2428,興勤,53.6,52.9,49.6,64.1,63.2,67,84.3,89.3,84.2
2429,銘旺科,11.65,10.5,6.64,17.9,16.15,13.65,13.75,12.8,10.8
2430,燦坤,21.15,22.15,26.05,29.3,29.5,28.95,26.2,24,24.05
2431,聯昌,15,14.75,12.75,15.85,14.15,15.15,15.2,18.4,15.55
2433,互盛電,42.7,46.8,40.8,38.45,39.65,41.35,42.05,42.65,43.4
2434,統懋,5.8,7.22,7.74,6.5,5.3,5.85,6.22,10.15,9.29
2436,偉詮電,20.9,23.8,21.3,24.7,21.4,24.1,27.85,28.15,29.7
2437,旺詮(下市),51.4,52.4,49.9,49.65,47.15,56.4,,,
2438,翔耀,15.1,15.25,12,12.4,9.97,9.12,8.21,7.87,6.81
2439,美律,58.6,55,69.6,123,121.5,163,189,192.5,194.5
2440,太空梭,7.69,8.4,8.5,8.5,8.93,10.7,10.5,10.2,10.3
2441,超豐,,,,,,,,,
2442,新美齊,6.56,6.18,5.78,6.94,6.76,7.38,7.01,7.54,8.03
2443,新利虹,7.05,6.8,8.14,7.1,6.17,6.88,7.84,6.61,6.2
2444,友旺,11.15,14.45,13.2,13.2,11.15,,,,
2448,晶電,25.5,23.25,22.75,23.7,23.15,31.95,28.05,38.9,45.15
2449,京元電子,21.55,28.6,28.55,27.85,25.2,28,31.15,29.75,30.25
2450,神腦,38.2,43.2,44,52.5,52.3,53.1,57.3,51.8,50.3
2451,創見,85.7,99.5,97.6,91.5,85.2,99.4,102,86.6,82.7
2453,凌群,10.7,11.35,10.85,11.85,10.6,12.8,12.05,13.1,15.35
2454,聯發科,250,247,244,239.5,216.5,215,260.5,291.5,294
2455,全新,,,,,,,,,
2456,奇力新,67.5,59.3,60.3,74.1,71,77.8,82,85.6,98.5
2457,飛宏,13.45,11.75,9.31,10.35,13.1,15.1,12.25,12.4,14.1
2458,義隆,45.8,38.5,35.75,36.85,34.65,38.7,42.3,42.3,46.1
2459,敦吉,32,33.5,34.5,34.7,35.6,41.55,40.25,40.05,42.95
2460,建通,8.9,9.5,8.17,11.25,10.1,11.9,12.95,11.8,15.6
2461,光群雷,13.65,14.5,13.95,17.2,18.6,16.2,15.6,15.25,16.4
2462,良得電,16.8,17.55,17.4,20.7,20.75,22.1,25.2,30.75,31.1
2464,盟立,35.1,37.75,42,44.35,37.35,41.45,41.2,42.2,48.1
2465,麗臺,10.9,10.25,9.35,8.17,7.8,7.11,5.68,7.72,19.2
2466,冠西電,30.35,33.4,33.6,34.5,35,34.55,39.85,37.75,35.15
2467,志聖,12.5,15.85,15.15,15.6,20.7,21.5,18.8,26.25,27.55
2468,華經,10.3,10.5,10.55,11.6,10.6,11.5,11.1,11.25,11.25
2471,資通,12.95,14.15,14.35,13.6,14.5,17.75,16.35,15.1,14.65
2472,立隆電,31.3,36.65,38.2,41.1,39,38.5,40,42.6,61.5
2474,可成,276,264,237.5,254.5,224,300,363.5,295,328
2475,華映,0.73,0.71,0.79,1.7,1.28,1.42,1.66,3.21,2.31
2476,鉅祥,21.9,24.05,22.85,25.65,25.8,26.55,25.9,25.25,27
2477,美隆電,11.95,13.6,13.2,14.4,17,19.4,22.3,28.8,26.4
2478,大毅,14.35,16.7,16.7,16.7,18.95,21,22.55,24.6,37.5
2480,敦陽科,24.35,26.75,25.1,25.15,27.5,31.75,30,35,35.7
2481,強茂,14.7,16.75,16.4,15.65,16.5,17.75,17.95,22.3,30
2482,連宇,13,15.3,13.8,14.1,13.1,14.55,12.95,12.6,12.5
2483,百容,18.5,18.6,18.2,17.35,17.15,18.85,18.85,23.35,24.5
2484,希華,18.7,21.4,18.45,18.35,18.35,20.55,19.95,19.2,21.15
2485,兆赫,51,62.5,39.8,33.9,33.45,33.85,31.15,28.25,31.6
2486,一詮,10,9.3,8.9,9.15,8.94,9.46,8.91,10.8,10.85
2488,漢平,24.4,36,51.6,53.1,43.35,45.5,39.7,30.95,29.85
2489,瑞軒,15.75,18.75,20.15,24.1,22.15,22.1,20.95,16.35,16.35
2491,吉祥全,7,7,7.8,7.8,7.53,7.15,6.73,7.48,7.02
2492,華新科,19.9,26,29.25,38.2,35.35,44.75,54.6,75.9,105
2493,揚博,,,,,,,,,
2495,普安,18.6,16.8,16,17.1,16.15,16.95,16.05,14.25,14.4
2496,卓越,,14,15,94.8,102.5,122,225,185,169
2497,怡利電,36.1,37.6,31.2,29.8,31.95,33.7,30.4,28.5,30
2498,宏達電,78,92.2,103.5,87.1,79,77.5,72.6,75.1,73.1
2499,東貝,19.1,17.1,15.9,15.9,13.05,13.5,11.7,12.2,11.5
2501,國建,13.4,14.35,14.55,14.7,18.2,21.6,19.7,16.65,16.45
2504,國產,8.94,9.44,8.25,7.63,6.63,8.44,9.11,9.07,9.77
2505,國揚,10.75,12,11.55,13.6,11.95,13,13.85,12,17.75
2506,太設,15.7,14.65,12.3,11.95,11.35,12.1,10.8,10.3,10.7
2509,全坤建,22.4,24.2,21.15,18.65,18.3,18.05,18.7,19,21.65
2511,太子,9.4,11.95,11.95,10.25,10.5,11.9,12.2,11.2,12.05
2514,龍邦,20.7,18.85,17.9,17.75,16.75,16.3,15.75,14.3,15.35
2515,中工,7.16,6.35,5.23,5.49,6.2,6.64,6.42,6.63,8.2
2516,新建,6.69,6.86,6.31,6.3,7.05,7.45,7.18,6.37,7.24
2520,冠德,16.45,16.25,17.85,15.75,19.55,21.85,20.35,18,20.4
2524,京城,19.05,18.15,18.1,19.15,21.5,24.3,24.45,23.4,22.3
2527,宏璟,16.75,18.15,17.55,17.05,19.1,21.5,20.45,19.2,24.7
2528,皇普,,,,,,,,,
2530,華建,15.85,18.05,14.9,14.1,13.5,15,14,13.7,15.2
2534,宏盛,,,,,18.7,,,,25.6
2535,達欣工,14.4,15.85,16.6,17.2,19.45,20.25,19.95,17.45,18
2536,宏普,,,,,,,,,
2537,聯上發,,,,,,,,,
2538,基泰,15.8,16.45,14.5,10.75,9.71,11.5,11.35,10.05,10.3
2539,櫻花建,,,,,,,,,
2540,愛山林,33.3,31.45,27.55,25.95,24.05,24.9,28.6,22.75,21
2542,興富發,37.9,47,53,48.5,45.4,53.3,50.4,41.1,42.3
2543,皇昌,8.33,8.89,10.85,9.36,9.25,9.15,8.86,8.58,8.25
2545,皇翔,24.4,27.7,40.05,39.6,39.9,45.7,42.1,28.25,30.2
2546,根基,14.9,15.3,15.7,15.2,17.1,19.3,18.75,17.35,20.9
2547,日勝生,11.8,10.55,10.4,9.97,9.37,11.25,14.25,13.1,12.7
2548,華固,58.9,59.5,55,54.3,60.5,69.9,70.2,66.2,69.4
2596,綠意,12.55,13.1,13.5,14.9,19.3,20.85,20.9,16.85,17
2597,潤弘,40.3,45.7,44.75,37.7,37.3,43.85,45.2,39.45,38
2601,益航,9.62,8.86,8.1,7.79,7,8.3,10.75,8,9
2603,長榮,13.25,11.95,11.95,12.1,11.1,14.2,15.45,18.25,16.35
2605,新興,20.15,19.85,19.35,18.3,19.5,23.7,21.35,21.6,21.15
2606,裕民,26.65,25.5,24.85,22.4,25.1,32.65,31.8,34.2,36.5
2607,榮運,13.85,13.5,12.8,12.9,12.8,14.3,13.85,13.85,14.15
2608,大榮,38.7,41.5,42.3,42.15,44.6,42.85,37.85,36.4,38.25
2609,陽明,8.69,8.57,7.85,7.1,4.82,6.99,12.55,12.7,11.5
2610,華航,12,11.5,9.69,9.35,9.3,10.55,9.23,11.3,11.65
2611,志信,7.81,7.67,7.37,6.92,6.8,7.15,6.82,7.07,7.06
2612,中航,20.95,24.2,21.85,24,26.4,31,27.25,28,28.7
2613,中櫃,13.3,13.15,13.5,13.5,13,13.85,13.3,13.3,13.1
2614,東森,6.81,6.32,5.21,8.35,7.15,9.53,9.17,9.16,10.85
2615,萬海,18.25,18.55,17.8,15.9,16.3,17.6,17.15,18.7,19.25
2616,山隆,22.6,24.55,24.95,25,27.9,31.6,34.05,32.25,32.2
2617,台航,13.8,13.8,12.1,12.25,12.3,13.5,13.6,14.7,16.6
2618,長榮航,18.6,18,14.7,14.3,14.6,16.1,15.05,14.8,15.85
2634,漢翔,40.2,42.2,44,43.05,38.2,38.4,35.8,33.75,37.05
2636,台驊投控,28.1,27.65,22.55,21.75,21.9,20.45,21.6,25.65,22.95
2637,慧洋-KY,36.2,36.8,34.35,31.2,30.45,33,31.3,27.15,28.9
2640,大車隊,64.6,60,55.6,47.6,48,51.2,50.5,77.9,65.3
2641,正德,8.31,7.65,8.95,11.5,11.85,8.4,7.47,7.34,7.15
2642,宅配通,28.7,26.5,24.3,25.65,24.85,24.65,24.75,31.45,28.95
2701,萬企,,,,,,,,,
2702,華園,15.6,15.95,16.55,17.2,16.2,16,15.75,13.9,14.3
2704,國賓,27.65,26.6,26.9,24.6,23.35,23.5,23.5,23.65,23.25
2705,六福,10.95,10.05,9.06,8.77,8.15,8.48,8.27,7.95,7.95
2706,第一店,,,,,,,,,
2707,晶華,227.5,194,184,179.5,169,156.5,165.5,154.5,154
2712,遠雄來,,,,,,,,,
2718,晶悅,,,,,,,,,
2719,燦星旅,16.7,17.6,14.5,14,11.4,12,11.6,9.95,9.31
2722,夏都,,,,,,,,,
2723,美食-KY,235,257,284,312,245,287,328,323,435
2724,富驛-KY,14.05,13.85,11.35,9.95,6.6,7.05,,4.32,
2726,雅茗-KY,64,68,69.1,68.3,68,69.7,100.5,103,91.8
2727,王品,161.5,139.5,114,120.5,131.5,140,184.5,162,134
2729,瓦城,233,231.5,225,219,220,237.5,249.5,226,230
2731,雄獅,119,109,91.4,79,82.7,90.8,111,93,100
2732,六角,85.5,84.5,83.3,80.2,77.9,82,88.3,82,83.3
2734,易飛網,23.15,23,18.4,19.25,16.4,14.15,15,24,19
2801,彰銀,15.7,16.5,,,,,,,
2809,京城銀,23.4,22.15,21.35,26.45,28.15,30.15,31.4,32,37.25
2812,台中銀,9.36,9.44,9.02,8.9,9.18,9.85,10.25,9.59,9.91
2816,旺旺保,15.1,14.3,12.05,12.45,15.2,14.5,15.6,15.65,20.1
2820,華票,,,,,,,,,
2823,中壽,,,,,,,,,
2832,台產,,,,,,,,,
2833,台灣人壽(下市),,,,,,,,,
2834,臺企銀,8.18,8.53,8.18,7.97,8.15,8.4,8.5,8.29,8.39
2836,高雄銀,8.79,8.86,8.92,8.96,9.04,9.85,9.99,9.34,9.22
2838,聯邦銀,9.33,9.14,8.81,8.8,8.95,9.26,9.28,8.94,9.26
2841,台開,10.55,11.7,10.6,10.3,10.15,11.2,11.15,10.3,10.25
2845,遠東銀,9.79,9.53,9.14,8.96,9.1,9.56,9.78,9.44,9.54
2847,大眾銀行(下市),,,,,,,,,
2849,安泰銀,18.8,14.5,13.75,12.85,,,,,
2850,新產,,,,,,,,,
2851,中再保,,,,,,,,,
2852,第一保,,,,,,,,,
2855,統一證,13.35,13.7,11.85,11.5,11.8,13.35,14.35,14.25,14.35
2856,元富證,9.37,9.23,8.63,8.34,8.98,8.88,8.28,8.37,8.7
2867,三商壽,,,,,,,,,
2880,華南金,15.25,16,16.7,16.05,16.25,16.95,17.65,16.5,16.75
2881,富邦金,45,41,37.65,46.3,51,49.5,48.45,47.2,50.7
2882,國泰金,46.3,38.55,35,40.1,48.2,48.7,50.1,48.2,53.5
2883,開發金,8.23,8.6,7.77,8,8.06,8.33,8.83,9.11,10.15
2884,玉山金,19.15,18,19,17.85,18.35,18.45,18.7,18.15,18.9
2885,元大金,12.15,11.5,10.4,11.2,12,12.8,13.4,13.1,13.8
2886,兆豐金,21.25,22.9,24.3,22.05,23,24.5,25.3,23.75,24.05
2887,台新金,11.4,11.35,12.4,11.65,11.8,12.65,13.85,13.05,13.85
2888,新光金,7.15,6.46,6.31,6.89,7.9,8.85,8.1,9.15,10.5
2889,國票金,7.69,7.97,7.97,8.03,8.23,9.3,9.5,9.08,9.49
2890,永豐金,9.37,9.95,9.51,9.25,9.08,9.47,9.3,9.08,9.67
2891,中信金,16.9,17,16.85,18.2,17.65,18.75,19.95,,20.5
2892,第一金,15.3,15.9,16.9,16.65,17.2,18.5,20.35,19.55,19.55
2901,欣欣,,,,,,,,,
2903,遠百,18.25,16.9,17.35,16.9,16,16.15,15.75,15.15,15
2904,匯僑,25.75,28,27.35,25.6,24.35,24,21.95,20,19.55
2905,三商,21.05,20.75,18.45,19,22.85,25.3,22.05,22.5,25.25
2906,高林,12.1,11.9,11.7,10.85,10.55,12,11.8,11.3,11.2
2908,特力,20.9,19.8,20,19.25,20.1,19.9,23.7,22.55,22.9
2910,統領,26.5,23.5,22.7,23.7,39,26.7,27.9,27.8,26.25
2911,麗嬰房,18.2,15.6,13.25,13.2,11.2,11.05,10.55,12.2,11.8
2912,統一超,205.5,234.5,251,249,231,250,273.5,254.5,284
2913,農林,14.75,14.85,14.9,14.55,14,16.65,16.45,16,15.45
2915,潤泰全,61.4,53,48.4,50.4,53.7,48.8,45.4,45.3,50.6
2916,滿心,18,18.9,16.8,16.25,15.95,,,,
2923,鼎固-KY,21.3,21.6,20.4,23.8,21.25,20.85,20.6,18,18.35
2924,東凌-KY,62.6,55.9,51.1,53.4,54,54.5,55.3,58.5,57.2
2926,誠品生活,216,192,180.5,178,158,151,149,138,137.5
2929,淘帝-KY,134,129,134.5,158.5,105.5,105,98.3,106.5,108.5
3002,歐格,10.5,10.1,10,10.1,10.6,11.5,14.8,13.5,13
3003,健和興,36.1,41.1,36.4,38.3,37.7,43.6,47.75,66.9,63.5
3004,豐達科,55.2,63.5,61.4,58,49.3,50,52,46.9,50.6
3005,神基,20.05,22.6,22.65,36.5,38.05,43.6,40.5,41.8,44.2
3006,晶豪科,30.45,28.2,29.35,35.5,33.25,34.2,36.85,41.05,42.75
3008,大立光,2270,2495,2945,3780,3790,4780,4850,5375,4020
3010,華立,44.6,44.65,46.95,45.45,45.9,48.8,50.8,50.2,55.8
3011,今皓,6.76,8.13,7.43,7.32,7.39,9.4,7.66,7.6,7.13
3013,晟銘電,16.1,14.8,14.65,19.95,17.55,22.05,19.3,19,22.35
3014,聯陽,28.75,28.7,28.95,31,30.15,35.35,37.6,33.55,35.55
3015,全漢,22.7,23.5,22.9,24.45,23.75,24.9,23.65,22.5,24.1
3016,嘉晶,15.25,26,22.05,19.5,19.5,28.3,21.65,23.75,32.5
3017,奇鋐,28.75,28.1,24.2,24.4,25.1,26.15,26.65,25.85,32.4
3018,同開,16.1,15.75,15.75,17.15,18.05,27.2,42.9,53.8,81.2
3019,亞光,29.15,28.35,26.5,30.4,30.5,51.9,54.3,112.5,96.1
3021,鴻名,11.7,12.15,12.2,12.95,12.55,13.05,14.55,17.35,14.6
3022,威強電,39.2,37.15,38.35,45.5,44.7,47.9,47,43.3,39.3
3023,信邦,61.4,65.7,72.3,72.1,70.2,74.5,71.8,79.9,86.3
3024,憶聲,4,3.6,3.11,6.36,7.12,9.82,8.52,7.08,6.43
3025,星通,8.35,12.1,10,12.95,11.65,11.45,16.4,19.9,19.8
3026,禾伸堂,33.4,34.5,33.5,31.85,32.15,38.7,41.7,41.35,112
3027,盛達,11.2,12.55,14.35,13.6,12.4,13.55,12.35,11,10.15
3028,增你強,15.8,18.25,18.5,16.95,17,18.35,19.15,18.4,20.05
3029,零壹,17.85,17.95,16.55,17.05,17.9,19.6,18.2,18.95,20.05
3030,德律,49,49.3,42.9,41,38.2,42.8,37.75,42.65,44.75
3031,佰鴻,9.72,8.75,8.8,10.25,12.6,18.15,16.2,15.95,17.4
3032,偉訓,21.6,38.9,36.4,43.4,38.65,39.3,46,41.05,38.8
3033,威健,19.1,20,19.05,17.1,17,17.65,17.5,16.6,19.15
3034,聯詠,129,129.5,119.5,110.5,106.5,117.5,123,114.5,113.5
3035,智原,44.8,41.95,33.75,32.15,30.35,37.5,38.45,42.45,57.9
3036,文曄,35.5,38.5,40.6,43.05,43,44.35,45.05,47.95,45.2
3037,欣興,13.95,15.6,14.1,13.25,12.4,16.7,17.65,16.5,16.3
3038,全台,10,13.3,11.45,10.2,9.8,11,9.75,9.65,10
3040,遠見,30.65,31.4,30.25,27.55,37.9,42,42.25,39.15,47.65
3041,揚智,18.8,23.95,16.7,16.5,15.85,16.45,15.9,19.35,16.95
3042,晶技,35.85,43.8,44.7,43.15,40.75,43.4,45.1,39.5,39.75
3043,科風,3.1,2.49,2.4,2,2.1,2.33,2.69,2.72,2.4
3044,健鼎,56,58.4,62.5,69.7,72.8,85.5,96.9,105,93
3045,台灣大,100,104.5,112.5,112.5,104,111.5,114.5,108.5,107.5
3046,建,9,7.99,6.4,6.76,4.88,4.92,4.25,4.05,16.5
3047,訊舟,10.75,11.05,10.25,10.8,10.5,11.25,10.9,10.25,9.73
3048,益登,19.1,16.95,17.9,17.15,16.6,16.15,16.7,15.65,18.95
3049,和鑫,7.79,7.57,6.45,7.84,8.48,11.4,10.05,11.25,9
3050,鈺德,8.52,9.95,9.99,11.85,10.95,11.45,9.48,10.7,11.4
3051,力特,6.14,5.58,4.34,4.1,4.89,4.67,4.05,4.64,5.68
3052,夆典,10.1,9.27,8.45,8.2,8.15,8.7,9.01,8.45,8.69
3054,立萬利,21,19.85,22.9,23.6,21.5,21.5,21.15,20.3,18.4
3055,蔚華科,17.95,19.45,18.15,21,17.25,16.9,18.35,22.55,25.05
3056,總太,12.7,16,15.45,20.5,17.9,21.1,18.8,18,19.15
3057,喬鼎,19.25,16.95,15.2,16.4,15.7,14.2,13.65,12.15,11.05
3058,立德,8.53,9.64,9.23,9.74,10.7,10.7,10.3,9.88,8.91
3059,華晶科,26.8,27.65,21.5,23.2,22.15,24.2,25,28.2,31.5
3060,銘異,57,53.9,43.1,39.25,30.1,34.1,33.45,27.45,26.9
3062,建漢,16.2,19.8,18.75,20.35,19.3,20.6,20.1,18.6,18.15
3064,泰偉,18.2,54.7,37.3,34,27.2,19.1,17.25,15.3,13.5
3066,李洲,8.6,7.66,7.2,6.9,7.29,7.07,7.99,7.72,7.89
3067,全域,12.75,12.9,12.45,14.85,12.7,12.3,11.9,12.5,11.9
3068,美磊,35,41,42.5,50.1,51.3,68.2,66,65.8,62.4
3071,協禧,6.58,6.75,6.4,7.55,10.1,14.4,13,15.9,21.55
3073,凱柏實業,6,8.3,8.53,12.55,10.8,10.4,9.45,9.97,8.36
3078,僑威,22.8,23.45,33,33.2,29.7,31.05,28.85,32.75,35.1
3083,網龍,41.9,37.85,37,38.9,41.25,38.65,45.95,38,38.2
3085,新零售,6.1,6.48,7.99,12,17.25,26.45,37.7,26.2,21
3086,華義,12.6,16.7,14.2,6.53,7.86,11.6,19.2,14.1,17
3088,艾訊,62.7,74.2,64.8,60.8,58.3,56.7,56.5,51,53.5
3089,遠昇,18.4,7.6,6.5,11.4,14.75,14.6,8.61,6.77,6.59
3090,日電貿,22.25,25,24.2,23.9,24.4,26.8,30.55,27.65,35.5
3092,鴻碩,15.65,16.05,29.6,35.85,32.7,47.3,47,47.15,47.05
3093,港建,28.05,32.85,33.45,34.2,31.45,33.5,32.25,29.2,28.6
3094,聯傑,27.1,25.65,22.45,22.9,21.15,22.45,23.2,22.7,25.95
3095,及成,5.75,4.98,2.65,1.97,2.53,2.99,2.43,2.6,2.91
3105,穩懋,49.55,63.8,65.3,92,90.9,135,167,197.5,283
3114,好德,12.65,12.6,11.55,11.5,10.35,12.1,11.7,16.2,16.4
3115,寶島極,13.9,11.9,11.35,13.25,10.4,12.5,12.15,11.5,11.4
3118,進階,,,,,,,,,
3122,笙泉,15.8,20.1,18.55,17.45,15.8,15.65,15.95,16.1,16.8
3126,,,,,,,,,,
3128,昇銳,17,14.2,12.6,11.35,11.3,12.15,11.45,11.45,11
3130,一零四,139.5,140.5,139,138.5,140,150,163,151,163
3131,弘塑,223.5,245.5,217,182,187.5,178.5,196,192.5,174
3141,晶宏,25.85,35.4,54.4,42.4,39.9,34.9,34.6,36.4,38.9
3144,新揚科,14.8,16.15,13.85,13.8,16.55,18,21.5,25.8,28.4
3149,正達,12.4,11.25,11.6,11.45,20.5,20.1,20.15,22.7,19.3
3152,璟德,,,,,,,,,
3162,精確,5.6,5.95,5.71,6.76,6.19,6.38,15.25,32.55,39.8
3163,波若威,32.5,45.25,45.3,52.1,47.95,61.6,46.5,45.1,43.4
3164,景岳,24.25,24.95,22.1,22.2,23.5,21.3,21.25,23.4,23
3167,大量,26.4,27.45,23.85,25.5,25.7,36,32.45,43.7,51.9
3169,亞信,30,27.7,24.3,24.65,22.3,23.65,26.15,29.55,29.55
3171,新洲,20.1,20.65,19.35,19.85,19.2,17.6,15.95,15.5,13.8
3176,基亞,85.5,70.7,82,70,79.3,60,53.2,44.7,35.4
3188,鑫龍騰,10.65,9.97,14.6,16.35,15.9,19.1,20.25,18.8,18.1
3189,景碩,66.9,71.5,70.4,73.1,71.2,80.2,80.7,74.9,54.2
3191,和進,17.5,17.35,12.55,15.4,11.8,17.85,23.3,18,15.8
3202,樺晟,6.05,9.95,12.7,13.9,12.7,12.6,13.3,23.95,24.1
3205,佰研,303,298,181,154,125.5,121,103,74,71.6
3206,志豐,21,21.9,23.8,21.65,23.05,22.45,22.25,24.9,25.35
3207,耀勝,7.6,7,8.01,12,10.65,11.2,11.5,10,9.79
3209,全科,25.35,29.7,30,25.8,24.3,25.8,25.4,21.4,20.1
3211,順達,48.5,49.8,47.5,42.05,37.1,41.8,39.3,39.85,44.85
3213,茂訊,,40.5,37.4,34.8,38.05,48.9,50.7,57.7,56.5
3217,優群,13.25,13.8,13.3,18,21.3,28.3,26.5,29.9,31.95
3218,大學光,24.5,23.7,23.15,22.95,22.8,26.15,26.05,26.75,26.55
3219,倚強,10.4,9.7,9.56,13.5,22.15,19,15.2,,34.8
3221,台嘉碩,20.2,26.6,30.2,29.3,23,22.3,19.7,19.3,17.95
3224,三顧,33.1,32.7,27.05,30.65,33.35,43.3,41.9,38.25,44.1
3226,至寶電,66.5,74.8,72.4,65,65.2,60.7,59.7,55.2,60.2
3227,原相,79.8,78.4,70.3,69.8,67,76.8,78.9,118,148
3228,金麗科,,,,,,,,,
3229,晟鈦,13.8,19.25,14.6,12,11.25,10.2,26.7,18.05,18
3230,錦明,5.72,5.86,5.33,5.62,5.42,6.08,7.26,6.35,5.93
3231,緯創,18.6,19.9,22.4,23.3,24.95,27.8,30.95,24.5,23.95
3232,昱捷,31,21,24.35,18.85,20.2,18.95,22.15,32.25,30
3234,光環,87.8,96.8,71.5,63.8,57.6,57.5,38.95,38.6,40.8
3236,千如,12.4,13.4,16.9,25.4,21.4,29.9,34.65,40.55,45.85
3252,海灣,18.5,25.1,25.2,22.15,23.9,27.15,21.35,21.15,19.85
3257,虹冠電,48.35,42.2,37.95,40.25,36.35,36.8,39.3,59.1,47.9
3259,鑫創,27.9,34,28.4,28.25,19.05,18.2,18.5,21.25,22.9
3260,威剛,33.3,32.15,42.1,49.9,52.7,78.2,74.7,83,70.5
3264,欣銓,23.85,22,18.9,23.9,23.9,24.75,27,27.1,37.55
3265,台星科,22.55,19.3,23.1,25.65,22.95,27.8,24.5,21.75,29.55
3266,昇陽,11.85,12.3,11.95,11.65,11.5,11.55,11.5,11.5,11.3
3268,海德威,15.1,13.6,12.4,12.8,11.25,15.2,14.95,13.15,12.1
3272,東碩,60.2,52.4,40.9,52,50.8,46.3,50.7,61.4,53.6
3276,宇環,8.7,9.15,11.2,16.5,11.15,15.65,16.2,15.55,15.35
3284,太普高,9.52,11.15,14.05,16.6,20.15,20.3,20.05,18.7,18.6
3285,微端,28.9,29.75,26.4,25,21.6,20.85,19.75,21.1,17.45
3287,廣寰科,8.19,7.06,6.73,6.29,7.1,6.9,7.09,6.87,8.09
3288,點晶,6.99,9.05,8,7.25,4.4,5.67,3.9,4.13,3.35
3289,宜特,95,108.5,117.5,93,102,108,106.5,110,116
3290,東浦,13.7,14.35,12.6,12.5,15.9,16.35,16.3,16.4,15.25
3291,遠翔科技股份有限公司(下櫃),,,,,,,,,
3293,鈊象,128.5,277.5,267,209,199,191.5,158.5,166,156.5
3294,英濟,17.7,13.15,13.6,17.2,16.35,16.8,16,27,24
3296,勝德,13.05,13.8,13.05,13.6,12.5,19.45,18.65,19.6,15.65
3297,杭特,17.4,17.85,17.55,17.7,17.05,16.1,15.5,14.5,14.4
3299,帛漢,49,60.7,54.3,47.3,51,68.6,71.7,67.4,67.6
3303,岱稜,17.35,20.4,20.8,21.3,19.5,20.9,19.9,18.9,18.5
3305,昇貿,23.1,24.5,22.4,29.5,31.85,33,29.7,26,26.35
3306,鼎天,23.1,22.9,21.8,28.35,26.1,25.05,23.3,23.65,21.4
3308,聯德,7.68,7.33,7.1,7.66,7.77,7.82,7.55,8.14,8.44
3310,佳穎,12.9,14.35,12.9,12.8,19.05,27.45,21.8,22.2,33.55
3311,閎暉,17.1,17,15.05,16.4,15.1,16.2,17.45,20.05,18.7
3312,弘憶國際,6.57,6.04,7.08,7.61,7.26,7.26,7.12,6.1,6.91
3313,斐成,6.89,6.32,6.43,15.9,24.25,36.05,31.25,34.1,39.85
3315,宣昶(下市),,,,,,,,,
3317,尼克森,11.7,13,13.65,16.55,13.7,20.1,18.5,22.15,43.05
3322,建舜電,11.35,10.45,10.05,8.45,7.61,8.05,7.87,9.06,9.9
3323,加百裕,17.8,19.45,18.3,17.9,17.65,22.05,24.95,47.1,39.2
3324,雙鴻,38.9,74.1,69.4,105.5,99.1,91.8,87.2,84.7,73
3325,旭品,17.95,18.4,19.7,23.2,25.85,23.55,21.65,17.8,13.6
3332,幸康,37.2,38.45,38.6,36.6,35.8,35.8,37.9,49.9,47.8
3338,泰碩,23.45,26.1,22.85,31.95,33.7,33.95,31.45,26.95,29.2
3339,泰谷,3.65,3.47,2.09,2.6,5.88,5.72,4.7,5.5,7.23
3354,律勝,7.77,9.49,8.65,8.9,9.09,11.5,10.3,12.2,36.1
3356,奇偶,72,72.5,59,49.25,48.2,43.2,40.05,40.35,39.05
3360,尚立,13.4,22.2,15.65,17.4,21.05,22.45,22.2,17.55,15.85
3362,先進光,12.95,12.95,19.55,19.9,24.1,39.15,56.5,64.9,46.3
3363,上詮,28,30,29,28.8,28.4,39.05,34,29.8,31.15
3372,典範,,,,,,,,,
3373,熱映,25.1,26.2,32.7,23.85,20.9,20.5,17.95,17.15,21.35
3374,精材,,,,,,,,,
3376,新日興,126.5,115,105.5,103.5,82.6,85.8,96.5,81.9,75
3379,彬台,13.55,13.4,11.8,11.15,9.03,10.95,12.25,12.75,10.85
3380,明泰,17.1,16.9,18.6,19.35,19.6,23.6,27.8,24.9,23.8
3383,新世紀,7.95,6.55,5.07,4.98,2.61,3.7,2.75,2.78,3.44
3388,崇越電,61.5,63.8,58.9,58.5,61.3,63.4,66.2,66.6,72.8
3390,旭軟,14.25,15.2,14.85,16.7,15.3,20.55,21,22.1,23.4
3402,漢科,13.35,16.15,18,21.6,22.9,26.2,24.65,25.6,23.85
3406,玉晶光,59.3,55.3,52.7,52.3,112,307,306.5,391,269.5
3416,融程電,56,54.4,48.5,47.55,52.4,56.3,57.9,54,50.8
3419,譁裕,15.75,16.9,14.7,16.5,16.45,22.4,20.5,20.1,19.1
3428,光燿科,59.3,56.4,61,53.7,51.4,53.1,58,68.2,50.7
3431,長天,7.65,10,8.73,10.2,6.75,6.53,8.84,9.08,5.74
3432,台端,13.2,11.8,11.4,11.95,12.4,12.65,14.5,12.95,11.4
3434,哲固,13.3,13,14.7,13.6,12.2,14.7,16.3,13,12.3
3437,榮創,25.25,26.9,22.9,23.35,22.4,28.15,34.05,34.8,37
3438,類比科,17.25,17.3,17.65,18.45,17.35,19.3,21.2,21.8,23.15
3441,聯一光,11.35,11.45,14.1,14.4,15.4,19.6,41.3,51.3,40.4
3443,創意,66,84.1,73.2,75.7,78.5,101.5,129,208,255
3444,利機,15.95,16.35,16.45,17.6,19.3,19.6,18.9,18.85,30.3
3450,聯鈞,129,180,150.5,112.5,129,151,137.5,113,129.5
3452,益通,12.4,11.25,11.85,9.91,9.13,9.22,8.73,9.84,8.41
3454,晶睿,77.2,83.7,85.8,81.9,84,86,86.8,98.2,96.7
3455,由田,29.1,35.5,30.8,37.45,46.6,56.3,52.7,51.2,50.5
3465,祥業,11,10,6.5,6.9,9,18.4,15.5,14.2,14.7
3466,致振,22.05,21,19.9,18.7,17.2,19.55,19.05,16.1,15.25
3474,華亞科(下市),27.95,29.15,25.1,27.6,,,,,
3479,安勤,63.5,81.5,72.1,73,62.3,60.3,50.8,48.05,45.7
3481,群創,9.94,11.25,10.8,10.6,11.6,12.55,15.9,14.15,12.4
3483,力致,13.85,16.25,15.65,22,25.1,30.5,26.65,23.55,24.75
3484,崧騰,33.15,48.7,38.3,47.5,39.55,40.7,40.1,42.05,41.5
3489,森寶,9.9,9.94,10.35,9,10.4,12.1,9.64,9.42,9.7
3490,單井,66.6,61.8,47.9,42.75,39.6,37.75,31.1,30,28.15
3491,昇達科,66.1,74.5,64.2,60.3,64.8,72.4,81,78.3,75.5
3494,誠研,12.65,16.4,14.8,13.35,12.45,11.9,11.55,14.55,10.6
3498,陽程,60.4,65.2,55,45.75,52.7,54.9,51.3,55.5,50
3499,環天科,21.1,18.9,15.1,17.85,16.8,16.6,14.85,19.3,16.9
3501,維熹,53.8,52.9,53.2,48.4,50.9,53.5,53.3,53.5,57.8
3504,揚明光,35.75,37,33.4,28.55,26,37.75,33.35,74.1,50.8
3508,位速,14.25,12.85,12.45,15.4,15.9,16,15.35,23.2,49.15
3511,矽瑪,29.95,26.75,28.2,22.85,18.25,21.15,19.15,19.3,16.4
3512,能緹,28.9,29,26.45,25.65,25.9,48.4,57.4,44.6,34.55
3514,昱晶,32.05,25.55,26.15,21.5,19.35,17.7,16,17.45,17.8
3515,華擎,39.8,42.7,39.95,38.85,37.35,40.8,58.6,73.1,68.6
3516,亞帝歐,8.72,8.38,9.2,9.1,8.87,10.9,10,10.6,14.25
3518,柏騰,35.6,26.55,21.75,24.55,21.8,22.5,21.9,44.3,34.7
3519,綠能,23.35,18.8,22.1,18.05,16.1,17.5,14.65,17.7,17.6
3520,振維,118,118.5,92.4,96.9,92.7,126,109.5,54.5,37.6
3521,鴻翊,,,,,,,,,
3522,宏森,9.88,12.55,27.8,49.1,45.55,45.6,45.65,38.65,38
3523,迎輝,26.25,25.65,19.55,12.25,13.6,12.2,12,10,9.95
3526,凡甲,21.85,33.2,42.7,79,74.6,70.1,77.9,71.8,75.8
3527,聚積,43.6,54.5,73.4,66.7,71.3,73.2,73.8,57.5,64.9
3528,安馳,,,,,,,,,
3529,力旺,370,372,318,335,392,429.5,397.5,398,427
3531,先益,13.55,14.2,15.6,17.5,17.3,22.3,27.25,30.7,28.4
3532,台勝科,35,32.9,31.15,33.5,65,118,77.4,106,96.4
3533,嘉澤,122.5,107,91.5,83.6,95.2,90.8,132.5,188,202
3535,晶彩科,9,13.55,15.05,14.3,17.7,14.5,13,11.95,12.15
3536,誠創,5.7,7.66,11.05,12.35,17.55,24.1,20.65,20.5,22
3537,堡達,19.1,20.65,20.8,20.45,20.9,23,21.8,20.1,24.5
3540,曜越,12.8,15.85,18.9,20.55,21.9,20.3,21.15,20.7,29.95
3541,西柏,65,88.5,95,157,130,161.5,159,125,103
3545,敦泰,34.15,27.95,26.9,37.7,35.2,40.45,34.85,36.1,31.1
3546,宇峻,38.1,34.15,38.3,70.6,79.1,80.7,89.8,86.2,91.2
3548,兆利,33.3,45,58.8,67.7,62.7,56.8,60.2,53.5,51
3550,聯穎,11.85,12.9,13.85,17.15,14.85,18.2,17.4,15.65,23.1
3551,世禾,34.45,36.2,30.9,32.2,29.8,30.1,32,35.9,40.65
3552,同致,320,530,514,439,289.5,261.5,189,201.5,172
3553,,,,,,,,,,
3555,重鳥鵬,14,20.6,34.55,60,63.5,69.8,66.8,72.9,63.3
3556,禾瑞亞,52.1,55.8,51.7,48.7,49.5,52.9,52.9,49.2,52.9
3557,嘉威,3.88,4.09,3.44,5.15,6.02,5.59,5.04,6.65,10.75
3558,神準,214.5,209,159,145,153,148.5,140,130,128.5
3559,全智科(下市),,,,,,,,,
3561,昇陽光電,20.3,18,19,15.45,15.1,14.1,12.5,13.5,14.9
3562,頂晶科,3.92,4.19,3.16,3.1,11.9,10.55,11.7,15.15,13.6
3563,牧德,43.1,46.8,41,58.6,60.9,82.3,123.5,150.5,206
3564,其陽,62.5,57,57.9,55.6,45.7,39.7,29.5,28.1,27.7
3567,逸昌,,,,,,,,,
3570,大塚,56.7,61.8,51,49.4,51.8,49.2,55.2,45.8,46.6
3573,穎台(下市),,,,,,,,,
3576,新日光,24.3,20.9,17.8,16.25,15.1,15.25,14.6,15.5,13.75
3577,泓格,31.1,32.7,35.2,36.5,35.65,36.4,38.1,33.9,31.85
3579,尚志,16.7,13.5,15.2,12.85,10.9,12.75,12,19.35,16
3580,友威科,9.2,10.75,8.99,21,34.95,26.9,32,34,62.9
3581,博磊,13.25,17.15,16,17.4,16.1,18.7,22.55,19.35,23.75
3583,辛耘,73.8,73.5,69.9,63.2,59.9,57.4,63.2,68.9,84.7
3584,介面光電(下市),,,,,,,,,
3587,閎康,59.9,76.2,87.6,80.2,82.3,112,125,97,80.9
3588,通嘉,29.9,29.75,29.8,38.35,36.4,31.8,28.8,27.55,26.4
3591,艾笛森,16.9,15.7,14.65,14.1,13.3,18,14.15,14.75,15.4
3593,力銘,9.05,8.12,7.18,7.48,6.65,9.87,10.35,12.6,12.3
3594,磐儀,27.35,30.9,29.7,28.2,23.1,22.4,21.8,28.9,26.55
3596,智易,39.5,45.9,59.2,64.7,57,60.5,51.4,49.1,51.9
3598,奕力(下市),49.15,49.8,,,,,,,
3605,宏致,28.65,33.7,25.45,24.4,24.65,25.85,28.85,26.75,25.2
3607,谷崧,49.75,49.2,40.7,34.85,33.1,31.4,29.35,27.55,33.4
3609,東林,12.45,12.5,12.4,16,15.3,16.45,15.9,15.5,13.4
3611,鼎翰,320,282,259,239,243.5,231,220,241,229
3615,安可,20.9,19.2,17.95,20,24.8,28,24.2,27.45,23.75
3617,碩天,101.5,91.6,116.5,113,99.5,97.7,97,98.1,99.5
3622,洋華,11.3,11.75,10.2,14.35,12.25,12.85,13.25,16.2,20.4
3623,富晶通,,,,,,,,,
3624,光頡,25.3,25.05,24.65,22.95,20.6,20.3,18.6,21.4,27.15
3625,西勝,9.2,8.5,10.75,15.7,25,27.15,33.4,34.75,30.9
3628,盈正,53.3,49.6,44.5,43,39,44.4,43.65,40.8,38.6
3629,地心引力,35.9,44.8,43.8,31,24.55,26.5,19.5,18.35,17.95
3630,新鉅科,17,15.35,23,20.25,21,45.9,40.6,47.15,41.15
3631,晟楠,24.6,20.05,17.55,26,23.6,21.8,24.05,29.6,29.2
3632,研勤,28.8,27.05,23.1,20.05,19.15,17.8,16.15,16,15.4
3642,駿熠電,29.95,27.5,32.85,26.8,25.7,25.3,21.5,19.1,18.8
3645,達邁,24.5,27.8,29.6,30.2,31.9,43.9,40.1,39.2,84
3646,艾恩特,12.7,12.5,15.6,17.35,24.9,25.9,23.7,20.1,17.4
3652,精聯,16.6,17.65,17.9,22,33,25.3,20.25,20.25,21.45
3653,健策,44.25,45.35,41.65,56.2,47.5,63.7,80.4,72.3,66.7
3658,漢微科(下櫃),,,,,,,,,
3661,世芯-KY,34.2,35.95,24.4,26.55,31.25,49.3,61,95.2,90.5
3662,,,,,,,,,,
3663,鑫科,16.5,15.7,14.95,19.3,18.55,18.1,16.25,15.7,16.2
3664,安瑞-KY,15.1,14.15,15.6,16.35,16.05,15.8,16.85,18.4,21.3
3665,貿聯-KY,146,171,197,163.5,166.5,172.5,215,281.5,278.5
3666,光耀,22.8,31.95,23.2,30.45,23.35,24,22.75,26.7,25.75
3669,圓展,14.1,15.2,21.2,19.55,20,20.45,21.15,20.15,19.7
3673,TPK-KY,82.5,70,62.3,51.2,59.5,106.5,93.2,100.5,83.6
3675,德微,22.05,24.25,24.2,30.65,32,47.3,58,51.4,55.1
3679,新至陞,41.95,47.8,52.9,74.6,70.8,84.4,90.9,69.5,74.4
3680,家登,29.45,33.2,32.05,32.1,32.8,38.8,33.8,36.75,39.05
3682,亞太電,11.65,11.05,10.7,10.4,10.35,9.97,10.95,10.25,9.98
3684,榮昌,63,57.6,49.45,40.8,31.2,35.8,38.9,40.45,42.8
3685,元創精密,53.4,66.4,60.4,57.2,52.8,56.3,60.2,63,58.7
3686,達能,,,,,,,,,
3687,歐買尬,63.9,63.2,53,49.55,44.4,42,44.8,40,35.85
3689,湧德,33.2,32.7,28.9,26.1,32.4,36.8,37.45,54.1,50.3
3691,碩禾,723,557,495.5,370,383,308,275.5,240,251
3693,營邦,109.5,88.9,92.6,69.7,66.5,71.2,55.1,51.7,41.6
3694,海華,16.95,15.9,15.6,15.6,14,14.45,14.3,17.05,16.75
3698,隆達,17.2,16.4,16.15,14.3,13.2,17.6,18,17.75,26.7
3701,大眾控,8.89,8.48,6.42,5.37,6.96,6.17,6.79,6.75,7.14
3702,大聯大,31.45,34.3,37.45,37.1,38,38.1,40.6,40.35,39.4
3703,欣陸,9.77,11.5,10.55,10.05,10.45,11.05,11.4,12.9,16.25
3704,合勤控,13.3,15.7,15.75,15.15,14.55,16.3,14.85,14.35,15.25
3705,永信,48.25,50.2,47.3,47.75,45.65,45.05,43.25,39.95,39.9
3706,神達,24.85,25.55,23.75,32.3,31,33.7,38.85,36.75,35.7
3707,漢磊,8.99,12.25,12.2,10.85,10.1,16.3,13.25,17.45,22.45
4102,永日,,,,,,,,,
4103,百略,89,89.5,82.3,74.3,74.4,71.2,75,72.9,73.3
4104,佳醫,49.3,50.3,51.5,46.7,45.2,46.05,48.5,44.5,44.9
4105,東洋,117.5,111,113.5,129,102.5,109,101,88.6,102.5
4106,雃博,37,44,38.85,35.6,33.85,31.1,30.75,31.1,29.95
4107,邦特,129,143.5,160,158.5,119,111.5,83.6,82.2,98.8
4108,懷特,27.85,45.85,36.25,32.2,30.55,31,28.95,25.9,23.25
4109,穆拉德加捷,24.6,23.35,22.8,20.5,20.15,21.7,17.8,18.4,18.05
4111,濟生,25.3,25.4,22.85,23.35,22.2,23.35,24.8,24.4,24.35
4113,聯上,,,,,,,,,
4114,健喬,36.35,34.6,33.5,31.2,30.1,33.35,29.05,26.7,25.85
4119,旭富,93,80.2,96.8,88.2,76.4,75.2,70.3,62.3,57.5
4120,友華,59.8,53.6,53.1,60.5,62,73.6,71,69.8,79.1
4121,優盛,17.1,15.75,13.85,13.1,11.95,11.95,11.2,11.95,12.85
4123,晟德,74.3,70.1,66.7,68.3,61.6,60.5,60.7,47,49
4126,太醫,75.7,81.4,115.5,99.9,84.2,80.9,78.8,71.6,82.9
4127,天良,23.15,22.25,19,18.45,17.75,20.7,13.5,12.95,11.65
4128,中天,26.5,27.3,24,23.75,23.05,22,23.9,21.05,22.2
4129,聯合,68.3,67.1,89.4,74.7,60.3,65,70.9,70.2,64.2
4130,健亞,67.5,58.1,45.2,44.15,40.2,40.55,38.1,33.85,34.05
4131,晶宇,,,,,,,,,
4133,亞諾法,33.15,30.55,35.3,37,36.75,35.65,35.95,39.5,39.3
4137,麗豐-KY,343.5,277,167.5,157,150.5,144,140,105,150.5
4138,曜亞,63.8,64.3,63.4,57.8,53.5,58.4,57.1,50.6,50.7
4139,馬光-KY,67.6,60,49.6,37,31.05,41,59.5,53.7,57.4
4141,龍燈-KY,30.25,34.5,40.85,38.85,33.2,35.9,31.4,28.95,27.05
4142,國光生,24.95,25.95,23.4,23,22.85,22.5,22,20,20.2
4144,康聯-KY,55,48,46.2,47.7,50.6,45.45,42,35.5,34.6
4152,台微體,147.5,147,144,128.5,115.5,115.5,91.1,88.5,86.4
4153,鈺緯,72.8,74,61,43.85,35.5,37.1,34.25,27.75,31.95
4154,康樂-KY,22,21.35,26.3,20.8,19.95,20.1,28.1,28.6,22.55
4157,太景*-KY,33.9,27.85,28.5,29.15,27.2,26.3,23.45,20.95,21.7
4160,創源,31,28.3,27.8,29.8,28.5,26.2,27.4,28.1,28.7
4161,聿新科,66.5,63.5,61.2,60.4,59,56.5,55,49.05,45.8
4162,智擎,240.5,248,220.5,239.5,181.5,203,199.5,163,152.5
4163,鐿鈦,124.5,166.5,174.5,162.5,152,139.5,121,96.6,109
4164,承業醫,59.5,54.7,51.5,47,43.8,42.2,47,38.45,35.55
4168,醣聯,54.1,45.3,39.55,37.75,32.95,29.3,28.95,24.35,22.85
4171,瑞基,31.8,34.25,30.5,26,20,22.1,23.75,20.05,19.6
4173,久裕,27.35,24.2,21.25,20,18.65,20.45,22.4,19.2,20.25
4174,浩鼎,655,395,510,390.5,285,273,241,173,150.5
4175,杏一,74.6,90.5,88,83.7,78.2,76,73.9,65.5,61.4
4180,安成藥,185.5,127,136.5,117.5,104.5,91,89,68.5,84.2
4188,安克,,,,,,,,,
4192,杏國,45.2,42.65,33.65,30.1,29.1,26.65,29.7,26.75,28.4
4198,環瑞醫,34.5,30,25.4,19.15,28.1,22.3,20.5,11.7,9.49
4205,中華食,,,,,,,,,
4207,環泰,9.19,9.61,11.8,12.45,11.05,11.7,11.65,11.3,12.7
4303,信立,12.85,13.3,13.95,14.2,19.65,29.55,31.85,37.3,130.5
4304,勝昱,13.75,9.56,9.48,8.5,8.3,8,6.55,6.03,4.78
4305,世坤,,,,,,,,,
4306,炎洲,11.9,13.8,13.95,12.15,12.2,13.55,12.8,13.5,14.6
4401,東隆興,94.5,89.6,90,91.4,83.5,81,95,82.1,71.8
4402,福大,5.3,4.21,4.3,5.7,4.5,4.46,13,18,12.35
4406,新昕纖,,,,,,,,,
4413,飛寶企業,,,,,,,,,
4414,如興,20.45,23.2,20.45,19.5,17.55,18.55,18.45,20.05,17.7
4415,台原藥,16.85,11,7.95,9.77,7.24,6.5,5.95,,7.5
4416,三圓,93.2,80.2,80,76,73,88.2,79.2,80.3,80
4417,金洲,34.55,32.2,35.2,36.2,42.4,39.4,37.8,33.85,31.7
4419,元勝,,,,,,,,,
4420,光明,,,,,,,,,
4426,利勤,153,173,144,136.5,107.5,80.2,91.1,60.6,48.45
4429,聚紡,23.45,22.65,23.35,22.6,22.65,23,23.2,22.8,22.3
4430,耀億,27.9,28.4,27.45,25,24,25.2,24,23.5,24.85
4432,銘旺實,73.2,82,68.8,59.6,45.55,44.5,42,37.7,32.45
4433,興采,34.35,34.7,31.4,30.1,24.2,27.3,24.9,22,20.45
4502,健信,29.8,30.95,51,47.5,39.85,49.3,77.8,107.5,80.8
4503,金雨,12.6,15,14.75,24.5,22,38.1,54.3,39.45,49.1
4506,崇友,24.45,27,29.4,36.55,35,38.05,44.7,45.6,55.5
4510,高鋒,15.05,17.1,18.45,18.05,17.35,17.65,17.15,20,18.65
4513,福裕,10,10.3,9.03,9.63,9.5,9.26,8.77,9.24,9.27
4523,永彰,17.05,25.7,19.6,19.85,18.4,19.3,18,17,16.15
4526,東台,22.9,24,24.3,22.65,21.35,21.8,21.25,20.7,20.35
4527,方土霖,23.8,26.1,24.4,26.05,28.45,31.85,32.4,33,30.7
4528,江興鍛,55.4,53.4,52,43.1,45.1,55.2,61.5,75,80.4
4529,淳紳,45.65,45.5,40.35,35.6,36.65,38.4,24.8,39.05,32.25
4530,宏易,4.83,4.5,4.58,3.7,6.1,10.9,9.68,9.15,7.74
4532,瑞智,24.65,26.5,26.2,38,31.6,33,34.65,30.35,28.65
4533,協易機,12,15.4,14.15,14.45,13.8,14.75,12.7,12.7,13.05
4534,慶騰,10.1,16.15,35.25,32.2,28.8,27.75,27.35,18.3,18.15
4535,至興,43.8,45,40.95,44.35,43.7,45,44.95,41.35,41.9
4536,拓凱,115.5,112,104,105,100.5,106,106.5,93.5,89.8
4541,晟田,,,,,,,,,
4542,科嶠,19.3,18.3,18,15.9,18,26.5,31.65,33,31.5
4549,桓達,74.6,65.7,74.4,83.9,90.3,87.2,85.2,86.6,95
4550,長佳,19.7,21.15,21.1,21.5,23.3,23.2,22.25,19.55,18.8
4609,唐鋒,7.88,8.08,8.21,10.15,8.2,9.99,9.85,9.65,9.85
4702,中美實,11.2,10.3,8.89,8.22,8,7.25,5.7,5.55,5.65
4703,,,,,,,,,,
4706,大恭,14.95,18.05,19.1,22.35,23.7,22.9,22.45,20.9,21.25
4707,磐亞,8.45,8.41,8.39,8.53,9.41,,,,
4711,永純,12.05,12.75,14.2,25,21.55,21.15,19.55,18,16.95
4712,南璋,7.52,7.71,7.95,7.15,19.4,15.05,15.2,12.55,10
4714,永捷,8.17,8.85,9.15,9.66,15.35,14.35,13.7,14.8,16
4716,大立,9.29,10.3,10.2,12.75,11.3,24,24.2,25.5,23.9
4720,德淵,16.2,16.8,16.65,15.4,14.85,14.7,14.3,14.25,14.45
4721,美琪瑪,24.35,26.55,39.6,32.6,30.8,43.1,43.4,118.5,109.5
4722,國精化,31.9,33.9,35.8,35.3,33.8,34.85,32.3,31.4,34.6
4725,信昌化,,,,,,,,,
4726,永昕,,,,,,,,,
4728,雙美,32.25,44.8,52.5,46,42.2,40,38.1,28,27.75
4729,熒茂,12.6,13,13,15.1,18.05,17.35,17.15,20.05,21.7
4733,上緯企業(下市),,,,,,,,,
4735,豪展,35.15,30,32.1,32.85,35.6,38.3,54.2,43.9,50.5
4736,泰博,106,110.5,150,122,108.5,104,101.5,84.2,97.4
4737,華廣,59.2,51.7,48.35,45.7,55.9,69.9,70.9,52.9,55.5
4739,康普,41.4,51.2,49.5,42.1,41.5,52.1,68.5,120.5,114.5
4743,合一,,,29.9,38,34.3,,27.05,24.45,20.3
4745,合富-KY,57.5,69,71.5,56,49.75,46.2,44.4,41.1,39
4746,台耀,69.2,75.5,107.5,90.2,99.8,88.6,87.3,75.8,69
4747,強生,,,,,,,,,
4755,三福化,22.5,23.75,26.2,31.8,30.45,31.9,32.15,40.9,59
4903,聯光通,11.45,14.15,13.85,36,33.45,56.6,53,31.05,26
4904,遠傳,67.6,72.1,77.9,74,72.5,74.5,77.5,72.6,73.5
4905,台聯電,47.05,53.5,48.7,46.2,44.7,44.5,45,57,70.6
4906,正文,18.6,18,18.95,18.95,23.55,26.9,29.6,24.8,25.25
4907,富宇,,,,,,,,,
4908,前鼎,,,,,,,,,
4909,新復興,22.35,25.8,24.35,23.8,21.5,23.05,21.6,19.75,18.95
4911,德英,,,,,,,,,
4912,聯德控股-KY,86.9,88.8,84.7,76.8,78.8,115.5,181,242,140
4915,致伸,41.85,37.75,42.05,45.95,44.1,49.75,62.4,74.2,79
4916,事欣科,20.9,39,48.7,40.75,33.05,37.5,33.2,33.85,35.45
4919,新唐,30.75,32.8,32.1,36.75,38.7,43.45,44.1,61.5,64
4924,欣厚-KY,7.99,6.43,5.95,7.17,10,9,9.89,9.08,9.48
4927,泰鼎-KY,36.9,37.7,38.95,38.45,30.25,29.7,28.95,20.8,20.1
4930,燦星網,15.1,13.8,12.3,13.4,13,14.6,14.1,13.1,12.95
4933,友輝,23.95,26.25,22.1,22.65,22.1,27.85,24.85,23.3,21.5
4934,太極,21.8,21.4,18.1,15.2,14.45,14.6,12.35,12.85,12.95
4935,茂林-KY,74.5,68,72.5,74.9,69.6,53,48.3,45.45,45.15
4938,和碩,72,75.1,67.8,80.6,77,89.8,95.3,79.6,72
4939,亞電,7.8,7.42,6.35,8.23,8.64,14.35,14.05,16.55,20.35
4942,嘉彰,24.85,22.6,21.45,25.85,26.55,25.95,25,23.65,23.05
4944,兆遠,12.05,9.5,7.5,8.73,8.07,10.35,8.85,14.1,13.9
4946,辣椒,36.95,36,31.45,31.7,30.95,29,39.6,44.1,43.55
4947,昂寶-KY,219,182,212,225,221,204.5,208,221.5,227
4950,牧東,17.85,14.9,15.5,17.3,18.8,19.2,19.3,18.35,18.05
4952,凌通,39.9,42.5,43.1,38.1,37.35,41.1,40.45,54.6,53.9
4953,緯軟,21.05,20.3,19.95,22.35,22.1,24.2,24.5,26,27.1
4956,光鋐,12.9,11.15,10.25,21.85,20.05,24,20.75,20.55,21.8
4958,臻鼎-KY,75.8,72,57.7,68.7,63.8,71.3,72.1,62.1,65.5
4960,奇美材,20.35,19.6,14.7,13.65,13.65,13.15,14.45,14.05,12.15
4965,商店街,115,112,91.6,108.5,81.9,67.6,54.8,61.4,49.5
4966,譜瑞-KY,220.5,319,306.5,319.5,318,352.5,374,484,589
4971,IET-KY,130,136.5,103,90.1,82,84.5,88.3,85.8,109.5
4972,湯石照明,35.75,42.3,42.3,36.85,34.5,35.4,32.15,29.5,30.4
4973,廣穎,16.95,17.1,23.8,25.05,20.3,24.55,21.55,19.45,19.15
4974,亞泰,37.1,35.15,30.55,33,33.9,45.05,48.4,51.4,47.25
4976,佳凌,,,,,,,,,
4977,眾達-KY,58.5,63.7,58.9,57.2,85,78.4,97.9,128,117.5
4979,華星光,76.1,71.8,49.85,34.2,35.1,37.5,30.15,29.65,35.4
4984,科納-KY,46.15,56,71.2,69.8,58.6,57.8,44.85,30.8,39.45
4987,科誠,68.6,68,58.3,48.55,46.7,50,52.4,65.6,61.4
4991,環宇-KY,75.1,91.7,90.3,71.3,63.9,47.45,67.4,66.1,84.8
4994,傳奇,71.2,67.7,58,49.6,67.9,64.5,68.2,56,52.8
4995,晶達,39.5,40.45,35.2,31.05,30.75,36.5,39.4,41.5,38.05
4999,鑫禾,41.6,45.95,44.7,55.7,52.7,55.5,55.5,51,50.2
5007,三星,64.5,64,60,58.5,54.9,53.1,50.9,60.2,59
5009,榮剛,17.95,17.9,16.5,17.7,18.8,20.4,20.15,20.1,19.85
5011,久陽,,,,,,,,,
5013,強新,17,17.45,22.4,27.5,28.95,32.2,34.15,28.5,28.6
5014,建錩,6.8,6.8,6.91,6.92,9.54,24.55,17.05,15.95,17.65
5015,華祺,16.85,22.2,22.55,25.55,23.2,27.05,28.15,27.55,31.5
5016,松和,24.55,24,23.7,26.05,33.5,32.9,32,32.4,34.8
5102,富強,14.55,14.7,14.4,14,14,14.45,14.25,15.2,16.6
5201,凱衛,12.45,13.25,12.45,17.85,30.7,19.05,17.15,17.5,18.5
5202,力新,14.8,15.5,16.2,15.75,24.65,31.95,24.65,31.85,26.7
5203,訊連,68.7,73.4,68.7,67.6,77.6,66.1,64.3,62.6,66.8
5205,漢康,8.51,10,19,18.5,18.3,13,13.75,9,9
5206,坤悅,10.8,10.9,9.98,9.48,7.98,9.6,9.8,9.59,9.65
5209,新鼎,41.05,43,39.35,42.9,41.5,41.9,43.2,43.2,46.5
5210,寶碩,6.79,6.16,6.07,6.45,6.51,6.87,6.97,6.94,7.33
5211,蒙恬,22.3,20.95,20.15,22.15,19.85,21,20.5,19.95,20.7
5212,凌網,19.3,20.55,19.7,17.75,17.1,23.5,26.8,24.85,25.9
5213,亞昕,15,15.25,14,13.3,12.95,14.05,13.85,15.3,17.5
5215,科嘉-KY,40.75,38.9,31.6,30.05,28.35,33.3,32.85,28.35,26.4
5225,東科-KY,48.2,42.3,36.9,35.05,31.3,33,30,30,29.4
5227,立凱-KY,31.6,31,37,38.85,31.4,29.45,21.35,30.25,25.35
5230,雷笛克光學,49.7,46.5,42.7,38.85,46.2,42.9,40.8,48.55,43.1
5234,達興材料,30.8,31.35,30.7,35.4,36.4,42.15,44,47.95,67.8
5243,乙盛-KY,28.15,36.55,35.85,41.6,38.8,47.55,47.95,43.45,45.35
5251,天鉞電,30.65,29.85,28.95,29.05,29.4,27.55,35.3,26,20.3
5255,美桀,14.65,15.3,17.65,30.1,29.7,36.15,34.5,48.7,48.4
5259,清惠,,,,,,,,,
5263,智崴,342,279,227,208.5,209.5,212.5,257,281,263.5
5264,鎧勝-KY,134.5,175,112.5,114,85.9,101,102,100.5,102
5266,,,,,,,,,,
5269,祥碩,214,167.5,152.5,272,270,320,315.5,353.5,364
5272,笙科,,,,,,,,,
5274,信驊,336.5,342,298,450,473,570,676,716,718
5276,達輝-KY,22.4,23.6,27.6,21.85,23.15,26.8,25.2,22.1,20.45
5278,尚凡,25.1,25.7,32,32.4,28.4,29.6,28,47.9,43.25
5284,jpp-KY,70.4,65.8,63.8,65,56.6,60.9,63.5,64.3,64.1
5285,界霖,30.5,34.55,29.7,29.9,35.15,37,46.05,74,95.7
5287,數字,267.5,260,235.5,241.5,201.5,223,271,236,239
5288,豐祥-KY,100.5,93.4,115.5,111.5,79.8,83.5,93.8,88,85.1
5289,宜鼎,92.3,114,105.5,91.5,86,96.5,96.1,107,122.5
5291,邑昇,17.2,16.9,13.05,14.5,14.1,13.75,16.7,16.1,15
5301,寶得利,37.6,33.7,32.5,27.5,26.1,25.45,22.2,20.05,41.5
5302,太欣,5.55,5.39,4.83,5.33,6.04,6.32,6.98,6.31,6.17
5304,鼎創達,3.13,2.83,2.65,2.34,2,2.7,2.28,2.82,2.15
5305,敦南,21.45,21.8,21.65,23.6,23.65,27.9,31.5,36.25,43.2
5306,桂盟,129,125,117.5,108,113.5,149,148,131.5,130
5309,系統電,19.1,17.25,14.2,13.55,10.05,10.05,9.66,9.06,8.6
5310,天剛,27,27.55,25.8,22.9,24.9,30.1,29,27.9,31.5
5312,寶島科,83.5,78.5,75.2,74.7,74.6,74.2,72.6,65.5,67
5314,世紀,5.87,6.83,5.86,5.02,5.03,5.1,4.3,5.2,4.59
5315,光聯,22.05,32,30.65,29,26.15,27.45,24.5,17.3,17.95
5317,凱美,17.1,14.15,13.9,17,16.1,15.15,28.05,30.9,63.5
5321,友銓,21.3,29.95,40.45,38.2,28.4,27.65,33,22.9,20.05
5324,士開,9.42,9.8,10.3,11.7,12.1,11.85,11.5,10.25,9.89
5328,華容,5.33,6.06,6.02,6.76,6.75,8.65,8.75,8.23,10.1
5340,建榮,3.59,3.81,4.19,5.36,5.05,8.56,7.26,10,12.1
5344,立衛,,,,,,,,,
5345,天揚,10,10.9,9.18,8.9,8.47,8.48,8.2,8,7.89
5347,世界,42.8,50.3,52.8,58.6,56.2,57.8,60,52.4,66
5348,系通,6.78,6.46,5.82,4.85,5.5,,,,
5349,先豐,33.45,41.05,46.25,35.3,30.9,30.05,28.9,24.7,36.05
5351,鈺創,14,12.3,12.6,13.05,12.5,12.25,11.65,12.3,15.65
5353,台林,9.88,10.6,10.4,10.5,10.3,11.55,11.1,12.1,12.55
5355,佳總,6.91,6.2,5.66,6.73,6.67,7.53,7.15,7.8,7.58
5356,協益,40,43.8,42.45,38.6,43.65,46.5,50.2,50.6,40.45
5364,力麗店,50.4,39,27.5,23.45,20.5,23,23.1,22.15,22.5
5371,中光電,27.3,32.85,29.4,34.05,33.9,44.6,41.6,35.6,34.1
5381,合正,1.59,1.48,1.79,1.91,1.8,2.75,3.55,5.48,5
5383,金利,9.72,10.15,8.89,9.1,7.85,9.22,7.79,8.85,10.5
5384,捷元(下櫃),,,,,,,,,
5386,青雲,,,,,,,,,
5388,中磊,86.7,81.9,72,74.6,77.1,76,79,81.9,84.7
5392,應華,51,49.6,56.6,55.1,46.2,51.5,53,49.25,63.9
5395,圓方創新(下櫃),,,,,,,,,
5398,慕康生醫,19.8,31.1,33,46.3,41.9,35.6,40.5,31.45,31
5403,中菲,21.7,27.6,27.45,32.55,30.45,35.6,36.65,34.1,37.35
5410,國眾,11.3,12.8,12.9,13.75,13.2,13.65,14.15,13.3,13.4
5425,台半,34.5,42.7,38.65,36.8,35.25,35.6,41.6,55.1,69
5426,振發,10.75,11,12.45,12.6,12.3,13.35,13,14.25,15.4
5432,達威,,,,,,,,,
5434,崇越,54.4,59.9,66.5,84.9,84.4,99,93.8,74.6,80.9
5438,東友,13.05,14.55,12.8,11.8,13.25,15.05,15.2,16,16.6
5439,高技,,,,,,,,,
5443,均豪,17.25,16.2,16.75,21.7,21,26.95,25.15,22.7,21.25
5450,寶聯通,11.2,9.33,8.8,9.16,8.5,8.6,7.47,7.46,7.04
5452,佶優,9.62,12.95,11.8,10.05,9.99,9.91,9.72,10.45,9.2
5455,昇益,,,,,,,,,
5457,宣德,27.2,26.7,28.2,28.45,24.85,24.75,28.6,47.5,60.8
5460,同協,11.3,12.8,12.4,11.9,11.5,12.55,13,12.75,12.25
5464,霖宏,17.15,16.95,16,16.2,15.15,15.35,13.35,13.35,12.7
5465,富驊,10.15,13.65,13.2,16.1,13.35,16.45,23.4,24.55,23.7
5466,泰林(下櫃),,,,,,,,,
5468,凱鈺,7.02,6.01,5.23,7.04,5.85,6,4.14,5.75,4.82
5469,瀚宇博,10.4,10,9.18,12.15,17.6,18.2,16.35,15.65,21.65
5471,松翰,36,35.3,33.15,33.75,32,32.7,33.65,32.7,36.55
5474,聰泰,,,,,,,,,
5475,德宏,3.43,3.44,2.9,3.94,3.07,5.23,6.81,9.59,10.35
5478,智冠,64.1,68.6,67.4,66.4,63.5,65.3,83.9,68,70.1
5480,統盟,10.85,11.2,10.3,12.55,12.9,13.55,13,12.65,12
5481,華韡,17.4,14.25,15.6,17.35,17.35,18.2,15,17.85,24.8
5483,中美晶,46.75,35.9,36.05,32.8,33.4,48.6,45.15,64.5,76.3
5484,慧友,4.17,4.08,5.4,6.95,6.54,5.97,5.8,5.22,4.97
5487,通泰,20.3,22.4,24.7,24.55,23.4,26.9,25.5,24.8,25.85
5488,松普,5.32,5.8,6.08,6.93,9.32,10.1,8.75,7.9,8.55
5489,彩富,52.5,52.6,43.25,42,44.95,36.6,34.5,35.6,37.1
5490,同亨,75.4,69,64.3,47,56.4,62.4,62,52.4,49.6
5491,,7.45,6.64,5.67,7.94,8.07,12.6,10.9,8.65,
5493,三聯,31.6,32,31,29.7,31.45,31.95,29.3,27.4,26.8
5498,凱崴,10.4,8.56,8.12,9.4,10.5,10.05,10.1,11.7,12.45
5505,和旺(下櫃),,,,,,,,,
5506,,,,,,,,,,
5508,永信建,,,,,,,,,
5511,德昌,24.35,23.35,22.7,23.75,23.6,23.4,19.9,21.1,19.85
5512,力麒,9.3,9.97,9.24,8.94,7.99,9.17,10.35,9.28,9.95
5514,三豐,9.41,9,9.19,9.12,9.67,9.93,9.51,10.4,10.2
5515,建國,8.9,8.94,8.5,8.49,8.69,9.28,9.25,10.7,11.5
5516,雙喜,,,,,,,,,
5519,隆大,13.75,13.3,10.6,10.95,10.45,12.7,11.2,10.45,10.4
5520,力泰,25.95,27.1,26,27.3,27.05,27.5,27.45,27,27.4
5521,工信,10.95,12.25,10.05,10.15,9.92,14,11.75,12,16.3
5522,遠雄,34.25,37.05,37.2,37.25,36.95,41.05,39,33.8,32.1
5523,豐謙,7.7,8.65,7.2,7.35,7.77,13.35,13.8,11.1,11.85
5525,順天,15.95,16.25,16,14.9,14.2,14.45,13.95,13.85,15.95
5529,志嘉,8.14,11.2,10.4,9.79,7.33,8.3,9.12,9.22,9.17
5530,龍巖,53.9,57.9,56.9,54.4,56.6,61.3,64.3,69.2,68.6
5531,鄉林,10.75,12.3,11,10.75,10.35,11.25,10.9,10.1,10.7
5533,皇鼎,17,17.45,17.3,16.3,16,15.9,15.5,15.55,15.95
5534,長虹,47.9,48,63.5,53,63.6,74,68.7,69.6,76.6
5536,聖暉,86.7,86.3,80.8,82.9,93,130,162.5,175.5,207
5538,東明-KY,24.8,25.8,26,25.5,29.25,29.8,31.8,31.3,35.7
5601,台聯櫃,,,,,,,,,
5603,陸海,14.25,14.85,14.25,13.65,13.15,13.75,13.05,12.3,12.35
5604,中連貨,35.35,38,34.7,33.5,30.6,33,30.8,30.3,29.5
5607,遠雄港,15,15.1,13.45,14.05,14.35,14.6,13.8,13.85,16.85
5608,四維航,12,12,10.05,9.39,8.83,10.95,9.32,8.72,9.19
5609,中菲行,16.15,16.35,17,19.15,20.55,23.75,24.1,22.85,21
5701,劍湖山,3.35,2.98,2.83,2.98,2.76,2.97,2.94,2.17,2.34
5703,亞都,21.65,22.3,22.3,23.8,24.35,24.7,24.95,25.25,25.15
5704,老爺知,,,,,,,,,
5706,鳳凰,38.4,41.55,39.5,36,34.3,37.3,36.2,34.25,34.45
5820,日盛金,7.12,7.13,6.81,6.55,6.9,7.17,6.9,7.48,8.38
5871,中租-KY,56.9,56.1,52.1,55.6,55.1,70.9,84.8,74.8,86.6
5878,台名,42,43.3,44.3,43.95,42.6,46.2,46.5,42.25,44.7
5880,合庫金,13.75,14.4,14.2,13.85,14.05,15.1,16.15,,16.6
5902,德記,9.95,11,12.7,12.65,11.85,13.2,13.9,12.5,12.45
5903,全家,200,222.5,202,222.5,204,201,204.5,180,178
5904,寶雅,,,,,,,,,
5905,南仁湖,8.64,8.33,7.47,7.65,8.15,8.28,8.1,7.7,7.86
5906,台南-KY,2.13,2.86,1.77,6,6,5.36,5.74,7.8,8
5907,大洋-KY,27.85,25,25.1,24.9,21.6,24.2,26.4,23.2,22.85
6005,群益證,9.91,8.78,8.22,8.16,9.69,10.05,9.99,10.2,11.6
6015,宏遠證,6.4,6.2,6.11,6.1,6.48,7.06,6.9,7.7,8.04
6016,康和證,7.12,6.77,6.16,6.08,6.65,6.75,6.87,8.43,9.17
6020,大展證,13.6,12.7,12.2,11.9,12.1,13.1,12.9,14.55,14.7
6021,大慶證,10.6,9.9,8.2,8.2,8.41,10.2,10,10.6,10.5
6022,大眾證券(下櫃),9.78,8.83,8,8.03,8.5,11,11.1,,
6023,元大期,35.8,38.4,36.5,36.75,37.65,39.5,37.9,40.45,41.05
6024,群益期,30,36.55,36.1,37.2,36.25,35.8,37.85,44.55,45.25
6101,寬魚國際,20.2,18.9,15.3,14.65,19.35,33.8,35,45.5,53.9
6103,合邦,6.14,8.91,14.4,14.7,15.95,13.8,10.3,11.1,8.1
6104,創惟,47.9,41.7,34.4,42.2,39.9,41.5,38.75,34.6,36.4
6105,,,,,,,,,,
6107,華美電子,74.9,89.5,90.1,73.1,70,86.4,61,,
6108,競國,12,15.1,15.4,21.9,27.35,31.6,31.9,29,28.2
6109,亞元,13.2,14.7,13.7,12.25,12.35,13.3,13.85,12.85,12.1
6111,大宇資,112.5,126.5,96,125,115.5,124.5,119.5,82,83.4
6112,聚碩,26.5,27.9,27.4,26.1,26.75,29.65,30.55,28.5,29.4
6113,亞矽,8.08,7.5,7.73,8.94,9.09,9.88,9.99,9.56,9.14
6114,久威,54.1,57.5,44.6,48.3,57.1,63.8,72.1,68.6,42.2
6115,鎰勝,33.7,39,41.7,42.1,44.5,49.65,49.45,43.6,43.8
6116,彩晶,3.89,4.26,5,7.03,7.86,8.35,9.13,12.15,9.94
6117,迎廣,14.85,14,13.8,14.35,13.2,16.7,17.9,17.8,18.05
6118,建達,8.39,8.05,6.06,6.8,6.52,6.75,7.12,7.08,7.3
6120,達運,10.25,11.75,11.85,12.95,12.75,14.15,13.4,25.3,37.05
6121,新普,105,115.5,112.5,103,92.9,103,103.5,163,166.5
6122,擎邦,6.57,6.51,8.32,8.15,9.98,10.65,10.85,10.75,11.65
6123,上奇,27.7,32.35,32.5,32.2,32.15,34.4,33.7,36.8,42.9
6124,業強,27,28.25,19.85,30.8,30.2,28.2,27.85,25.2,25.7
6125,廣運,12.4,12.55,12.5,11.85,10.6,10.75,9.65,10,12.55
6126,信音,8.39,8.14,7.4,11.4,12.2,11.9,12.75,14.35,14.3
6127,九豪,9.25,9.79,9.31,14.3,13.45,13.5,15.95,18.3,20.7
6128,上福,34,39.6,40.05,44,41.9,42.5,39.2,47.2,39.45
6129,普誠,7.04,6.85,7.58,9.18,8.32,9.42,8.39,7.67,8.26
6130,星寶國際,27.2,27.1,24.55,24.35,27.7,46.2,57.4,38.3,53.9
6131,悠克,10.15,9.95,9.04,13.65,12.85,13.95,16.6,17.85,18.5
6133,金橋,10.6,10,9.45,9.03,9.23,9.25,9.39,11.6,10.35
6134,萬旭,6.64,7.48,9.82,11.1,9.28,10.35,11.2,15.55,14.15
6135,,,,,,,,,,
6136,富爾特,23.3,24.2,24.6,23,23.85,25.25,25.55,23.7,23.9
6138,茂達,23.65,23.5,24.15,29.45,32.7,38.9,38.15,44.3,45.05
6139,亞翔,18.1,33.2,24.8,29,37.5,36.2,34.3,34.35,34
6140,訊達,10.75,13.6,11,11.1,10.8,10.5,10.6,13.95,11.9
6141,柏承,9.35,8.91,8.47,9.05,10.45,15.5,18.2,18.65,17
6142,友勁,5.93,5.53,5.71,6.33,6.1,9.72,8.46,8.55,7.92
6143,振曜,58.2,63,66.5,64,69.3,62.6,63.7,57,53.3
6144,得利影,8.97,8.8,8.53,9.9,9.48,10.55,10.2,9.15,9.89
6145,勁永,11.3,10.7,11.7,9.9,9.86,13.6,12.8,12.5,12.25
6146,耕興,201.5,164.5,166.5,157,170.5,178.5,154,150.5,160.5
6147,頎邦,47.55,52,41.05,45.9,45.95,48.5,46.8,52.3,56.4
6148,驊宏資,8.05,7.44,6.91,6.76,5.06,5.7,4.79,5.37,4.92
6150,撼訊,6.98,8.33,7.63,12.2,16.3,18.95,32.3,31.8,73.1
6151,晉倫,22.75,26.3,23.7,23.5,25.45,26.35,24.95,24.4,24
6152,百一,7.15,11.4,10.25,9.9,9.99,10.3,9.91,9.35,8.48
6153,嘉聯益,24.7,22.9,16.65,20.55,17.95,19.85,20.85,23.55,40.05
6154,順發,16.7,16.45,16.45,16.45,16.5,17.1,17.25,16.6,16.5
6155,鈞寶,17.6,18.8,16.95,18.25,17.5,18.2,17.4,19.05,19.75
6156,松上,13.1,17.85,14.4,16.15,16.4,23,30.2,27,21.1
6158,禾昌,19.55,14.45,14.15,16.9,17.55,23.25,21.8,20.8,19.55
6160,欣技,16.35,23.95,31.1,28.65,27.5,23.25,20.05,19.7,18
6161,捷波,7.1,6.77,7.03,8.17,11.8,14.2,15.9,14.3,14
6163,華電網,10.75,11.5,9.89,10.35,10.45,11.9,11.55,11.65,13.35
6164,華興,9.99,10.05,12.4,12.5,14.45,14.3,13.05,13.15,13.05
6165,捷泰,11.5,10.05,9.7,17.7,15.4,41.65,58.7,50,34
6166,凌華,76,73,66.5,63.7,61.1,67.8,61.6,67.9,64
6167,久正,4.5,6.22,7,6.91,6.4,9.56,8.13,9.08,7.8
6168,宏齊,13.5,11.55,10.55,9.37,10.85,11.15,11.1,16.65,19.65
6169,昱泉,29.8,36.15,29.8,29.6,26.7,25.7,40.3,46.6,39
6170,統振,10.35,10.2,11.25,9.49,9.15,9.35,9.52,11.9,12.15
6171,亞銳士,,,,,,,,,
6172,互億,,,,,,,,,
6173,信昌電,10.25,12.75,14,18.15,15.4,20.75,24.05,38.45,38.5
6174,安,14,16,15.2,15.55,14.7,15.45,14.95,14,13.05
6175,立敦,13.25,13.5,12.85,13.7,13.55,17.35,18.5,22.8,43
6176,瑞儀,75.4,62.4,50.2,50.9,56.2,63.8,67.7,71.2,70.7
6177,達麗,20.35,21.05,23.2,20.3,19.5,23.9,26.4,32.25,34.95
6179,亞通,35.65,37.5,35.25,49.95,49.9,49.6,48.3,49.5,44.9
6180,橘子,42.25,37.5,32.1,29.55,29.4,30.9,36.4,79.2,84.3
6182,合晶,12.8,10.85,9.94,8.65,14.4,21.55,18.3,27.4,42.6
6183,關貿,26.15,26.9,26.25,26.5,25.65,28.2,27.9,30.35,31.2
6184,大豐電,51.5,47.45,39.1,32.3,32.65,33.85,38.2,35.5,34.25
6185,幃翔,24.6,22.75,19.2,20.15,21.95,23.15,22.3,19.9,19.9
6186,新潤,,,,,,,,,
6187,萬潤,43,58.5,66.4,59.5,53.2,73.1,57.9,63,64.3
6188,廣明,25.2,23,22.1,32.5,29.9,38.5,42.4,40.9,31.7
6189,豐藝,29.65,34.95,34.45,32.05,30.5,32.3,31,28.05,28.05
6190,萬泰科,5.83,6.09,7.16,13.05,12.1,14.25,12.55,14.15,14.35
6191,精成科,7.15,7.4,7.59,9.94,12.45,13.5,11.2,12.8,13.5
6192,巨路,43.45,46.2,46.5,48.05,52.7,54.4,58.8,57.7,55.9
6194,育富,19.55,20.3,16.9,16.9,15.55,16.4,17.85,19,19.05
6195,詩肯,,,,,,,,,
6196,帆宣,25.35,27,28.95,27.25,28.25,36.05,40.1,40,39
6197,佳必琪,28.4,28.25,27.2,27.6,28.3,32.55,30.35,31.25,31.5
6198,凌泰,15.55,18.55,23.5,23,23.75,21.5,14.6,25,19.65
6199,天品,13.35,16.8,18.45,22.6,19.5,17.4,19.7,24.95,24
6201,亞弘電,25.3,26.9,27.7,32.75,30.9,35.35,33.65,29,29.1
6202,盛群,50.8,52.5,53.6,50.2,49.45,53.9,57,58.6,68.8
6203,海韻電,31,32.45,32.5,31.9,31.1,32.1,30.15,29.6,29.15
6204,艾華,22.7,22,21.7,20,20.2,21.1,21,23.05,23.15
6205,詮欣,26.3,28.8,27.2,30.9,29.3,37.55,38.6,34.95,31.1
6206,飛捷,95,110.5,102,108.5,94.1,100.5,99.2,90.1,81.9
6207,雷科,26.2,26.15,22.2,21.2,20.95,28.4,27.6,30.3,31
6208,日揚,10.95,11.6,11.55,13.95,13.9,14.95,20.2,23.55,29.6
6209,今國光,15.05,15.95,16.85,21.9,20.45,28.05,24.75,47.3,34.8
6210,慶生,,,,,,,,,
6211,,,,,,,,,,
6212,理銘,,,,,,,,,
6213,聯茂,22.1,28.85,32.35,31.35,33.3,44.95,44.2,58.5,65.3
6214,精誠,53.1,59.8,56,52.8,58.1,64.4,64.9,57.4,59.3
6215,和椿,12.7,13.1,15.45,14.25,12.25,13,13.65,18.2,19.5
6216,居易,26.9,30.95,29.9,28,29.8,33.95,31.8,28.6,28.55
6217,中探針,44.7,46.05,39.8,40.5,36.05,37.55,35,35.6,33.8
6218,豪勉,16.4,17.45,17.05,17.6,19.25,19.35,21.9,18.55,19.45
6219,富旺,11.8,11.55,11.1,10.95,10.95,10.8,10.4,10.3,10.45
6220,岳豐,16,14.55,16.2,29.35,60.1,51.4,61.7,66.2,52.5
6221,晉泰,23.15,25.8,26.05,24.2,23.4,24.25,24.55,24.6,24.6
6222,上揚,7,9.5,4.18,,,6.6,6.32,7.25,8.82
6223,旺矽,60.9,78.7,84.4,87,86,95.2,91,71.6,67.8
6224,聚鼎,66.7,61.8,58,62,58.4,61.2,62.9,55.1,56.8
6225,天瀚,3,2.16,3.89,3.8,3.54,3.08,3,3.05,3.32
6226,光鼎,5.83,5.74,5.25,6.4,6.78,10.5,7.7,9.78,10.1
6227,茂綸,16.85,38.85,29.1,25.3,21.35,23.55,21.5,18.9,20.15
6228,全譜,10.25,10.3,7,7.2,12.1,11.85,12.2,9.76,9.7
6229,研通,11,12.7,12.4,13.15,13.25,13.6,13.55,17.65,17.2
6230,超眾,127.5,132,126,166,133.5,140.5,129,91.5,98.3
6231,系微,24.85,22.2,31.2,31.2,24.1,27,40,55,48.7
6233,旺玖,13.85,12.6,10.95,10.6,9.53,10,11.15,10.8,10.35
6234,高僑,18.8,28.15,25.15,19.1,15.8,18.2,20.1,18.25,16.4
6235,華孚,8.58,11,15.05,18.65,19.85,21,20.35,16.4,21.35
6236,康呈,32.05,30.2,29.9,23.5,21.8,36,28.25,19.7,19.9
6237,驊訊,35.7,37,27,30,26.85,24.3,23.5,23.3,24.85
6238,勝麗,183,398,316.5,166.5,200,173.5,207,277.5,277.5
6239,力成,65.2,73,71.5,81.3,87,88.3,93.9,88.8,88
6240,松崗,28.5,27.3,27.3,27.3,31.5,43.85,39.85,30.45,24.2
6241,易通展,13.2,13,18.8,13.95,14.75,15.5,15.4,13.8,
6242,立康,45.9,,,,,,,,
6243,迅杰,17,17.65,16,16.6,14.05,14.55,13.7,18.4,18.4
6244,茂迪,45.2,36.5,33.5,31.7,28.3,28,24.9,23.05,22.45
6245,立端,39.25,40.05,43.75,43.75,42,46.3,45.6,42.6,47
6246,臺龍,2.95,2.3,3.05,3.7,19.45,31,21.95,20.05,20.75
6247,淇譽電,14.2,11.4,10.2,9.5,9.36,9.83,10.2,12.25,10.75
6248,沛波,,,,,,,,,
6250,,,,,,,,,,
6251,定穎,9.25,9.22,8.98,9.99,8.78,9.43,9.24,11.5,11.8
6257,矽格,22.25,23.75,23.5,23.45,23.3,27.7,27.55,25.3,32.95
6259,百徽,9.69,6.73,2.79,3.27,2.87,2.92,2.45,3.31,3.01
6261,久元,52.1,47.4,48.1,47.75,46.6,45.9,44.5,55.1,57.5
6263,普萊德,44.25,47.6,47.55,47.4,47.85,53.3,54.9,54.2,61.6
6264,富裔,5.8,7.7,11,8.9,7.51,7.91,7.45,6.47,6.01
6265,方土昶,6.45,7.53,7.24,7.29,7.23,7.18,6.81,6.92,6.82
6266,泰詠,13.2,15.95,16.1,12.7,11.7,12,11.5,13.2,13.5
6269,台郡,78.7,83,83,93.3,84.8,105.5,114.5,119.5,106.5
6270,倍微,10.35,10.35,10.45,10.3,10.25,11.3,11.6,13.3,12.5
6271,同欣電,76.7,92.9,113.5,118.5,110,134,126.5,125,135
6274,台燿,27,24.75,34.9,37.4,37.25,51.2,55.8,79.8,83.8
6275,元山,11.95,12.45,14.3,15.2,14.45,15.85,17.2,18.3,18.2
6276,安鈦克,7.13,6.3,5.4,5.92,7.82,9.13,14.25,12.8,14.45
6277,宏正,70.4,74.7,87,79.9,80.2,85.5,84,77.9,84
6278,台表科,29.15,28.6,27.55,26.35,26.4,27.7,25.3,26.2,35.2
6279,胡連,132,153.5,138.5,156.5,143.5,151,176.5,174,152.5
6281,全國電,,,,,,,,,
6282,康舒,23.25,26.65,24.5,23.9,24.05,23.85,23.65,23.3,22.25
6283,淳安,4.45,4.72,4.9,5.99,27.55,46.1,57.9,45.5,49.1
6284,佳邦,22.3,20.4,21.5,21.5,20.3,20.25,19.95,26.65,27.95
6285,啟,87.7,86.2,82.1,98.9,86.3,85.3,90.6,88.2,85.5
6286,立錡(下市),,,,,,,,,
6287,元隆,,,,,,,,,
6289,華上,1.13,1.17,1.23,1.22,2,3.1,2.12,2.9,2.14
6290,良維,29.05,33.9,32.5,29.75,28.6,31.5,42.6,60,63.3
6291,沛亨,2.52,2.04,1.61,2.56,3.03,3.15,2,4.27,4.88
6292,迅德,27.7,28,27.2,27.1,29,36.5,35.15,31.1,31.6
6294,智基,82.5,119,135.5,111,119,118,121.5,103,107
6298,崴強,16.65,17.3,15.3,14.9,16.3,20.15,17.7,18.2,19.9
6404,通訊-KY,40.3,30.6,21.85,16.45,16.15,14.7,18.7,16.15,15.7
6405,悅城,20.1,18,14.75,16.5,16.5,18.6,17.3,25.3,23.4
6409,旭隼,489.5,507,449,490,445.5,405,501,535,515
6411,晶焱,33.25,38.55,37.9,51.5,57.4,70.5,75.5,94.7,83.7
6412,群電,42,38.15,35.9,42.95,50,48.65,63.2,57,62
6414,樺漢,372,387,430,523,412,396.5,385.5,444,450
6415,矽力-KY,340,439,378,463,454,560,586,697,680
6419,京晨科,20.3,19.1,16.5,15.8,14.9,13.95,16.3,15.95,13.25
6422,君耀-KY,49.3,61.3,62.2,65.5,67.3,69.4,68.7,64,69.5
6426,統新,37,35.5,33.85,35.95,59,182.5,164,104.5,86.6
6431,光麗-KY,10.25,9.25,9.81,8.74,8,8.77,10.9,10.25,15.05
6449,鈺邦,29,28.8,26,29.7,30.7,35.1,35.5,38.7,57.5
6451,訊芯-KY,123.5,104,88.4,139,101.5,103,110,109,140
6452,康友-KY,363,394,401,469,426,472,459.5,419,413.5
6504,南六,173.5,141.5,150,147.5,151.5,154.5,153.5,159,154.5
6505,台塑化,78.8,92.5,87.5,94.2,112,106,105,106,115.5
6506,雙邦,18.5,20.7,20.6,22.55,25.35,25.35,24.15,21.35,22.35
6508,惠光,26.45,26.15,26.3,26.6,25.65,28.25,26.9,25.95,26.6
6509,聚和,19.7,19.2,19.8,17.85,18,18.1,18,19.85,21.15
6603,富強鑫,10.3,10.8,10.15,11,10.85,12.6,12.15,12.55,16.75
6605,帝寶,113.5,105.5,98,97,85.7,83,85,81.2,90.1
6609,瀧澤科,25.7,26.4,25.25,23.3,20.8,22.65,23.7,23.7,26.7
6702,復航(下市),,,,,,,,,
6803,崑鼎,160.5,166,179,177.5,174,178.5,177.5,165,164.5
8011,台通,18.4,18.5,17.6,18.85,21.2,24.9,23.2,22.2,19.4
8016,矽創,93.3,93.2,105,103.5,102.5,98.6,93.8,89.3,83.6
8021,尖點,23.05,23.2,21.15,20.15,19.6,27.1,24.75,21.4,21.5
8024,佑華,10.5,10.8,10.7,11.5,11.6,11.55,11.45,11.35,11.2
8032,光菱,28,29.5,24.1,25.2,24.8,25.8,25.15,23.8,23.85
8033,雷虎,9.3,9.2,8.9,8.46,8.6,8.69,8.62,11,11.85
8034,榮群,5.35,6.2,5.32,6.56,6.45,9.02,10.4,12.3,13
8038,長園科,47.05,72.5,69.4,58.7,52.4,43.35,41.5,49.5,41.65
8039,台虹,38,36.4,35.7,32.35,33.95,37.25,38.85,48.75,59.8
8040,九暘,7.51,8.12,7.44,8.01,7.04,7.02,7.84,7.39,9.03
8042,金山電,37,43,45.2,54.8,60,55.5,58.7,55.7,67.8
8043,蜜望實,15.05,15,14.75,16.8,16.25,17.9,22.2,19.8,25
8044,網家,329,354.5,354,369,283,247,235,158.5,137
8046,南電,33.55,33.95,29.1,25.6,24.65,25.9,25.65,24.3,26.1
8047,星雲,11.1,11.05,10.35,10,10.85,11.45,12.75,12.2,12.2
8048,德勝,43.3,43.05,38.1,27.5,24.75,26,27.5,32.5,32.25
8049,晶采,10.55,14.1,13.75,14.05,12.8,16.4,16.95,17.7,16.95
8050,廣積,50.4,54.9,67,74,62.6,64.3,59.4,53.6,49.55
8053,,,,,,,,,,
8054,安國,21.6,19.4,19.8,20.2,18.75,19.65,18.7,19.35,20.2
8059,凱碩,12.15,12.95,10.3,11.15,16,14.15,12.5,10.35,9.47
8064,東捷,13,20.05,14.5,15.8,16.4,21.6,18.9,17.05,16.05
8066,來思達,101.5,99.4,91.1,86.7,100,132,127.5,123.5,119.5
8067,志旭,4.77,4.57,4.49,4.55,4.35,4.6,4.62,6.18,9.95
8068,全達,13.5,12.5,13.5,21.65,36.3,32.55,35.8,30.9,21
8069,元太,15.65,18.6,17.8,24.1,22.95,26.35,28.3,44.5,48
8070,長華,85.8,91.5,96,145.5,134,163,131,138.5,144
8071,能率網通,12.2,13.4,11.8,11.55,10.5,13.35,16.6,20.95,18.15
8072,陞泰,25.3,25.4,24.45,23.25,22.25,22.15,20.4,22.6,21.6
8074,鉅橡,23.75,25.2,26.2,29.6,30.4,31.6,27.05,25.95,26.35
8076,伍豐,91.2,83.9,62,75.5,60.3,57.3,44.9,49.8,41.7
8077,洛,48.55,45.8,40.3,27.8,25,26.05,26,22.75,21.5
8079,誠遠科技(下櫃),,,,,,,,,
8080,奧斯特,12,20.85,21.55,14.45,14.85,14.55,11.95,11.25,9.49
8081,致新,60.8,70.1,66.2,68.4,69.6,70.9,73.6,66.6,67.4
8082,,,,,,,,,,
8083,瑞穎,,,,,,,,,
8084,巨虹,23.7,30,31.3,32.1,32.4,34.1,32,28.5,39
8085,福華,3.9,3.75,3.92,4.88,4.39,7.99,6.29,5.99,5.3
8086,宏捷科,,,,,,,,,
8087,華鎂鑫,7.88,7.71,7.8,7.84,7.61,9.15,8.59,12,9.76
8088,品安,,,,,,,,,
8091,翔名,64.3,57.2,53.9,59.8,54,58,67.2,74.7,116.5
8092,建暐,8.1,8.07,8.41,8.67,7.6,9,8.56,8.15,8.19
8093,保銳,5.53,5.71,5.5,6.87,5.46,6.11,6,7.15,6.9
8096,擎亞,19.05,20.9,18.9,16.85,13.8,16.65,16.05,15.7,15
8097,常珵,9.73,10.05,12.8,12.7,13.55,11.95,11.85,10.8,10.95
8099,大世科,18.45,19.1,18,17.4,17.55,18.6,18.15,21.75,20.8
8101,華冠,7.84,6.92,5.99,5.87,5.15,5.14,4.58,4.23,3.91
8103,瀚荃,24.85,26.95,23.85,29,27.45,33.7,31.5,31.6,31.4
8105,凌巨,19,21.85,19.5,19.5,15.9,17.3,18.2,22.9,19
8107,大億金茂,18.2,23.05,22.75,24.6,22.3,23.5,25.05,41.35,39.8
8109,博大,60,70,67.2,66,64.1,64.2,69.4,64.9,67
8110,華東,9.07,9.03,9.09,11.25,11.7,15.3,13.15,14.65,16.1
8111,立,4.06,4.21,4.5,5.01,4.12,6.36,8.57,8.8,9.5
8112,至上,12.95,14.85,15.8,19.05,24.9,25.75,33.4,30.2,29.9
8114,振樺電,154,162.5,155,191.5,177,170.5,165,138.5,136.5
8121,越峰,16.35,14.25,12.5,13.1,12.2,11.8,10,24.3,18.4
8131,福懋科,,,,,,,,,
8147,正淩,42.5,42.5,40.7,39.25,35.5,39.9,34.5,29,34.8
8150,南茂,31.05,33.65,34.35,30.4,23.25,27.15,30.35,30.3,26.5
8155,博智,17.3,23.15,27.7,31.3,28.1,36.6,46.1,69,79
8163,達方,19.25,21.5,20.15,18.75,21.35,24,28.1,26.2,29.65
8171,天宇,11.15,12.9,10.7,10.9,9.49,10.3,9.08,8.52,17.45
8176,智捷,8.78,10.1,8.68,7.66,8,12.7,11.75,11.8,17.35
8182,加高,12.95,13.5,13.45,14.55,13.95,15,15.15,19.35,19.4
8183,精星,5.1,6.1,9.18,10.5,14.4,22.05,20.3,21.45,23.4
8201,無敵,9.45,7.83,8.57,9.1,8.19,16.35,14.45,13.95,13.3
8210,勤誠,43.25,44.65,57.2,51.6,51.8,55,54.8,50.1,42.9
8213,志超,32.7,34.4,30.15,33.6,30.05,31.6,31.3,31.9,31.85
8215,明基材,20.85,19.7,16.7,14.1,14.95,14.85,18,19.5,20
8222,寶一,,,,,,,,,
8234,新漢,30.05,27.3,25.2,36.8,33,31.1,28.3,31.15,32.75
8240,華宏,19.85,19.8,17.7,19.4,17.6,19.45,20.3,21.55,20.15
8249,菱光,21.95,22.4,19.3,19.7,21,23.2,24,24.85,25.9
8255,朋程,113.5,128.5,123,113.5,101.5,107.5,114,102.5,115.5
8261,富鼎,27.65,25.3,23.65,25.95,21.95,28.1,22.3,25.5,31.7
8266,中日新(下櫃),,,,,,,,,
8271,宇瞻,17.65,22.9,28.45,34,32.95,37.75,40.3,39,38.6
8277,商丞,7.22,8.6,13.55,12.8,10.5,11.25,10.05,8.94,8.91
8287,英格爾,20,17.75,16.8,17.75,17.4,18.15,16.9,15.1,7.29
8289,泰藝,11.3,11.6,11.1,11.15,10.15,10.85,10.4,11.95,11.05
8291,尚茂,,,,,,,,,
8299,群聯,232.5,262,277,238,255.5,272.5,375.5,360,292
8341,日友,128.5,137,151.5,134,113,146,157,189,255
8349,矬,84,79.2,76.4,73.2,77.9,87,102.5,125,110
8354,冠好,15,16.9,16.9,16.95,17.25,16.2,17,17.65,19.2
8358,金居,9.5,12.55,19,28.2,39,54.5,44.2,49.3,40.75
8374,羅昇,10.05,12.4,12.15,16.3,18.9,17.85,18.15,27.3,28.85
8383,千附,50.4,53.5,50.5,52.1,48.05,51.1,48.65,44.8,49.35
8390,金益鼎,14.1,13.5,13.95,14.5,13.6,16.4,14.9,17.8,20.4
8401,白紗科,11.95,12,11.05,11.05,10,11.05,11.3,14.4,16.15
8403,盛弘,46.75,45.4,40.1,35.8,34.8,36.8,35.6,36.4,37.05
8404,百和興業-KY,33.95,37.5,35.75,37.5,37.25,39.25,49.2,67.3,61.2
8406,金可-KY,435,321,335,311,333.5,278,232.5,209,217
8409,商之器,31.4,31.25,26.35,24.8,26.2,21.05,19.6,15.8,14.7
8410,森田,,,,,,,,,
8411,福貞-KY,27.8,27.25,27.45,26.95,34.3,33.6,32,27.05,25.95
8416,實威,96.5,105.5,98.3,98,87.9,93.1,107,93.1,97.5
8418,捷必勝-KY,15.25,15.05,12,11.55,11.4,13.45,16.25,16,13
8420,明揚,,,,,,,,,
8421,旭源,11.6,13.15,23,21.75,19.05,19.9,19.05,17,16.8
8422,可寧衛,174.5,178.5,173,173,164.5,173,181.5,169,175
8423,保綠-KY,22.75,21,18.75,17.95,18,18,18.45,20.5,21
8424,惠普,39.2,38.55,35.45,35,32.55,38.8,40.6,41.7,45
8426,紅木-KY,25.85,47.9,44.35,51.1,54.2,51.3,41.1,40.8,41.1
8427,基勝-KY,52.7,53.4,69.5,76.4,65.1,61.6,54.7,49.9,44.6
8429,金麗-KY,57.6,56.9,58.2,42.7,35.6,34.6,37.6,27.65,23.85
8431,匯鑽科,86.4,100,65.4,79.3,52.8,40.5,40.35,57.4,63.3
8432,東生華,,,,,,,,,
8433,弘帆,129.5,162,152,167,153,119,111,81,71.7
8435,鉅邁,46.95,47.8,45,43.2,40.7,45.95,50.4,51.3,51.2
8436,大江,124,127.5,144,173,165,171.5,193.5,192,287
8443,阿瘦,21.9,22.25,21.35,19.7,17.65,17.15,15.4,14.25,14
8446,華研,109.5,121.5,122.5,117,117,124,124,99.9,101.5
8450,霹靂,79.3,87.5,109.5,97.8,87.2,80,78.7,60.4,60.8
8454,富邦媒,213.5,214,212.5,210.5,194,216,210.5,215,217.5
8905,裕國,13.6,13.2,12.7,13.65,16.1,15.65,17.6,16.9,16.9
8906,花王,7.32,6.27,5.8,5.89,6.22,5.62,5.55,5.98,8
8908,欣雄,,,,,,,,,
8913,全銓,15,17.9,17.45,18.45,27.9,42.2,32.55,117,138.5
8916,光隆,60,50.4,48.5,47.65,45.55,48,44.65,43.8,43.95
8917,欣泰,49,50.5,49,49.3,48.75,47.7,49.8,48.05,47.2
8921,沈氏,,,,,,,,,
8923,時報,16.8,17.8,17.55,16.75,16.95,17.35,16.8,15.15,14.45
8924,大田,18.05,16.65,14,14.9,12.85,12.45,12.35,33.35,35.2
8925,,,,,,,,,,
8926,台汽電,23.15,24.15,24.85,23.2,22.3,23.45,23.5,23.3,26.75
8927,北基,9.82,9.66,9.72,9.5,9.72,9.64,9.2,11.4,11.3
8928,鉅明,39.9,37.7,33.7,31.9,25.4,21.15,21.1,28,23.8
8929,富堡,22.3,22.5,24,22.8,29.65,39.95,56.2,39.05,43
8930,青鋼,8.95,9.4,8.99,10.85,12.7,14.8,14.65,14.1,14.4
8931,大汽電,21,22.4,23.7,19.05,21.7,21.35,22.3,21.65,20.8
8932,宏大,9.85,9.7,8.93,9.4,8.3,8.19,7.93,7.59,8.43
8933,愛地雅,14.85,14.65,12.4,11.45,11.15,11.6,10.45,10.9,14.5
8934,衡平,39.55,39,40.7,26,31.35,46.8,50.4,37.65,32
8935,邦泰,6.34,6.26,7.17,6.88,5.5,5.85,5.4,7.47,8.12
8936,國統,35.35,28.6,22.25,21.15,17.8,21.4,21.6,18.05,19
8937,合騏,12.3,12.25,11.3,11,10.65,11.5,11.8,12.1,14.65
8938,明安,19.9,21.05,20.15,20.9,25.05,28.7,31.6,42.4,35.5
8940,新天地,16,15,15.55,15.4,14.35,14.35,14,14.1,13.65
8941,關中,87.1,86,81.1,69.7,66.7,59.3,69.3,68.7,68.3
8942,森鉅,90,87.3,80.8,83.8,79,72.1,70.5,68.6,65
8996,高力,42.1,56.8,63.9,59.5,55.8,51.8,48,43.65,38.6
910069,新曄(下市),,,,,,,,,
9103,美德醫療-DR,,,,,,,,,
910322,康師傅-DR,,,,,,,,,
910482,聖馬丁-DR,,,,,,,,,
9105,泰金寶-DR,3.23,,,,,,,,
9106,新焦點(下市),,,,,,,,,
910708,琱j健-DR,,,,,,,,,
910801,金衛-DR(下市),5.18,,,,,,,,
910861,神州-DR,,,,,,,,,
9110,越南控-DR,,,,,,,,,
911608,明輝-DR,4.18,,,,,,,,
911609,揚子江(下市),,,,,,,,,
911611,中泰山(下市),,,,,,,,,
911612,滬安電力(下市),,,,,,,,,
911613,特藝-DR,6.86,,,,,,,,
911616,杜康-DR,2.45,,,,,,,,
911619,耀傑-DR,1.33,,,,,,,,
911622,泰聚亨-DR,12.5,,,,,,,,
911626,MSH-DR(下市),,,,,,,,,
911868,同方友友-DR,,,,,,,,,
912000,晨訊科-DR,,,,,,,,,
912398,友佳-DR,,,,,,,,,
9136,巨騰-DR,15.6,,,,,,,,
913889,大成糖(下市),,,,,,,,,
9157,陽光能源-DR,,,,,,,,,
9188,精熙-DR,,,,,,,,,
9802,鈺齊-KY,53.3,57.7,61.5,60.2,64.5,66.8,83.6,74.4,71
9902,台火,10.1,10.4,9.36,9.39,9.6,10.5,9.88,10.2,10.6
9904,寶成,43.1,41,43.05,44.1,40.2,42,42.1,38,38.55
9905,大華,28.3,27.75,25.9,23.15,23.9,26.1,27.2,24.95,25.15
9906,欣巴巴,13.8,15.65,23,17.3,20.75,20.5,22.4,19.3,16
9907,統一實,15.8,15,14.35,13.95,13.85,15.7,14.65,13.8,13.95
9908,大台北,23.5,23.2,24,23.9,24.3,25,25.55,25.25,26.7
9910,豐泰,168,171,133,139,120.5,121,134.5,138,135.5
9911,櫻花,18.3,19.45,27.65,33.05,33.25,36.15,36.3,38.9,37.65
9912,偉聯,8.65,8.99,7.83,7.91,7.82,7.72,7.76,7.7,8.02
9914,美利達,177,142.5,135.5,148,144,160.5,163,135.5,125
9917,中保,97.5,93,93,91.1,88.6,90,91.7,89,91.6
9918,欣天然,32.9,31.3,33,31.8,31.85,32.05,32.5,32,32.2
9919,康那香,11.9,11.7,10.6,11.05,10.75,10.95,11,11.15,12.6
9921,巨大,219,186,200,221,183,179.5,174,143,163.5
9924,福興,43.6,44.9,51.4,42.05,41.8,41.95,42.2,39,37.6
9925,新保,39.75,40.05,40.45,40.15,39.9,,39.6,38.9,38.65
9926,新海,41.9,40.45,42.85,41.5,41.5,41.3,40.1,40.2,40.65
9927,泰銘,27.95,30.15,30.15,31.6,34.05,38.2,39.5,37.4,39.2
9928,中視,9.43,8.5,5.61,5.49,5.12,8.64,6.08,5.89,5.1
9929,秋雨,14.15,12.9,10.6,11.4,11.4,11,11.2,10.7,11.6
9930,中聯資源,59.8,64.7,57.9,55.5,52.9,55.4,55.3,52.9,59
9931,欣高,31.4,30.7,32.35,31.7,31.5,30.95,31.7,30.75,31.3
9933,中鼎,35.85,42.3,47,45.9,48.7,53,51.8,48.85,45.15
9934,成霖,14.65,15.4,14.35,16.3,16.25,16.55,19.35,18.55,22.1
9935,慶豐富,12.25,10.4,10.45,9.95,8.99,9.08,9.38,30.4,25.15
9937,全國,,,,,,,,,
9938,百和,72.8,96.4,86,112,95.4,104,114.5,138.5,121
9939,宏全,47.2,46.75,47.95,48.85,52.7,58.8,60.7,54.9,57.5
9940,信義,27.4,27.45,29.05,28.45,32.15,35,32.1,32.4,38.9
9941,裕融,73.6,74.2,73.9,71.3,77.2,87.9,108.5,101,110
9942,茂順,70.7,82,80.6,85.3,84.3,80.5,81.2,82.5,90
9943,好樂迪,53.5,56.1,54.1,49.1,51.2,53.7,51.4,50.2,52.5
9944,新麗,27.25,23.8,20.3,24.45,20.9,21.6,19.4,18.8,19.6
9945,潤泰新,42.85,40.75,37.45,38.15,36.8,36.35,34.3,28.05,31.95
9946,三發地產,13.4,15,13.5,11.6,10.6,12.45,12.3,10.85,12.75
9949,琉園,14,12.95,10.9,13.85,11.1,11.5,10.95,10.95,11.25
9950,萬國通,19.45,19.4,18.25,17.6,14.85,14.4,13.5,13.9,13.6
9951,皇田,167,169,163.5,207,192,173,180,171.5,175.5
9955,佳龍,12.55,13.35,13.35,17.4,15.8,16.05,13.9,14.1,15.1
9958,世紀鋼,10,10.5,9.92,9.96,9.64,9.69,9.42,15.8,21.2
9960,邁達康,19.1,22.8,22.4,29.5,41.55,27,34.6,33.2,36.9
9962,有益,7.08,,,,,,,,
