1101,台泥,29.26,29.17,27.72,28.49,28.92,25.38,25,26.43,32.11
1102,亞泥,40.43,37.9,36.48,36.16,36.49,36.06,35.81,37.57,37.91
1103,嘉泥,15.93,15.89,15.09,18.26,18.2,19.34,21.61,21.87,22.6
1104,環泥,25.23,25.55,25.27,25.34,25.63,24.89,24.39,24.69,26.07
1108,幸福,11.89,12.13,11.53,11.72,11.79,11.81,11.21,11.19,10.88
1109,信大,14.31,14.28,14.11,14.13,14.27,14.94,15.24,15.09,15.73
1110,東泥,15.04,15.35,15.03,14.98,14.87,15.04,14.92,14.87,14.93
1201,味全,11.51,11.17,10.39,10.1,9.26,8.94,9.06,9.21,10.22
1203,味王,17.63,17.93,17.4,17.71,18.26,18.36,17.96,18.61,18.93
1210,大成,18.51,19.17,18.98,19.58,20.05,20.47,19.76,20.76,21.73
1213,大飲,13.18,12.08,12.21,12.33,12.26,12.36,12.26,12.47,12.3
1215,卜蜂,18.87,21.15,21.17,22.83,23.9,24.82,22.48,24.23,24.92
1216,統一,16.95,17.64,16.14,16.53,16.61,16.84,15.75,16.87,21.13
1217,愛之味,11.08,10.71,10.55,10.48,10.82,10.64,10.63,10.76,10.95
1218,泰山,9.64,9.79,10,10.39,9.82,6.96,6.95,7.52,7.63
1219,福壽,11.94,12.07,11.95,12.06,12.09,12.07,11.76,11.86,12.12
1220,台榮,12.15,12.29,12.1,12.43,12.62,12.76,12.25,12.41,12.52
1225,福懋油,14.35,14.68,14.03,14.33,14.8,15,14.14,14.6,14.61
1227,佳格,16.79,15.99,14.85,15.48,16.16,15.81,14.65,15.45,16.16
1229,聯華,22.7,22.67,22.21,24.11,24.19,23.67,23.74,25.07,26.37
1231,聯華食,18.88,19.07,18.25,18.96,19.65,19.17,17.96,18.81,19.44
1232,大統益,22.9,23.99,20.68,21.86,23.5,24.56,20.82,22.29,23.57
1233,天仁,16,16.25,14.71,14.82,15.67,15.7,14.79,15.36,16.53
1234,黑松,43.34,43.53,43.66,44.21,44.38,44.54,42.74,43.52,43.7
1235,興泰,23.61,29.11,36.67,48.2,45.56,51.44,54.56,66.57,68.51
1236,宏亞,17.9,17.8,17.33,17.24,16.94,16.76,15.96,16.04,16.23
1256,鮮活果汁-KY,32.11,33.38,31.21,33.64,33.86,29.9,29.79,47.34,48.4
1258,其祥-KY,21.17,22.92,22.26,22.95,23.01,22.78,22.83,23.4,23.25
1259,安心,49.5,50.51,49.72,51.18,51.63,52.82,51.41,53.07,53.59
1262,綠悅-KY,68.01,69.61,66.08,66.69,69.59,62.73,65.1,66.63,66.58
1264,德麥,64.68,68.08,60.3,63.45,66.97,63.5,57.88,61.44,64.88
1301,台塑,45.15,46.38,43.35,44.91,49.18,49.83,47.9,52.73,54.2
1303,南亞,40.89,41.65,38.78,39.48,42.68,43.32,40.35,42.93,44.84
1304,台聚,14.9,15.2,15.06,15.23,15.51,15.32,15.09,15.4,15.55
1305,華夏,13.83,13.91,13.75,14.33,15.44,15.7,14.57,15.14,15.87
1307,三芳,21.92,21.91,20.88,21.18,22.38,22.07,20.59,21.06,21.07
1308,亞聚,17.92,17.91,17.58,18.21,18.88,18.62,18.24,18.54,18.95
1309,台達化,10.3,10.41,10.27,10.11,10.31,10.42,10.28,11.11,11.92
1310,台苯,11.74,12.51,11.71,12.5,13.61,14.95,12.82,13.46,13.81
1312,國喬,17.93,18.41,17.86,18.6,19.69,20.15,19.49,21.03,22.36
1313,聯成,15.37,15.29,14.9,15.28,15.72,15.19,15.6,16.76,17.73
1314,中石化,22.86,22.51,22.11,22.08,21.9,20.78,22.02,23.1,24.68
1315,達新,34.93,36.22,34.09,35.13,36.73,36.72,36.23,36.96,36.93
1316,上曜,7.09,6.89,6.76,6.57,6.61,9.13,8.99,9.45,13.81
1319,東陽,30.64,31.52,30.74,31.38,32.47,32.69,31.79,32.94,34.46
1321,大洋,21.84,21.83,21.85,21.94,21.42,21.03,20.91,21.35,21.04
1323,永裕,18.91,19.4,18.33,18.85,19.22,19.08,18.16,19.17,19.83
1324,地球,13.16,13.38,13.17,13.2,13.32,14.17,13.64,13.67,13.66
1325,恆大,18.51,22.15,21.62,21.64,20.25,20.08,19.49,19.71,19.88
1326,台化,48.25,49.85,47.58,50.03,54.59,56.16,52.92,58.57,61.02
1333,恩得利,4.61,7.23,6.92,6.6,6.23,4.59,4.21,3.83,4.01
1336,台翰,22.14,21.34,20.21,18.94,18.79,13.72,14.17,18.82,19.2
1337,再生-KY,39.7,39.02,38.36,37.59,37.1,35.37,36.25,36.95,37.1
1338,廣華-KY,77.19,78.28,73.21,72.51,74.5,72.77,72.1,75.61,77.72
1339,昭輝,39.7,40.28,38.78,38.8,40.87,40.22,39.99,41.79,42.84
1340,勝悅-KY,49.15,50.41,50.44,51,51.8,45.66,47.33,50.24,52.12
1402,遠東新,36.85,36.53,35.56,35.47,35.66,35.55,35.17,35.87,36.31
1409,新纖,15.17,15.29,15.4,15.48,15.83,16.03,16.12,16.43,16.92
1410,南染,16.53,16.92,16.08,16.39,16.84,17.1,16.05,16.38,16.74
1413,宏洲,6.37,6.34,6.23,6.05,5.89,,,,
1414,東和,,,,,,,,,
1416,廣豐,19.09,26.19,27.58,24.97,24.33,30.44,27.04,25.48,25.65
1417,嘉裕,11.16,11.06,10.74,10.42,10.21,9.88,9.77,9.7,9.27
1418,東華,3.84,3.64,3.4,2.86,2.3,4.38,2.82,1.33,1.55
1419,新紡,23.99,23.76,23.55,24.2,26.02,26.05,25.8,26.14,30.67
1423,利華,,,,,,,,,
1432,大魯閣,13.59,13.52,13.67,12.63,12.23,11.93,11.45,10.98,11.52
1434,福懋,31.28,34.51,32.4,34.86,39.62,38.13,38.1,39.18,41.18
1435,中福,6.74,6.69,6.69,6.69,6.69,6.68,6.71,6.75,6.7
1436,華友聯,32.45,29.21,29.72,29.97,30.07,30.52,30.28,31.05,32.28
1437,勤益控,23.31,23.47,24.91,25.15,25.37,26.57,26.4,26.67,27.72
1438,裕豐,,,,,,,,,
1439,中和,,,,,,,,,
1440,南紡,15.59,15.52,15.06,15.03,15.11,15.11,14.99,14.97,15.07
1441,大東,8.75,8.36,7.59,6.71,6.25,6.46,6.1,5.7,7.63
1442,名軒,20.35,18.49,18.03,19.59,19.63,18.36,18.04,18.35,18.75
1443,立益,8.88,8.22,8.13,7.91,8.04,7.62,7.24,7.01,6.39
1444,力麗,11.76,11.76,11.22,11.03,11.21,11.07,11.11,11.36,11.47
1445,大宇,13.99,14.08,13.7,13.79,13.75,13.74,13.42,13.5,13.44
1446,宏和,12.99,12.95,12.71,12.91,13.06,12.81,12.35,12.37,12.28
1447,力鵬,10.93,10.72,10.64,10.41,10.63,10.47,10.28,10.64,10.97
1449,佳和,7.21,6.34,5.67,5.48,5.5,5.38,5.04,5.33,5.97
1451,年興,24.89,25.48,24.41,24.24,24.64,49.5,46.5,36.35,36.63
1452,宏益,18.52,18.82,17.33,17.78,18.21,18.66,17.85,18.23,18.56
1453,大將,11.3,11.15,11.11,11.12,11.04,11.02,11.01,11.01,10.87
1454,台富,12,12.12,11.83,11.9,11.73,11.79,11.49,11.46,11.42
1455,集盛,12.22,12.24,12.13,12.17,12.39,12.74,12.1,12.38,12.69
1456,怡華,5.15,11.34,11.23,11.26,,,,,
1457,宜進,11.9,12,11.53,11.51,11.44,11.71,11.31,11.98,13.01
1459,聯發,9.48,9.51,8.91,8.95,9.13,8.95,9.28,9.44,9.64
1460,宏遠,10.21,10.43,9.83,9.98,10.32,9.88,9.67,9.82,9.91
1463,強盛,11.26,11.36,10.87,11.07,14.16,15.87,13.36,14.58,14.55
1464,得力,15.28,13.91,14.71,14.98,15.41,12.47,11.22,14.61,14.79
1465,偉全,17.63,17.67,17.64,16.55,16.99,16.44,16.54,16.02,15.87
1466,聚隆,16.67,16.25,16.05,15.93,15.77,15.94,15.79,15.55,15.65
1467,南緯,10.51,10.46,10.37,10.43,10.89,9.94,10,10.01,10.02
1468,昶和,7.06,7.04,7.07,6.85,6.76,6.63,6.61,6.35,6.14
1469,理隆,14.53,14.05,14.7,14.95,14.59,13.43,13.96,13.9,13.87
1470,大統染,,,,10.9,11.05,,,10.86,11.02
1471,首利,11.34,10.62,10.07,9.45,8.7,7.89,7.39,7.07,6.46
1472,三洋紡,5.05,6.18,5.31,5.22,5.3,9,9.12,8.15,8.72
1473,台南,27.32,27.02,27.1,27.31,27.39,26.82,25.66,26.3,25.92
1474,弘裕,14.11,14.31,13.98,14.07,14.28,14.31,13.96,14.22,14.46
1475,本盟,7.58,7.42,7.17,6.83,5.76,18.18,17.22,16.42,6.55
1476,儒鴻,45.11,55.48,47.95,50.69,56.12,55.14,47.77,51.05,54.93
1477,聚陽,45.59,46.48,38.74,40.35,41.58,41.64,36.13,39.07,40.15
1503,士電,41.14,41.57,40.5,40.95,41.02,41.36,40.84,41.75,42.08
1504,東元,23.7,24.72,24.25,24.86,24.83,25.06,25.31,25.69,25.88
1506,正道,10.27,10.48,10.37,10.13,10.02,10.03,10.17,10.11,10.02
1507,永大,29.3,30.13,27.84,28.17,28.56,28.28,27.11,28.04,28.2
1512,瑞利,8.11,7.89,7.41,6.82,6.69,5.83,5.37,4.08,3.46
1513,中興電,17.54,17.83,17.08,17.37,17.42,17.44,16.73,17.22,17.31
1514,亞力,13.27,13.68,13.26,13.31,13.3,13.3,12.96,13.15,13.37
1515,力山,13.31,13.18,12.54,12.78,12.71,12.46,12.29,13.11,13.48
1516,川飛,,,,,,,,,
1517,利奇,15.61,15.61,15,14.89,14.71,14.18,14.09,14.39,14.29
1519,華城,12.08,12.02,12.01,12.5,12.46,12.59,11.99,11.94,11.93
1521,大億,23.46,25.44,21.84,22.72,24.32,25.89,22.42,24.04,25.39
1522,堤維西,18.94,19.59,18.82,19.38,20.17,20.91,19.47,20.04,20.11
1524,耿鼎,10.47,10.73,11.05,11.17,11.72,11.76,11.51,11.83,12.02
1525,江申,48.95,47.71,46.94,47.29,48.39,48.04,48.46,51.12,52.96
1526,日馳,12.06,12.27,12.6,12.63,13.35,12.71,13.2,14.71,15.19
1527,鑽全,,,,,,,,,
1528,恩德,12.56,12.69,12.72,12.61,12.77,12.44,12.28,12.82,12.78
1529,樂士,0.95,1.01,0.97,0.95,0.78,1.01,1.03,1.03,1.09
1530,亞崴,28.48,27.32,27.14,27.12,27.57,26.99,27.07,27.84,28.63
1531,高林股,20.48,20.38,19.8,19.55,19.75,19.39,19.34,19.73,19.95
1532,勤美,31.9,32.25,30.21,30.57,31.12,30.69,29.74,30.12,30.23
1533,車王電,24.12,22.74,22.4,22.22,22.78,21.77,22.16,22.58,22.94
1535,中宇,28.25,28.59,25.88,26.06,25.92,25.33,23.87,24.42,24.76
1536,和大,16.25,17.46,15.54,16.46,17.67,25.46,23.4,24.62,25.77
1537,廣隆,40.87,42.63,38.15,40.14,44.07,45.02,39.36,41.85,44.33
1538,正峰新,8.97,8.93,8.42,8.05,7.06,6.99,5.68,5.3,5.1
1539,巨庭,15.15,16.04,15.5,15.76,16.89,16.49,16.01,16.53,16.86
1540,喬福,15.95,16.1,15.18,15.25,16.47,16.16,15.53,15.98,16
1541,錩泰,15.13,16.22,14.12,14.75,16.22,16.04,13.31,14.02,14.5
1558,伸興,71.65,72.86,67.28,71.18,75.13,73.07,67.9,70.31,72.4
1560,中砂,,,,,,,,,
1565,精華,91.15,99.22,84.45,93.22,102.73,107.44,89.44,99.29,106.98
1566,捷邦,19.23,15.69,14.33,14.12,14.58,17.4,17.18,17.68,18.07
1568,倉佑,14.64,14.97,14.29,14.27,14.91,14.94,14.44,14.87,15.44
1569,濱川,21.03,19.84,19.74,19.57,21.09,19.81,20.44,21.67,22.45
1570,力肯,11.83,12.11,11.69,11.88,12.51,12.65,12.53,13.28,13.47
1580,新麥,37,38.01,33.31,35.91,38.81,38.7,33.46,37.48,40.99
1582,信錦,37.4,36.98,33.18,33.73,36.38,34.72,32.53,35,36.19
1583,程泰,37.27,34.28,34.04,34.05,35.08,34.43,34.58,36.15,37.24
1584,精剛,,15.53,15.62,13.25,13.27,12.51,12.19,12.09,11.65
1586,和勤,22.03,15.49,14.67,14.71,18.93,17.07,17.34,18.62,19.75
1589,永冠-KY,89.34,90.45,82.74,81.21,82.27,77.6,78.04,79.98,79.32
1590,亞德客-KY,57.31,59.5,57.25,58.5,59.44,57.08,58.19,80,84.4
1591,駿吉-KY,11.01,12.5,12.64,12.06,12.02,10.67,10.73,10.92,11.11
1592,英瑞-KY,30.18,30.91,30.55,30.68,31.2,30.37,29.46,30.64,31.01
1593,祺驊,26.68,26.58,24.35,24.96,26.12,25.09,23.09,24.51,25.63
1595,川寶,48.74,46.73,44.58,44.9,44.37,38.88,38.67,39.23,51.23
1597,直得,22.29,21.56,21.55,21.59,21.91,21.9,21.98,23.33,24.68
1599,宏佳騰,29.32,27.16,24.57,26.34,26.76,22.84,21.42,22.3,22.94
1603,華電,19.31,27.97,27.51,25.07,24.95,25.54,25.4,26.03,26.46
1604,聲寶,14.04,15.16,14.13,14.4,14.17,14.03,13.14,13.3,13.04
1605,華新,17.25,18.43,18.16,18.19,18.66,18.83,18.65,20.48,20.95
1608,華榮,10.88,10.65,10.64,10.58,10.87,11.37,11.56,11.37,11.42
1609,大亞,11.34,10.9,10.95,11.1,11.17,11.08,11.18,11.62,11.7
1611,中電,13.05,13.01,12.85,12.66,10.6,10.64,10.52,10.25,12.41
1612,宏泰,13.8,14.05,13.87,14.1,14.23,14.41,14.36,14.63,14.84
1613,台一(下市),5.68,5.69,5.29,4.91,,,,,
1614,三洋電,18.8,19.09,18.79,19.14,19.21,19.34,18.53,18.81,19
1615,大山,13.05,12.97,12.94,13.21,13.53,13.59,13.5,13.87,14.24
1616,億泰,9.07,8.97,9.09,9.1,8.98,8.68,8.76,8.55,8.13
1617,榮星,11.24,11.26,10.86,10.85,10.97,10.74,10.73,11.23,11.5
1618,合機,16.58,16.62,16.44,16.64,16.5,16.5,16.51,16.68,16.96
1626,艾美特-KY,22.72,22.67,23.66,22.01,21.88,21,21.56,21.2,21.03
1701,中化,18.25,18.56,18.23,18.34,18.29,18.5,18.1,18.53,18.66
1702,南僑,18.7,19.64,18.22,18.57,18.94,18.31,17.21,18.3,19.44
1704,榮化,28.74,29.25,28.92,29.43,31.18,30.97,29.68,30.9,31.67
1707,葡萄王,26.71,27.89,24.69,31.29,35.61,36.63,32.69,35.16,38.43
1708,東鹼,26.91,25.86,26.07,26.34,27.82,26.13,26.36,26.9,27.42
1709,和益,15.23,15.12,14.63,15.18,15.86,14.85,14.35,14.74,15.07
1710,東聯,16.97,16.76,15.77,15.24,15.21,15.52,15.4,16.39,16.72
1711,永光,14.66,14.17,14.12,14.18,13.98,14.09,13.77,13.94,14.1
1712,興農,15.34,15.23,15,15.17,16.11,14.4,14.48,15.58,15.99
1713,國化,,,,,,,,,
1714,和桐,11.71,11.34,11.34,11.1,11.21,10.59,10.75,10.99,10.96
1715,萬洲化學(下市),,,,,,,,,
1717,長興,21.39,20.25,18.98,18.9,18.74,17.3,16.52,17.2,17.69
1718,中纖,15.07,14.2,14,13.97,14,13.98,14.02,14.42,14.64
1720,生達,19.84,20.4,19.43,20.22,20.81,20.92,20.02,20.64,20.55
1721,三晃,14.23,10.21,10.53,10.62,10.97,11.02,10.27,10.53,10.57
1722,台肥,54.05,53.46,51.67,51.59,51.21,51.21,49.61,49.97,50.09
1723,中碳,27.18,28.85,25.02,26.22,27.44,28.41,24.97,26.27,27.53
1724,台硝,15.48,15.8,15.16,15.4,15.7,15.71,14.92,15.06,15.37
1725,元禎,13.37,13.62,13.38,14.04,14.56,15.05,14.97,15.5,16.08
1726,永記,49,50.43,48.08,49.18,51.15,51.44,48.97,50.06,51.08
1727,中華化,12.84,12.98,12.66,12.84,13.13,13.18,12.76,13.04,13.34
1729,必翔實業(下市),,,,,,,,,
1730,花仙子,18.43,19.82,18.32,18.91,19.66,19.39,18.48,20.08,20.83
1731,美吾華,13.02,13.14,12.57,12.78,12.99,13.14,12.75,13.15,13.22
1732,毛寶,10.42,10.35,10.21,10.03,9.8,9.64,9.67,9.75,9.88
1733,五鼎,19.43,20.05,18.64,18.66,17.37,16.96,16.04,16.24,16.69
1734,杏輝,19.96,19,18.63,18.34,18.44,18.16,18.11,18.3,18.34
1735,日勝化,14.79,14.87,14.13,14.16,14.39,14.14,13.73,14.01,14.22
1736,喬山,29.29,28.89,27.45,26.93,28.29,26.32,25.38,26.08,26.85
1737,臺鹽,29.31,29.68,29.17,29.66,29.93,30.28,29.34,29.89,30.09
1742,台蠟,9.83,8.56,8.38,8.43,7.76,7.82,7.83,7.85,7.93
1752,南光,19.88,20.41,19.81,20.29,21.02,21.67,20.42,20.75,21.22
1762,中化生,23.66,23.85,22.29,22.45,22.82,22.71,22.04,22.78,23.46
1773,勝一,26.76,27.8,26.03,27.22,28.34,29.35,26.88,28.49,30.02
1777,生泰,,,,,,,,,
1781,合世,11.63,10.96,10.39,10.06,9.69,9,8.76,8.64,8.29
1783,和康生,10.53,10.08,9.91,9.88,9.92,10.97,11.1,11.2,11.25
1784,訊聯,22.96,23,22.85,22.78,22.7,22.66,22.54,22.48,22.49
1785,光洋科,10.95,8.69,10,9.76,9.37,9.4,9.58,9.68,11.09
1786,科妍,17.73,17.72,17.25,16.36,16.71,16.66,16.68,16.69,17.09
1787,福盈科,14.8,15.34,14.49,14.66,15.17,16.19,15.1,15.67,16.14
1788,杏昌,43.6,45.01,41.11,42.57,44.44,46.02,42.84,44.4,46.43
1789,神隆,13.48,13.19,13.1,13.28,13.45,13.1,12.94,13.09,13.17
1795,美時,32.72,33.03,32.91,32.95,31.17,31.37,30.29,30.56,30.55
1799,易威,13.36,10.52,9.88,9.08,11.21,9.04,8.51,7.73,9.65
1802,台玻,17.49,14.78,14.24,15.47,15.16,14.53,14.94,15.41,15.83
1805,寶徠,11.18,10.69,9.86,9.65,9.28,9.07,8.78,8.57,9.25
1806,冠軍,16.85,16.63,16.73,16.45,16.46,15.92,16.14,16.35,16.13
1808,潤隆,,,,,,,,,
1809,中釉,18.85,21.54,21.41,19.83,19.78,19,18.98,19.14,18.95
1810,和成,14.95,14.75,14.35,15.2,15.17,14.99,15.16,15.38,15.53
1813,寶利徠,21.9,22.3,20.75,20.9,21.06,20.84,20.05,20.11,19.81
1815,富喬,16.34,16.46,16.16,16.52,16.65,16.73,16.67,17.22,17.35
1817,凱撒衛,20.57,21.07,19.92,20.52,21.79,21.65,20.4,21.31,22.16
1902,台紙,14.97,14.85,14.9,14.88,14.12,13.66,14.17,14.03,14.2
1903,士紙,12.33,12.15,11.79,11.53,11.41,11.37,11.13,11.25,11.1
1904,正隆,17.79,17.9,17.56,17.65,17.68,17.78,17.49,17.69,17.99
1905,華紙,14.97,14.91,14.3,14.2,14.25,14.09,13.9,14.07,14.23
1906,寶隆,15.61,17.81,22.04,20.98,27.56,40.96,52.66,69.92,64.81
1907,永豐餘,21.41,20.97,20.36,19.82,19.38,18.41,18.73,19.29,20.01
1909,榮成,17.26,14.87,14.75,14.42,18.36,19.52,20.4,23.92,24.24
2002,中鋼,18.66,18.67,18.49,18.92,19.18,19.31,18.79,19.03,19.27
2006,東和鋼鐵,23.03,23.38,22.89,23.37,23.5,23.79,23.14,23.37,23.86
2007,燁興,5.85,5.79,5.72,5.55,5.41,6.38,6.22,6.12,6.07
2008,高興昌,,,,,,,,,
2009,第一銅,,,,,,,,,
2010,春源,16.34,16.54,16.24,16.31,16.46,16.52,15.92,16.05,16.24
2012,春雨,12.22,12.2,11.7,11.82,11.98,11.97,11.65,11.78,12.15
2013,中鋼構,21.87,21.62,21.08,21.21,21.3,21.3,21.12,21.05,20.9
2014,中鴻,4.62,5.07,5.43,6.08,6.56,7.12,7.28,7.55,8.31
2015,豐興,28.01,28.92,27.2,28.05,28.51,29.76,27.82,28.71,30.27
2017,官田鋼,11.18,11.09,11.51,11.61,11.72,12.21,11.95,12.13,12.38
2020,美亞,10.86,11.95,12.17,12.41,12.97,13.94,13.65,13.73,13.74
2022,聚亨,7.92,7.96,8.1,8.05,7.79,7.52,7.41,7.46,7.64
2023,燁輝,15.07,15.09,15.56,15.68,16.03,15.26,15.11,15.27,15.29
2024,志聯,11.04,,,,,,,,
2025,千興,3.55,3.44,3.45,3.6,3.78,3.95,3.57,3.71,4.25
2027,大成鋼,14.03,12.98,12.72,13.1,13.92,11.49,11.6,11.84,13.72
2028,威致,,,,,,,,,
2029,盛餘,23.95,24.63,26.38,27.39,28.24,29.34,27.44,27.67,28.23
2030,彰源,11.31,11.32,11.09,11,11.45,11.72,11.89,12.22,12.85
2031,新光鋼,14.99,15.65,15.14,16.22,18.54,19.78,18.38,19.1,20.48
2032,新鋼,,,,,,,,,
2033,佳大,,,,,,,,,
2034,允強,19.05,17.68,17.28,17.75,18.37,18.92,17.61,18.17,18.57
2035,唐榮,15.8,15.62,16.5,16.87,17.17,,,,
2038,海光,14.78,14.79,14.79,16.89,19.04,20.23,18.47,18.55,20.65
2049,上銀,50.67,50.06,48.93,49.84,51.33,50.64,51.94,55.31,58.15
2059,川湖,84.67,87.52,80.56,83.72,90.87,91.96,85.25,88.76,92.12
2061,風青,10.01,10.01,9.83,9.86,10.08,10.29,10.17,10.39,10.56
2062,橋椿,31.44,32.47,31.74,32.24,33.58,33.01,32.46,32.79,32.8
2063,世鎧,14.14,13.95,13.54,13.99,13.97,14.41,13.93,14.81,15.37
2064,晉椿,20.53,20.81,20.2,20.03,20.8,20.37,19.32,19.53,19.68
2066,世德,,,,,,,,,
2067,嘉鋼,12.9,10.34,10.68,9.8,11.63,8.48,8.12,8.33,10.39
2101,南港,14.29,14.4,14.37,13.81,13.77,13.39,12.69,12.95,13.07
2102,泰豐,21.92,21.62,21.29,20.89,20.81,19.25,19.3,19.16,19.11
2103,台橡,19.67,19.61,18.81,18.53,18.58,18.26,17.31,17.56,18.02
2104,中橡,28.43,29.38,28.59,29.69,30.84,29.59,29.39,30.14,31.15
2105,正新,27.51,28.6,26.33,26.58,26.99,26.59,24.48,25.05,25.36
2106,建大,25.3,25.13,23.62,23.61,24.63,23.38,21.78,22.14,21.96
2107,厚生,24.4,27.46,26.43,25.52,25.79,29.37,28.76,28.01,28.52
2108,南帝,16.3,15.96,14.53,14.54,14.8,14.09,13.52,14.04,14.75
2109,華豐,12.38,12.23,12.14,12.08,11.93,11.64,11.53,11.51,8.51
2114,鑫永銓,32.94,34.11,30.52,31.52,33.1,33.34,29.62,31.28,33.11
2115,六暉-KY,27.65,28.15,26.44,26.62,27.44,24.52,25.03,26,26.8
2201,裕隆,45.44,45.72,45.02,45.03,44.32,44.31,44.21,44.93,44.78
2204,中華,35.77,36.49,35.58,36.03,35.71,36.27,35.55,36.37,36.81
2206,三陽工業,18.96,18.85,17.79,17.17,16.82,16.5,15.55,15.36,14.89
2207,和泰車,72.07,76.89,70.15,74.51,78.92,84.31,76.62,81.09,85.42
2208,台船,18.58,18.63,18.11,16.97,16.38,14.37,12.81,9.93,8.52
2221,大甲,14.55,14.7,13.91,14.4,15.51,15.89,15.08,15.68,16.4
2227,裕日車,73.18,75.86,66.72,67.6,71.85,73.72,58.98,65.16,70.65
2228,劍麟,44.36,46.71,44.17,46.68,48.32,48.59,45.69,47.81,49.45
2230,泰茂,13.51,13.49,12.62,12.44,12.6,11.96,12.08,12.06,12
2231,為升,30.03,30.37,25.37,27.98,31.21,29.6,24.97,28.01,30.36
2233,宇隆,44.55,45.24,43.07,43.68,46.3,46.52,44.09,46.82,49
2235,謚源,,,,,,,,,
2301,光寶科,32.54,32.67,30.91,31.46,32.3,31.86,30.14,29.02,29.99
2302,麗正,10.33,10.33,10.24,10.09,10.1,9.69,9.69,9.74,9.76
2303,聯電,17.78,17.94,17.24,17.22,17.16,17.09,16.81,16.9,16.88
2305,全友,9,8.91,8.72,8.44,8.45,8.05,8.13,11.05,10.94
2308,台達電,47.88,48.45,44.61,45.49,47.78,47.27,44.25,46.57,47.95
2311,日月光,19.82,19.84,18.7,18.92,19.82,18.9,19.12,21.22,21.87
2312,金寶,11.45,11.61,11.33,11.36,11.21,11.24,11.2,11.69,11.6
2313,華通,17.44,17.51,16.28,16.36,16.99,16.78,16.81,18.12,19.18
2314,台揚,5.02,9.56,9.61,9.55,10.91,10.37,11.2,11.43,12.15
2316,楠梓電,33.15,33.29,28.42,27.74,28.06,33.6,34.08,31.37,31.41
2317,鴻海,64.43,59.22,56.22,57.28,62.25,64.18,61.18,61.75,62.57
2321,東訊,0.14,0.3,0.31,0.46,0.42,0.44,0.57,0.51,0.45
2323,中環,11.44,12.24,11.97,11.63,10.96,10.89,10.9,10.69,10.42
2324,仁寶,23.21,23.66,22.87,22.96,23.91,23.36,22.4,22.85,23.05
2325,矽品,22.65,23.23,20.18,20.63,21.24,21.63,20.86,21.62,21.92
2327,國巨,38.66,49.09,44.07,41.51,44.31,67.36,71.62,78.95,89.11
2328,廣宇,18.96,18.91,19.49,19.08,19.77,19.38,19.94,20.23,20.28
2329,華泰,7.47,7.73,7.98,8.06,8.05,7.75,7.6,7.48,7.02
2330,台積電,47.11,49.36,46.14,49.48,53.58,56.13,51.74,55.18,58.7
2331,精英,25.76,25.75,20.4,20.77,21.19,20.63,21.04,21.31,20.82
2332,友訊,15.71,16.03,15.07,14.34,14.57,13.98,13.58,13.91,13.81
2337,旺宏,5.09,4.84,4.62,4.86,5.07,10.31,10.74,12.02,13.66
2338,光罩,12.79,12.58,12.22,12.06,11.85,12.23,12.49,11.25,9.52
2340,光磊,14.13,14.38,13.78,14.24,14.5,18.38,17.32,15.4,16.36
2342,茂矽,2.4,2.13,2.06,2.07,2.02,6.31,6.35,6.43,10.97
2344,華邦電,10.87,11.23,11.39,11.89,12.27,11.54,11.29,12.26,15.13
2345,智邦,15.22,15.54,14.4,15.19,16.16,16.68,14.91,16.3,17.44
2347,聯強,26.96,26.1,24.9,24.69,25.52,24.56,24.88,26.21,27.08
2348,海悅,12.72,12.78,12.81,12.84,12.84,13.06,13.66,14.19,14.98
2349,錸德,5.98,8.52,8.19,7.96,7.42,6.98,6.82,6.59,5.9
2351,順德,26.62,27.38,26.2,26.99,28.02,28.41,27.06,28.36,29.36
2352,佳世達,13.87,13.95,13.75,14.14,15,15.03,14.57,15.28,15.74
2353,宏,21.34,21.19,20.74,20.32,18.72,17.88,18.03,18.46,18.63
2354,鴻準,65.16,64.81,63.19,68.18,75.41,91.35,88.17,85.82,95.1
2355,敬鵬,38.47,39.81,38.42,39.15,40.59,40.65,38.71,40.08,40.68
2356,英業達,15.74,15.99,14.79,14.86,15.27,15.13,14.39,15.17,15.52
2357,華碩,225.3,232.35,222.07,238.25,244.33,251.53,234.03,235.21,235.79
2358,廷鑫,,8.87,8.61,7.99,6.9,4.45,4.57,4.63,11.2
2359,所羅門,26.51,26.57,25.69,25.61,26.01,25.55,24.86,25.17,24.98
2360,致茂,24.82,25.07,23.82,25.86,27.25,28.55,27.13,29.52,32.16
2361,鴻友科技(下市),,,,,,,,,
2362,藍天,71.03,69.66,66.96,64.3,63.36,59.28,60.53,62.13,61.89
2363,矽統,11.59,13.26,12.69,12.26,11.88,12.13,13.39,13.69,12.95
2364,倫飛,2.91,4.44,4.15,3.52,3.66,2.18,2.05,2.48,2.05
2365,昆盈,13.72,14.5,13.97,13.65,12.77,13.66,13.35,13.4,13.22
2367,燿華,17.5,16.94,15.02,14.5,14.81,13.06,13.2,13.65,15.79
2368,金像電,12.75,12.69,12.59,12.72,12.84,12.45,12.58,12.37,12.32
2369,菱生,15.96,15.96,15.66,16.11,16.23,16.25,15.85,15.97,16.03
2371,大同,13.08,12.73,12.18,12.71,12.67,12.43,12.56,12.57,12.42
2373,震旦行,21.64,22.71,19.51,20.01,20.74,31.49,29.82,28.7,31.57
2374,佳能,30.24,30.08,29.08,29.1,29.34,29.11,28.89,29.58,30.16
2375,智寶,27.42,16.9,15.81,20.13,19.78,19.17,19.44,20.3,20.97
2376,技嘉,35.83,36.63,34.67,35.68,36.26,36.18,34.57,36.54,38.04
2377,微星,30.47,31.68,29.08,30.69,31.83,32.98,29.43,31.43,32.91
2379,瑞昱,44.12,44.42,42.3,42.6,45.18,42.85,40.05,42.47,43.14
2380,虹光,14.95,14.91,14.4,14.04,13.4,12.49,12.02,11.62,10.42
2382,廣達,34.37,35.12,32.31,33.16,34.39,34.75,32.56,33.38,34.28
2383,台光電,30.49,32.01,29.06,30.91,32.93,33.93,32.35,35.3,37.13
2384,勝華科技(下市),,,,,,,,,
2385,群光,31.65,31.44,28.79,31.1,33.93,32.88,30.72,32.29,33.02
2387,精元,22.49,31.43,30.67,28.31,28.71,33.16,33.23,32.12,31.96
2388,威盛,7.57,7.55,7.58,7.39,7.42,6.98,7.07,7.16,7.07
2390,云辰,12.29,12.52,12.18,11.93,11.89,11.58,11.24,11.23,11.37
2392,正崴,50.41,49.23,46.06,45.32,46.14,44.34,44.32,46.2,45.6
2393,億光,39.98,40.39,37.92,38.64,39.36,39.55,37.63,39.02,40.54
2395,研華,36.88,39.22,35.28,37.63,39.83,37.66,34.94,37.29,39.57
2397,友通,26.36,27.77,26.26,27.18,27.97,28.51,25.15,26.34,27.01
2399,映泰,13.1,12.97,13.15,12.88,12.86,12.61,13.08,13.44,13.4
2401,凌陽,16.1,15.82,14.71,15.19,15.24,15.35,14.91,15.08,15.15
2402,毅嘉,20.38,19.72,19.23,18.71,18.84,17.78,17.76,17.57,17.55
2404,漢唐,26.04,27.36,24.4,26.01,27.79,28.45,24.1,25.99,26.88
2405,浩鑫,11.07,10.67,10.64,10.5,10.72,10.04,10.09,9.97,10
2406,國碩,18.07,19.85,20.12,19.47,18.86,17.75,13.3,12.66,10.39
2408,南亞科,19.91,24.83,22.02,22.56,31.12,32.74,32.87,38.36,44.53
2409,友達,18.91,18.23,17.74,17.99,18.83,19.55,20.2,21.18,21.63
2412,中華電,47.53,49.07,44.95,46.16,47.01,48.27,44.64,46.13,47.04
2413,環科,15.98,16.23,15.57,15.69,15.2,14.55,14.49,14.52,13.41
2414,精技,15.52,15.96,15.04,15.42,15.68,16.06,15.15,15.66,15.9
2415,錩新,17.43,17.2,17.08,17.49,18.47,19.92,19.36,18.51,18.95
2417,圓剛,15.62,15.38,15.36,15.24,15.24,15.02,14.84,14.89,14.82
2419,仲琦,13.78,14.16,13.7,14.16,14.97,14.14,13.12,13.64,14.9
2420,新巨,18.46,19.27,17.59,18.18,19.5,19.49,17.55,18.58,19.41
2421,建準,15.83,16.14,14.99,15.36,16.07,16.08,15.12,15.98,16.5
2423,固緯,15.12,14.77,14.38,14.55,14.98,15.21,14.44,14.93,15.22
2424,隴華,16.83,16.36,16.02,15.35,15.07,14.04,13.89,13.9,13.38
2425,承啟,16.25,16.36,16.09,16.07,16.5,15.69,15.73,15.87,15.78
2426,鼎元,12.26,12.37,11.45,11.48,11.95,11.57,11.08,11.48,11.79
2427,三商電,11.11,11.18,11.11,11.21,11.2,11.24,11.2,11.39,11.36
2428,興勤,35.8,36.54,35.05,36.65,38.19,38.42,38.68,40.99,43.06
2429,銘旺科,9.33,9.46,9.8,9.8,9.55,9.13,8.7,8.19,7.34
2430,燦坤,27,27.73,27.3,28.02,28.58,29.11,27.33,27.88,28.24
2431,聯昌,14.94,15.03,14.83,14.8,15.18,15.07,14.43,14.48,14.04
2433,互盛電,24.7,26.85,22.59,23.43,24.49,26.6,24.4,28.03,27.85
2434,統懋,7.66,7.16,6.67,6.29,6.35,9.1,8.93,8.8,7.94
2436,偉詮電,12.56,12.63,12.26,12.91,13.1,13.82,13.9,14.37,14.77
2437,旺詮(下市),50.75,52.13,48.67,48.42,49.36,47.26,,,
2438,翔耀,5.57,4.41,6.9,6.89,6.88,6.97,6.67,6.5,6.07
2439,美律,31.33,31.32,29.73,33.91,37.54,44.01,41.2,51.36,68.35
2440,太空梭,8.27,8.13,8.1,8.11,8.15,7.77,7.98,8.39,8.61
2441,超豐,,,,,,,,,
2442,新美齊,11.18,10.82,10.9,11.02,11.21,10.38,10.42,10.26,10.16
2443,新利虹,13.19,12.84,12.18,11.59,11.06,10.41,10.13,9.65,9.6
2444,友旺,10.67,10.98,11.14,11.22,11.09,,,,
2448,晶電,48.44,47.2,45.36,45.27,45.14,44.93,45.54,46.39,47.19
2449,京元電子,19.23,19.6,19.05,19.83,20.3,20.02,18.9,20.19,20.76
2450,神腦,22.15,23.1,21.02,22.01,22.9,23.38,20.77,21.69,22.84
2451,創見,47.59,49.05,43.99,44.97,47.18,48.36,44.29,46.11,47.58
2453,凌群,17.18,17.22,16.94,16.89,17.19,17.24,16.85,17.07,17.39
2454,聯發科,152.98,153.58,140.83,144.31,154.72,159.44,156.39,162.15,164.28
2455,全新,,,,,,,,,
2456,奇力新,29.69,29.81,52.29,66.75,68.99,16.8,31.79,25.25,36.08
2457,飛宏,20.41,19.27,18.37,17.58,17.95,15.86,15.96,16.37,15.95
2458,義隆,16.1,16.74,14.75,15.43,15.89,16.23,15.3,16.32,16.95
2459,敦吉,43.02,43.38,40.71,40.55,40.98,39.79,38.75,40.59,41.45
2460,建通,17.75,17.55,17.29,16.82,16.54,15.46,15.66,15.91,16.13
2461,光群雷,19.19,19.26,18.46,18.2,18.62,14.24,14.05,14.6,17.59
2462,良得電,20.63,15.11,15,18.34,18.94,18.12,17.86,18.23,18.22
2464,盟立,18.75,19.25,17.51,17.73,18.33,17.34,16.53,17.21,18
2465,麗臺,6.14,5.76,5.31,5.05,4.31,10.24,10.04,10,7.46
2466,冠西電,11.93,11.55,11.59,11.21,11.55,10.7,10.83,10.79,10.96
2467,志聖,13.8,12.87,11.76,12.34,12.48,12.86,13.24,13.99,14.42
2468,華經,15.9,16.01,15.77,15.85,16,16.08,15.71,15.84,15.97
2471,資通,14.66,14.92,13.75,14.12,15.09,14.6,14.33,14.33,15.05
2472,立隆電,22.66,23.72,21.41,21.52,22.19,21.55,20.5,22.22,23.24
2474,可成,150.26,153.47,146,146.9,159.18,153.54,151.35,162.68,172.7
2475,華映,0.56,0.12,0.09,1.43,1.55,1.83,2.05,2.12,2.19
2476,鉅祥,24.8,25.19,23.89,23.98,24.64,23.95,23.13,24.22,24.83
2477,美隆電,14.01,14.19,13.25,13.33,13.92,16.53,17.1,15.56,15.92
2478,大毅,20.48,29.64,29.09,24.59,24.75,22.8,22.77,23.43,23.91
2480,敦陽科,20.85,21.25,19.67,20.17,20.63,26.52,24.66,23.07,23.77
2481,強茂,17.64,19.33,19.09,18.26,18.25,18.05,17.86,18.99,16.22
2482,連宇,13.39,13.5,13.41,13.34,13.47,12.84,12.36,12.14,11.86
2483,百容,21.48,22.08,21,21.19,21.66,21.21,20.36,21.11,21.33
2484,希華,18.31,18.42,17.85,18.06,18.48,18.35,17.5,17.99,18.26
2485,兆赫,23.43,24.12,22.37,22.42,22.77,22.18,21.12,21.38,21.39
2486,一詮,18.35,18.11,17.58,16.95,16.81,15.9,16.11,16.04,15.84
2488,漢平,22.51,23.44,22.43,23.59,25.22,25,22.22,23.16,23.53
2489,瑞軒,17.36,18.54,17.09,17.26,17.18,16.34,14.32,14.45,14.3
2491,吉祥全,7.37,6.52,6.37,6.63,6.71,6.63,7.27,7.23,7.24
2492,華新科,24.57,27.18,26.79,26.87,27.81,29.49,29.67,31.81,35.11
2493,揚博,,,,,,,,,
2495,普安,15.12,15.2,14.49,14.65,15.27,15.15,14.42,14.61,14.88
2496,卓越,,3.41,2.68,40.73,43.33,43.52,43.79,45.16,47.38
2497,怡利電,17.07,17.13,15.68,15.41,15.4,14.92,14.36,14.2,14.11
2498,宏達電,77.88,75.11,70.37,66.86,62.97,58.5,56.78,53.42,41.05
2499,東貝,20.48,17.02,16.61,16.31,17.13,15.93,16.06,16.13,12.15
2501,國建,15.25,21.62,22.35,18.6,19.82,20.3,18.95,18.93,19.63
2504,國產,15.17,15.97,15.38,15.01,12.28,14.48,14.29,14.36,14.21
2505,國揚,12.7,12.61,12.23,12.09,12.32,12.43,12.79,12.69,12.58
2506,太設,16.13,16.08,16.02,16.44,16.26,16.45,16.26,16.26,16.11
2509,全坤建,23.96,23.89,21.94,21.74,21.97,21.44,20.28,20.36,20.42
2511,太子,15.3,15.31,14.26,14.36,14.97,15.1,14.2,14.31,14.7
2514,龍邦,14.47,15.88,15.22,17.23,16.89,17.82,18.71,18.79,19.57
2515,中工,12.87,12.89,12.6,12.69,12.82,12.83,12.73,12.88,12.97
2516,新建,12.88,13.39,12.98,13.32,12.79,12.47,11.32,11.17,9.99
2520,冠德,22.5,22.7,22.26,22.78,22.93,23.04,22.15,22.48,22.52
2524,京城,27.79,27.9,27.82,28.38,29.27,29.41,29.65,30.42,31.29
2527,宏璟,28.16,28.03,26.53,27.33,25.75,27.45,26.57,26.37,26.75
2528,皇普,,,,,,,,,
2530,華建,13.12,15.16,13.35,13.27,13.07,12.96,12.05,11.98,11.85
2534,宏盛,,,,,16.23,,,,19.83
2535,達欣工,20.39,21.08,20.65,20.79,22.12,22.35,21.43,21.68,22.22
2536,宏普,,,,,,,,,
2537,聯上發,,,,,,,,,
2538,基泰,19.87,20.1,18.58,18.32,18.27,18.01,17.1,17.24,17.27
2539,櫻花建,,,,,,,,,
2540,愛山林,25.78,25.82,26.09,27.15,27.55,27.6,27.96,27.61,27.68
2542,興富發,30.08,32.51,27.01,28.83,29.64,29.94,25.15,26.22,26.31
2543,皇昌,10.61,10.77,10.47,10.53,10.56,10.66,10.31,10.28,10.29
2545,皇翔,30.32,31.56,35.69,36.29,35.13,35.99,31.22,31.27,31.32
2546,根基,19.69,20.13,19.71,20.42,20.88,21.42,20.84,21.6,22.21
2547,日勝生,15.7,15.42,11.72,10.73,10.15,9.33,8.98,8.57,9.63
2548,華固,50.85,50.72,44.96,48.93,53.81,53.9,49.26,55.58,56.01
2596,綠意,16.78,16.33,16.25,18.01,19.92,18.61,17.89,18.24,19.69
2597,潤弘,31.82,30.15,24.81,27.04,29.68,29.11,25,25.47,27.37
2601,益航,21.2,19.98,19.67,17.84,17.68,9.89,13.06,13.47,13.54
2603,長榮,16.51,15.4,15.24,14.64,14.52,12.4,13.17,14.09,15.8
2605,新興,30.14,29.94,29.26,28.49,29.59,27.9,27.62,27.49,27.24
2606,裕民,32.15,30.44,28.61,27.04,29.05,26.26,25.7,26.08,25.84
2607,榮運,20.03,19.99,19.81,19.73,20.32,20,19.81,20.08,20.19
2608,大榮,17.03,17.73,16.87,17.41,16.33,17.34,16.48,17.31,17.88
2609,陽明,10.33,9.01,7.36,5.76,5.26,6.99,6.83,7.41,11.21
2610,華航,10.65,10.91,10.43,10.51,10.2,9.46,9.8,10.34,10.42
2611,志信,14.11,14.08,14.08,13.88,13.58,13.9,13.88,14.1,14.17
2612,中航,43.43,55.65,55.71,51.17,52.27,48.43,47.86,47.91,47.73
2613,中櫃,26.51,21.89,22.3,22.37,24.55,24.04,24.11,24.29,24.49
2614,東森,6.96,6.4,6.84,7.39,7.06,6.86,6.51,6.26,10.13
2615,萬海,16.11,16.06,15.09,14.82,15.38,14.68,14.75,15.26,15.31
2616,山隆,24.06,22.28,21.7,23.18,25.54,27.55,26.1,28.83,29.77
2617,台航,24.09,23.73,23.53,22.95,23.28,22.27,22.31,22.61,22.9
2618,長榮航,12.66,12.49,12.81,13.5,13.16,12.58,12.76,13.85,13.9
2634,漢翔,12.69,13.21,12.49,12.96,13.61,13.19,12.69,13.34,13.91
2636,台驊投控,21.61,20.6,19.06,18.75,18.95,18.04,17.98,18.73,19.22
2637,慧洋-KY,57.4,49.48,42.31,40.12,51.8,42.2,41.2,41.35,42.48
2640,大車隊,27.3,26.95,24.35,25.11,25.93,25.71,24.97,26.08,27.11
2641,正德,13.13,9.77,11.03,10.79,11.52,10.17,10.2,10.18,7.44
2642,宅配通,17,17.51,17.1,17.16,17.01,17.37,17.17,17.42,17.41
2701,萬企,,,,,,,,,
2702,華園,12.82,12.2,12.38,11.96,12.52,11.08,11.07,11.06,10.63
2704,國賓,25.4,25.22,24.81,25.45,25.51,25.92,25.49,26.11,26.18
2705,六福,14.93,14.33,13.91,13.62,13.42,13.16,12.82,12.4,10.38
2706,第一店,,,,,,,,,
2707,晶華,29.7,31.57,25.6,26.74,29.09,30,23.84,25.75,27.83
2712,遠雄來,,,,,,,,,
2718,晶悅,,,,,,,,,
2719,燦星旅,13.06,12.93,12.48,12.21,11.18,10.7,9.64,8.53,7.9
2722,夏都,,,,,,,,,
2723,美食-KY,54.1,53.76,52.97,55,57.97,53.66,52.68,56.88,60.46
2724,富驛-KY,16.61,14.83,13.1,6.78,0.58,3.63,,2.17,0.69
2726,雅茗-KY,18.75,17.36,16.5,17.33,18.28,16.66,16,18.86,21.52
2727,王品,43.48,44.48,44.2,45.3,45.46,46.53,45.1,46.93,47.68
2729,瓦城,78.76,82.36,75.18,78.99,80.81,84.19,76.41,80.65,83.21
2731,雄獅,31.47,32.61,29.27,29.91,29.68,30.75,28.96,31.09,31.79
2732,六角,28.85,25.31,23.03,25.88,27.98,26.61,23.9,27.22,30.29
2734,易飛網,18.69,18.51,17.85,17.48,16.03,16.16,16.07,15.47,13.39
2801,彰銀,15.31,14.85,,,,,,,
2809,京城銀,23.69,25.62,26.67,28.37,28.49,29.88,29.93,31.8,32.11
2812,台中銀,12.55,12.62,12.36,12.68,12.78,12.79,12.55,12.84,13.18
2816,旺旺保,16.54,16.8,16.65,16.86,17.05,17.61,18.29,19.31,20.37
2820,華票,,,,,,,,,
2823,中壽,,,,,,,,,
2832,台產,,,,,,,,,
2833,台灣人壽(下市),,,,,,,,,
2834,臺企銀,11.9,11.59,11.74,11.97,11.87,11.77,12.03,12.29,12.33
2836,高雄銀,15.28,14.69,14.93,15.16,15.14,14.4,13.97,14.13,14.14
2838,聯邦銀,13.49,13.78,13.66,14.02,13.9,13.16,13.07,13.36,17.18
2841,台開,24.01,23.37,23.75,23.45,23.55,23.61,23.92,23.71,24.04
2845,遠東銀,12.85,12.81,12.75,13.03,13.16,13.12,13.03,13.31,13.44
2847,大眾銀行(下市),,,,,,,,,
2849,安泰銀,18.15,18.2,17.84,17.97,,,,,
2850,新產,,,,,,,,,
2851,中再保,,,,,,,,,
2852,第一保,,,,,,,,,
2855,統一證,17.17,17.05,16.93,17.42,17.28,17,17.33,17.8,18.26
2856,元富證,13.96,13.36,13.26,13.41,12.96,13.17,13.21,13.37,13.44
2867,三商壽,,,,,,,,,
2880,華南金,15.45,14.9,14.78,14.94,15.11,14.58,14.36,14.7,14.87
2881,富邦金,35.92,36.79,40.34,42.95,39.4,40.27,41.27,43.52,45.08
2882,國泰金,36.22,34.69,33.63,36.76,39.06,40.09,41.51,43.6,44.72
2883,開發金,10.93,10.99,10.56,10.77,10.92,11.04,10.75,10.82,11.2
2884,玉山金,15.21,14.09,14.18,14.51,14.66,12.99,14,14.31,14.61
2885,元大金,17,16.48,16.4,16.74,16.65,17.14,17.08,17.6,17.76
2886,兆豐金,21.57,22.18,20.83,21.45,21.47,22.02,21.23,21.81,21.92
2887,台新金,13.02,11.79,11.57,11.88,14.34,14.02,13.84,14.17,14.4
2888,新光金,10.59,10.47,10.62,11.51,11.87,12.15,12.99,13.37,13.8
2889,國票金,10.97,11.44,11.34,11.61,11.26,11.36,11.16,11.41,11.59
2890,永豐金,12.95,12.53,12.36,12.51,12.54,12.22,12.11,12.36,12.5
2891,中信金,15.37,14.67,14.43,14.81,14.47,14.64,14.31,,16.18
2892,第一金,16.37,16.02,15.51,15.81,16.01,15.94,15.27,15.69,15.7
2901,欣欣,,,,,,,,,
2903,遠百,20.64,20.99,19.88,19.97,20.21,20.74,19.79,20.03,20.47
2904,匯僑,13.98,14.49,12.85,13.13,13.48,13.76,12.72,13.11,13.53
2905,三商,17.02,18.02,18.14,20.21,19.74,18.46,21.02,22.3,22.1
2906,高林,14.55,14.58,13.97,13.89,14.31,14.2,13.9,13.93,14.04
2908,特力,14.56,15.15,14.34,14.51,14.54,14.93,14.24,14.63,14.96
2910,統領,10.59,10.61,10.65,10.8,10.85,10.88,10.62,10.66,10.53
2911,麗嬰房,14.87,14.97,14.17,13.56,14.16,13.6,13.32,12.95,16
2912,統一超,26.08,28.42,23.55,25.82,27.53,29.92,24.74,27.77,48.69
2913,農林,20.95,21.12,20.71,20.9,20.86,21.6,21.14,21.14,21.15
2915,潤泰全,21.36,24.15,23.62,24.63,20.58,21.74,25.61,30.04,39.28
2916,滿心,16.43,16.77,15.5,15.33,15.99,,,,
2923,鼎固-KY,31.42,31.52,30.64,29.75,29.33,28.18,28.41,29.13,29.43
2924,東凌-KY,25.55,24.19,23.28,22.5,22.72,21.07,20.7,19.79,18.95
2926,誠品生活,34.95,35.94,30.68,33.02,34.6,36.99,31.15,33.65,35.37
2929,淘帝-KY,60.69,52.98,51.1,50.92,53.23,47.3,48.89,52.98,57.23
3002,歐格,13.11,12.92,12.64,12.45,12.7,12.37,12.25,12.54,12.49
3003,健和興,26.13,26.61,26.08,26.41,27.31,27.63,27.15,28.19,28.91
3004,豐達科,25.13,26.12,25.33,26.06,27.16,27.48,26.9,28.1,29.02
3005,神基,23.51,23.74,22.08,22.48,24.15,23.8,21.91,23.03,23.8
3006,晶豪科,24.84,24.54,24.15,24.22,24.77,24.9,24.4,24.94,25.56
3008,大立光,472.68,496.22,459.82,505.78,573.02,597.28,570.12,627.7,689.02
3010,華立,42.3,43.73,41.42,41.77,42.72,43.23,42.24,44.45,46.61
3011,今皓,12.18,11.79,11.62,11.49,11.55,10.96,11.07,10.94,10.6
3013,晟銘電,12.57,12.99,12.45,12.49,13.06,13.01,12.82,13.75,14.03
3014,聯陽,23.42,23.98,22.67,23.53,24.02,24.59,22.45,23.38,23.89
3015,全漢,44.02,44.72,41.57,43.65,42.23,40.66,41.9,43.58,42.42
3016,嘉晶,14.42,11.06,11.18,11.11,11.05,9.9,10.07,10.27,12.82
3017,奇鋐,24.34,24.69,23.62,23.26,23.77,22.84,22.71,23.75,24.32
3018,同開,10.3,8.92,8.79,10.67,10.91,10.49,11.98,12.3,13.05
3019,亞光,40.06,39.55,39.7,39.14,39.75,37.89,38.02,39.17,39.01
3021,鴻名,11.07,12.52,12.56,11.48,11.65,11.48,11.38,12.09,12.33
3022,威強電,22.8,23.59,22.19,22.79,24.12,24.54,22.55,23.3,23.44
3023,信邦,25.65,25.73,23.7,24.41,25.43,25.69,23.85,25.8,26.99
3024,憶聲,7.93,7.78,7.37,7.35,10.18,9.84,9.94,9.92,9.21
3025,星通,10.61,10.66,10.73,10.85,11,10.71,10.63,10.6,10.88
3026,禾伸堂,37.31,37.98,35.77,36.18,36.75,53.07,50.34,47.54,50.09
3027,盛達,16.4,16.36,16.36,16.23,15.97,15.18,15.01,14.96,13.05
3028,增你強,23.75,24,22.07,21.92,22.2,22.51,21.01,22.18,22.37
3029,零壹,15.68,15.92,15.28,16.03,16.56,16.65,15.84,16.58,17.01
3030,德律,24.07,24.51,21.25,21.43,21.72,21.95,19.64,20.72,21.21
3031,佰鴻,13.47,13.66,13.99,14.14,13.83,14.55,14.04,14.34,14.56
3032,偉訓,18.06,17.2,15.9,16.09,20.13,19.64,18.26,19.25,19.47
3033,威健,16.83,14.96,13.95,15.91,16.31,16.19,15.45,16.23,16.7
3034,聯詠,46.87,48.87,41.92,43.9,45.95,47.4,42.45,44.79,46.95
3035,智原,20.48,20.7,19.09,19.3,19.57,22.05,21.52,21.66,22.25
3036,文曄,37.81,35.72,34.12,35.75,35.85,30.09,28.85,30.28,36.37
3037,欣興,28.45,28.39,27.63,27.17,27.49,27.2,26.98,26.98,27.59
3038,全台,9.47,10.16,9.79,10.05,10.06,9.8,9.7,9.87,10.01
3040,遠見,25.78,26.73,23.54,23.92,23.95,33.67,29.71,30.37,30.68
3041,揚智,18.21,18.16,17.86,17.38,16.16,15.72,15.31,15.03,14.53
3042,晶技,34.67,33.59,31.36,31.54,31.37,30.7,28.04,29.06,29.45
3043,科風,0.62,0.27,0.19,0.2,0.39,0.43,0.03,0.09,0.19
3044,健鼎,56.64,57.02,53.98,54.03,56.25,54.71,53.28,56.31,58.41
3045,台灣大,17.41,18.64,15.35,16.63,17.66,18.87,15.68,16.77,17.43
3046,建,7.51,7.56,6.38,5.78,4.34,6.39,5.16,5.29,11
3047,訊舟,11.35,11.4,11.23,11.04,11.15,10.69,10.23,10.16,9.7
3048,益登,16.05,14.42,13.77,14.14,14.41,13.97,13.83,14.41,14.66
3049,和鑫,10.23,9.67,8.82,9.1,9.58,9.65,9.67,9.47,9.78
3050,鈺德,14.67,15.05,14.32,15.24,14.95,15.8,16.04,15.9,15.62
3051,力特,6.19,5.78,5.54,5.02,5.33,5.07,5.02,5.07,4.68
3052,夆典,12.56,12.53,12.06,12.09,12.22,12.22,11.95,12,12.81
3054,立萬利,10.09,8.95,9.16,9.6,12.5,13.56,13.32,13.57,12.67
3055,蔚華科,22.71,28.67,27.77,25.2,25.2,24.79,24.1,24.23,24.32
3056,總太,19.08,18.91,21.08,20.98,20.91,20.88,21.21,21.79,21.69
3057,喬鼎,14.1,13.71,13.06,12.56,11.67,10.56,10.36,9.88,7.84
3058,立德,16.44,16.3,15.75,15.43,15.5,14.6,14.32,14.26,14.2
3059,華晶科,34.93,34.15,32.86,32.04,32.52,31.16,31.65,32.26,32.33
3060,銘異,28.71,31.04,27.12,26.56,26.22,31.36,30.18,28.07,28.49
3062,建漢,17.47,17.76,16.99,17.18,17.41,17.33,16.63,16.81,16.91
3064,泰偉,8.5,9.62,8.54,7.14,5.99,4.4,3.44,2.34,4.45
3066,李洲,6.2,5.96,6.15,5.84,5.65,5.73,5.63,5.54,5.66
3067,全域,8.91,8.23,7.84,7.58,7.94,7.53,7.55,7.29,7.17
3068,美磊,16.77,18.71,19.11,20.1,21.67,21.73,19.89,24.51,26.18
3071,協禧,10.18,10.13,10.13,10.14,10.19,12.22,12.72,11.55,11.84
3073,凱柏實業,6.65,6.57,6.8,6.82,6.59,6.38,6.28,6.06,5.78
3078,僑威,17.62,18.08,16.72,17.36,18.42,18.3,16.75,17.9,18.71
3083,網龍,13.86,13.33,13.05,12.73,12.77,12.61,12.76,12.7,12.23
3085,新零售,4.46,3.47,3.44,3.37,4.56,4.83,7.13,6.67,5.3
3086,華義,5.4,5.25,4.07,3.11,2.05,1.55,2.02,1.7,3.08
3088,艾訊,21.43,22.74,19.44,20.45,22.09,22,28.14,29.42,29.89
3089,遠昇,10.65,8,3.09,2.74,4.53,4.28,3.11,3.09,3.12
3090,日電貿,16.77,17.48,16.2,16.66,17.37,19.03,17.59,18.37,19.49
3092,鴻碩,19.16,19.57,19.8,20.66,22.15,20.64,20.43,21.85,23
3093,港建,23.53,24.04,22.8,22.96,23.12,22.82,21.54,21.7,21.57
3094,聯傑,14.99,15.25,14.26,14.38,14.65,14.45,13.63,14.03,14.17
3095,及成,5.17,4.08,0.91,0.32,0.82,0.81,0.97,1.09,1.59
3105,穩懋,28.85,44.71,44.26,42.83,43.23,43.27,40.92,44.52,60.49
3114,好德,16.67,16.47,15.49,15.47,16.01,15.57,15.67,16.49,16.93
3115,寶島極,9.36,9.26,9.24,9.08,9.05,9.13,9.1,9.36,9.52
3118,進階,,,,,,,,,
3122,笙泉,13.24,13.66,13.42,13.31,13.53,13.26,12.48,12.18,12.3
3126,,,,,,,,,,
3128,昇銳,13.58,13.59,13.68,13.63,13.65,13.51,13.18,13.24,13.58
3130,一零四,43.16,47.99,43.05,45.71,47.14,49.29,41.16,44.04,45.97
3131,弘塑,69.82,71.91,64.42,76.05,79.63,89.98,92.02,92.83,94.02
3141,晶宏,13.11,13.75,14.42,14.85,15.13,15.08,14.77,15.57,15.97
3144,新揚科,13.37,13.33,12.6,12.83,13.3,13.26,13.07,13.86,14.27
3149,正達,6.32,10.07,10.07,8.92,7.4,6.62,6.74,8.2,8.18
3152,璟德,,,,,,,,,
3162,精確,9.52,9.15,8.74,7.05,5.79,2.27,2.32,2.97,4.54
3163,波若威,19.26,19.24,19.94,21.43,22.37,22.41,20.14,20.07,20.11
3164,景岳,16.88,16.81,16.83,16.75,14.39,14.36,14.89,15.07,15.04
3167,大量,19.23,19.75,18.51,18.68,19.22,18.9,18.84,20.69,22
3169,亞信,14.77,14.76,13.86,14.11,14.53,14.78,14.32,14.81,15.2
3171,新洲,10.37,10.69,11.1,11.37,11.63,11.63,11.59,11.89,12.01
3176,基亞,17.98,18.29,17.27,16.65,15.87,15.09,14.45,14.33,13.25
3188,鑫龍騰,6.4,3.6,7.76,7.65,7.54,7.74,7.96,8.05,8.16
3189,景碩,63.66,64.73,62.47,63.7,64.73,64.7,61.98,62.71,62.78
3191,和進,9.71,9.04,8.18,5.78,5.04,4.93,5.01,5.01,5.71
3202,樺晟,12.04,11.61,11.44,11.57,11.79,11.02,10.98,10.99,10.57
3205,佰研,25.17,26.7,27.63,36.45,37.06,36.23,31.95,31.04,29.43
3206,志豐,17.48,17.29,16.35,15.86,16.34,13.82,13.74,16.41,16.46
3207,耀勝,8.55,8.59,8.52,8.51,8.22,7.34,6.93,6.47,5.29
3209,全科,17.19,15.22,14.72,15.1,15.52,13.54,12.67,13.17,15.65
3211,順達,49.23,49.49,46.05,45.53,45.87,44.12,42.32,43.37,44.02
3213,茂訊,,22.39,19.83,20.79,22.71,23.95,22.21,23.46,24.67
3217,優群,17.42,17.7,17.19,18.07,18.6,18.77,17.45,19.32,20.33
3218,大學光,17.39,17.47,16.73,16.85,17.55,15.29,17.52,18.07,18.49
3219,倚強,7.03,7.17,7.23,6.45,5.9,5.48,5.9,6.43,6.27
3221,台嘉碩,18.34,16.69,16.14,16.11,18.2,17.82,17.15,17.51,17.76
3224,三顧,13.12,12.71,12.22,11.52,11.56,10.14,10.33,10.23,10.34
3226,至寶電,13.75,14.42,12.95,13.27,14.35,14.43,12.97,13.57,14.52
3227,原相,40.14,41.02,38.73,38.69,38.81,39.39,39.68,42.09,44
3228,金麗科,,,,,,,,,
3229,晟鈦,10.42,10.34,9.67,8.97,8.76,8.59,8.55,8.5,8.32
3230,錦明,12.95,12.81,12.16,11.55,11.36,10.71,10.66,10.33,9.37
3231,緯創,26.89,25.63,24.62,24.4,25.37,23.32,22.95,23.53,23.69
3232,昱捷,12.08,11.82,10.88,10.43,10.14,9.8,10.11,10.56,10.76
3234,光環,22.49,35.78,26.07,28.07,27.29,25.19,22.67,20.06,17.95
3236,千如,13.05,13.24,13.59,13.86,13.86,12,14.47,15.65,16.29
3252,海灣,65.09,50.1,49.37,52.38,55.22,48.77,53.77,54.06,53
3257,虹冠電,25.39,23.76,23.94,24.27,24.61,22.88,22.79,23.2,23.22
3259,鑫創,9.09,8.83,8.41,8.15,8.24,7.93,7.38,7.07,7.28
3260,威剛,32.43,32.6,32.4,33.34,37.78,40.62,38.06,38.95,40.28
3264,欣銓,19.77,19.87,19.06,19.63,20.08,20.49,19.8,20.15,20.96
3265,台星科,23.6,22.9,23.44,23.87,27.75,29.23,27.85,28.44,31.62
3266,昇陽,14.38,14.34,14.18,13.97,14.26,14.25,14.25,14.16,14.4
3268,海德威,15.78,15.62,15.79,15.49,15.39,14.43,14.44,14.05,14.93
3272,東碩,28.14,28.33,27.04,27.2,28.74,27.95,28.08,29.46,29.96
3276,宇環,13.54,13.29,10.19,10.53,11.17,10.98,10.77,10.99,10.95
3284,太普高,13.32,14.93,14.44,14.69,15.63,16.14,15.69,16.05,16.14
3285,微端,14.45,14.49,13.69,13.71,14.19,13.91,13.39,13.5,13.52
3287,廣寰科,10.04,9.67,9.32,9.22,9.19,9.03,8.73,8.58,8.72
3288,點晶,4.44,3.97,3.01,2.49,2.17,1.73,1.58,1.67,1.99
3289,宜特,33.97,33.41,30.55,31.72,33.45,46.2,45.7,47.06,50.01
3290,東浦,16.47,16.22,14.72,14.21,14.94,14.16,14.11,14.37,14.47
3291,遠翔科技股份有限公司(下櫃),,,,,,,,,
3293,鈊象,40.05,43.53,42.82,45.38,48.2,50.85,44.48,48.67,52.04
3294,英濟,19.79,18.91,18.32,18.25,18.49,17.06,17.63,19.21,19.67
3296,勝德,16.72,17.28,17.31,16.51,17.37,16.37,15.33,15.57,15.68
3297,杭特,23.97,23.91,23.22,22.92,22.6,21.97,21.42,20.98,20.48
3299,帛漢,28.91,29.88,25.12,26.11,27.63,28.31,25.17,26.89,28.18
3303,岱稜,18.02,18.46,17.71,17.93,17.87,17.91,15.74,16.08,16.67
3305,昇貿,32.91,32.78,32.02,31.82,31.97,31.83,30.12,30.53,30.22
3306,鼎天,27.3,27.94,28.31,29.09,27.71,27.75,28.73,28.16,26.53
3308,聯德,11.53,11.77,11.7,11.17,11.24,10.63,10.56,10.59,10.28
3310,佳穎,13.5,18.3,17.72,14.29,17.58,22.87,22.18,18.99,20.36
3311,閎暉,23.19,22.77,21.84,21.2,20.81,19.67,19.8,20.04,20.07
3312,弘憶國際,11.34,9.55,10.73,10.65,10.81,10.47,8.14,8.46,8.6
3313,斐成,12.84,12.45,11.96,11.7,10.95,10.34,10.29,10.44,10.39
3315,宣昶(下市),,,,,,,,,
3317,尼克森,23.93,24.03,24.44,24.54,25.02,25.12,25.24,26.2,26.52
3322,建舜電,10.41,10.15,9.61,9.24,9.26,8.57,8.6,8.26,7.92
3323,加百裕,25.93,26.43,25.04,25.29,25.79,25.79,25.63,26.37,26.97
3324,雙鴻,19.77,19.05,19.62,25.49,28.77,27.98,24.4,26.7,27.22
3325,旭品,13.17,12.99,12.57,12.39,12.7,11.97,11.26,11.26,11.07
3332,幸康,28.72,28.98,27.2,27.23,27.88,27.48,26.74,27.86,28.29
3338,泰碩,15.55,15.75,14.46,15,15.9,15.16,13.62,14.28,14.16
3339,泰谷,3.73,9.49,8.58,6.73,6.64,6.19,5.95,5.97,5.95
3354,律勝,16.04,18.6,18.08,15.98,16.31,15.39,15.52,16.01,16.43
3356,奇偶,25.47,25.63,22.46,22.53,22.46,18.36,17.43,17.41,16.73
3360,尚立,14.86,15.08,13.57,13.8,14.23,14.37,13.33,13.1,12.7
3362,先進光,12.87,12.81,12.87,13.17,13.8,12.15,12.48,13.21,13.29
3363,上詮,16.32,17.53,17.5,17.73,16.49,16.63,16.56,17.58,15.75
3372,典範,,,,,,,,,
3373,熱映,17.09,17.48,16.4,16.25,15.85,15.49,15.42,15.64,15.47
3374,精材,,,,,,,,,
3376,新日興,65.42,66.26,62.68,63.37,66.04,65.43,64.18,66.14,67.17
3379,彬台,16,15.32,15.16,14.17,15.13,14.12,13.86,13.25,14.75
3380,明泰,18.99,19.56,19.51,19.44,19.61,19.25,18.7,19.23,19.56
3383,新世紀,11.87,10.8,9.45,8.28,5.28,4.51,4.06,3.68,3.31
3388,崇越電,47.09,47.91,44.65,45.4,45.81,45.68,43.59,45.63,47.81
3390,旭軟,20.57,20.45,19.56,19.41,19.71,19.23,18.47,19.31,19.17
3402,漢科,16.69,17.36,17.2,17.63,18.09,18.38,17.36,18.07,18.79
3406,玉晶光,67.63,63.8,60.27,60.27,62.97,61.34,63.62,67.43,73.56
3416,融程電,27.31,28.16,25.66,26.33,26.93,22.83,20.73,21.15,29.17
3419,譁裕,14.07,13.68,13.57,13.64,13.91,13.52,13.36,13.53,12.54
3428,光燿科,25.32,25.58,23.65,24.06,24.98,24.37,23.73,25.21,25.42
3431,長天,6.09,5.37,5.12,4.88,4.14,5.85,5.2,4.53,3.77
3432,台端,22.41,22.14,21.69,21.11,21.31,19.98,20.22,20.38,20.15
3434,哲固,10.47,10.57,10.4,10.6,11,10.75,10.3,10.28,10.43
3437,榮創,23.41,23.42,21.75,22,22.22,22.07,21.76,22.46,22.53
3438,類比科,26.54,15.4,15.08,14.82,22.92,22.52,22.4,22.31,22.12
3441,聯一光,25.89,25.37,24.82,24.12,24.39,23.64,22.64,22.86,22.73
3443,創意,26.33,27.51,25.28,26.25,27.41,28.41,26.22,27.46,30.2
3444,利機,14.84,14.98,14.31,14.41,14.77,14.85,14.16,14.52,14.85
3450,聯鈞,34.64,31.53,30.07,32.1,34.64,29.42,25.74,27.37,28.87
3452,益通,8.72,8.72,8.54,7.95,7.69,7.46,7.29,7.09,4.1
3454,晶睿,33.17,33.23,31.08,32.41,34.53,33.77,30.76,32.2,34.04
3455,由田,29.4,28.85,25.88,27.31,30.92,29.32,27.69,28.29,30.04
3465,祥業,2.97,4.57,3.61,3.65,4.14,3.55,2.96,2.28,1.75
3466,致振,26.28,26.02,25.95,24.6,25.03,24.11,23.75,22.35,21.01
3474,華亞科(下市),20.63,20.35,19.78,19.92,,,,,
3479,安勤,29.22,29.65,27.88,28.77,29.4,29.44,26.53,28.08,28.94
3481,群創,23.34,22.39,21.57,21.64,22.71,23.67,25.02,26.18,26.56
3483,力致,39.15,38.72,38.52,39.07,40.11,34.98,34.07,34.8,35.49
3484,崧騰,25.67,25.65,23.88,24.2,25.13,23.04,21.84,24.04,24.68
3489,森寶,13.46,13.55,13.7,14.71,15.24,15.11,14.67,14.73,14.65
3490,單井,26.87,26.34,21.92,21.51,21.02,20.2,20.07,20.26,19.91
3491,昇達科,29.87,30.44,27.04,27.78,29.37,30.18,27.88,28.64,28.97
3494,誠研,13.43,13.41,13.25,12.69,12.43,11.84,11.75,11.25,10.37
3498,陽程,36.48,38.1,35.54,34.77,34.93,34.53,34.75,35.08,34.57
3499,環天科,11.67,11.39,11.26,11.02,11.33,10.89,11.39,11.51,11.29
3501,維熹,47.73,48.8,45.43,46.03,47.63,46.97,44.65,46.52,47.38
3504,揚明光,35.2,34.29,32.65,31.69,31.36,29.65,29.62,29.5,29.53
3508,位速,21.93,21.05,19.05,16.96,15.61,13.48,12.98,13.09,15.4
3511,矽瑪,17.12,16.57,14.76,13.31,12.68,10.32,9.91,11.78,10.5
3512,能緹,13.82,13.37,12.77,12.39,11.97,11.36,11.57,11.69,11.39
3514,昱晶,29.68,30.77,31.15,25.32,24.66,22.04,21.42,21.46,20.73
3515,華擎,50.88,50.85,48.59,48.09,49.2,45.67,44.63,46.62,47.41
3516,亞帝歐,23.09,22.61,22.07,21.35,19.64,25.18,25.46,25.81,25.77
3518,柏騰,36.66,37.69,33.07,31.23,29.11,27.38,26.38,25.81,25.31
3519,綠能,14.74,15.62,15.91,13.8,12.37,11.14,10.22,10.52,11.23
3520,振維,5.79,4.63,4.7,4.88,6.1,5.74,5.6,5.05,4.38
3521,鴻翊,,,,,,,,,
3522,宏森,22.15,15.85,15.86,20.2,19.34,16.99,16.26,19.31,19.96
3523,迎輝,8.05,7.06,6.03,5.02,3.15,2.33,1.27,5.12,4.43
3526,凡甲,20.37,20.85,19.74,21.5,23.41,23.36,19.78,20.76,21.7
3527,聚積,45.97,46.56,44.77,46.63,47.72,46.05,43.34,45.03,47.14
3528,安馳,,,,,,,,,
3529,力旺,23.66,26.29,21.78,23.58,25.38,27.46,22.97,25.62,27.24
3531,先益,28.84,28.54,28.42,28.25,29.07,28.26,28.2,29.1,29.52
3532,台勝科,25.95,26.14,25.39,25.56,25.78,26.16,26.18,27.08,27.94
3533,嘉澤,85.99,85.79,80.98,81.11,84.46,82.73,82.18,86.7,88.62
3535,晶彩科,11.88,11.62,11.4,10.82,11.93,11.03,10.67,10.29,10.32
3536,誠創,5.76,5.56,5.28,5,5.49,4.76,4.9,6.7,6.62
3537,堡達,17.03,17.08,15.96,16.14,16.78,16.63,16.02,16.83,17.44
3540,曜越,19.09,19.28,19.14,19.11,19.64,19.34,18.78,19.53,19.73
3541,西柏,19,19.64,17.19,18.55,20.3,19.41,17.4,19.27,20.65
3545,敦泰,39.43,38.39,37.49,37.32,38.53,37.2,36.61,36.97,36
3546,宇峻,24.41,25.52,28.45,28.85,29.29,27.24,26.02,26.85,28.63
3548,兆利,51.71,44.03,44.64,54.24,56.9,57.44,55.94,57.77,59.08
3550,聯穎,26.26,25.81,24.72,24.04,24.19,22.82,22.22,23.32,23.66
3551,世禾,46.91,47.26,45.42,45.1,45.01,44.54,44.61,45.8,46.17
3552,同致,44.24,48.7,45.52,47.27,49.78,48.45,43.33,44.85,46.98
3553,,,,,,,,,,
3555,重鳥鵬,2.13,10.05,11.01,11.63,11.92,13.58,13.02,13.42,12.65
3556,禾瑞亞,20.77,20.9,18.25,19.07,19.82,19.89,17.36,18.41,18.96
3557,嘉威,6.56,4.84,4.68,5.57,5.43,9.49,9.28,8.69,7.09
3558,神準,52.24,55.37,45.61,47.83,50.56,52.37,45.9,48.55,51.89
3559,全智科(下市),,,,,,,,,
3561,昇陽光電,20.68,20.89,21.05,19.72,18.47,18.18,17.28,18.06,18.37
3562,頂晶科,1.47,4.72,2.82,1.35,0.54,7.54,7.19,7.12,6.25
3563,牧德,23.88,24.53,21.84,23.33,24.83,26.19,24.16,26.87,31.48
3564,其陽,27.09,27.54,25.94,26.77,27.52,23.38,21.63,20.94,20.65
3567,逸昌,,,,,,,,,
3570,大塚,31.95,32.72,29.35,30.76,32.47,32.61,29.47,30.24,31
3573,穎台(下市),,,,,,,,,
3576,新日光,23.02,20.01,21.3,19.36,15.78,14.21,13.69,12.03,10.87
3577,泓格,19.18,19.4,18.65,20.25,20.87,19.13,18.7,19.42,19.81
3579,尚志,26.45,27.27,27.12,22.47,20.44,19.82,18.72,18.9,18.92
3580,友威科,6.21,5.18,4.64,4.56,5.45,9.13,10.67,14.31,15.53
3581,博磊,14.58,14.75,14.12,14.02,14.26,14.12,13.49,14.03,14.25
3583,辛耘,23.86,24.84,24.8,25.41,26.34,26.39,24.76,26.46,28.3
3584,介面光電(下市),,,,,,,,,
3587,閎康,26.67,23.97,22.94,24.13,34.6,29.88,28.08,29.02,42.12
3588,通嘉,26.31,26.25,25.23,25.9,26.45,26.5,25.2,25.63,27.39
3591,艾笛森,26.76,26.62,25.33,24.8,24.5,23.42,23.62,23.56,22.77
3593,力銘,7.74,7.42,6.98,6.78,5.94,5.53,5.59,5.83,5.9
3594,磐儀,19.98,19.28,19.05,18.44,18.8,16,16.34,22.16,21.11
3596,智易,40.82,41.9,43.38,44.89,46.01,45.85,43.06,44.28,44.97
3598,奕力(下市),46.36,46.4,,,,,,,
3605,宏致,32.97,32.97,32.16,31.96,32.56,31.54,31.62,32.86,32.81
3607,谷崧,58.53,56.58,50.67,48.4,47.39,43.93,42.46,43.07,41.93
3609,東林,18.94,18.28,18.38,18.1,16.15,15.78,16.3,16.58,16.7
3611,鼎翰,50.29,54.96,48.41,50.38,54.5,55.76,52.16,60.47,68.96
3615,安可,36.95,36.64,36.28,36.72,37.87,38.94,38.62,38.56,38.49
3617,碩天,46.91,48.06,46.21,47.9,50.71,50.65,48.77,51.52,52.42
3622,洋華,27.81,27.32,27.11,26.43,26.45,25.83,26.47,26.7,26.87
3623,富晶通,,,,,,,,,
3624,光頡,21.32,21.48,19.33,19.32,19.44,19.27,19.17,19.53,19.7
3625,西勝,8.06,7.22,7.42,8.31,9.66,8.18,8.56,10.61,11.49
3628,盈正,38.27,37.71,35.29,35.07,36.29,35.51,33.13,33.82,34.69
3629,地心引力,6.29,8,6.57,5.12,5.14,5.1,3.4,2.73,3.71
3630,新鉅科,22.17,20.27,18.41,16.71,15.62,9.69,8.95,15.89,14.91
3631,晟楠,15.59,15.57,15.19,14.76,14.77,13.75,13.95,14.18,14.14
3632,研勤,14.62,14.46,13.4,11.68,10.82,6.53,6.69,10.7,10.97
3642,駿熠電,21.38,20.36,19.41,18.29,16.93,15.64,14.77,13.7,12.81
3645,達邁,16.8,15.65,15.47,16.59,17.26,17.83,16.96,17.79,18.46
3646,艾恩特,12.84,12.86,12.17,12.28,12.48,12.14,11.4,11.67,12.08
3652,精聯,24.49,24.28,23.82,24.11,24.5,23.88,23.44,24.19,24.2
3653,健策,40.92,41.18,39.25,39.96,40.77,40.42,39.4,40.55,40.78
3658,漢微科(下櫃),,,,,,,,,
3661,世芯-KY,45.9,46.14,42.13,40.43,42.13,40.36,42,43.54,44.57
3662,,,,,,,,,,
3663,鑫科,14.81,14.96,15.14,15.31,15.38,15.32,14.87,15.08,15.1
3664,安瑞-KY,17.28,17.1,14.98,14.26,14.73,19.05,17.99,14.66,15.08
3665,貿聯-KY,47.78,45.76,43.85,49.61,51.81,48.53,55.7,60.51,64.04
3666,光耀,19.37,19.69,18.71,18.51,19.1,18.17,17.7,18.88,19.32
3669,圓展,24.19,24.34,24.59,25.13,25.43,25.31,24.6,25.03,24.82
3673,TPK-KY,88.46,87.91,81.05,81.07,84.17,69.85,70.98,89.96,90.87
3675,德微,21.46,21.86,21.83,22.33,23,23.56,21.02,21.81,22.53
3679,新至陞,59.88,61.26,57.99,58.35,60.32,58.72,52.79,55.01,56.03
3680,家登,17.53,16.15,15.69,15.69,17.88,17.45,17.92,20.82,20.42
3682,亞太電,9.31,9.11,8.78,8.47,8.14,7.94,7.8,7.63,7.21
3684,榮昌,19.42,17.52,16.2,16.9,18.16,18.52,17.13,18.2,19.08
3685,元創精密,13.33,13.26,13.46,13.37,13.4,13.1,13.12,13.2,13.14
3686,達能,,,,,,,,,
3687,歐買尬,35.05,33.78,31.32,28.36,26.85,24.7,24.52,24.16,23.12
3689,湧德,37.92,37.66,35.95,35.88,37.17,36.33,36.23,37.65,38.23
3691,碩禾,106.55,121.36,108.55,116.29,114.65,112.84,98.05,97.44,91.46
3693,營邦,48.47,48.77,43.83,44.84,46.84,45.53,41.27,40.51,39.71
3694,海華,12.1,12.15,12.01,12.13,12.2,11.47,11.72,12.06,12.07
3698,隆達,23.24,24.75,23.28,23.03,22.19,23.05,22.2,22.37,22.22
3701,大眾控,4.61,3.93,3.9,3.78,4.75,4.81,4.94,5.07,5.01
3702,大聯大,28.85,27.87,26.46,27.21,28.88,26.49,26.64,27.84,28.23
3703,欣陸,24.64,26.07,24.94,26,26.8,27.04,27.1,27.08,26.88
3704,合勤控,18.9,19.98,19.63,19.3,19.45,18.49,18.25,18.43,17.94
3705,永信,22.29,23.07,21.68,21.83,21.85,22.17,21.23,21.69,22.08
3706,神達,43.14,40.97,40.18,40.68,42.32,41.52,40.26,41.6,42.45
3707,漢磊,14.01,15.07,14.65,14.02,13.24,9.51,9.62,12.19,12.18
4102,永日,,,,,,,,,
4103,百略,31.36,31.87,28.64,30.51,32.6,32.08,29.22,31.22,32.67
4104,佳醫,52.78,52.36,50.69,50.84,51.08,50.56,49.01,49.56,50.17
4105,東洋,20.52,21.34,19.23,20.08,21.64,22.08,19.06,19.88,22.11
4106,雃博,20.02,20.12,18.93,18.59,18.64,18.36,18.61,19.12,19.26
4107,邦特,27.42,28.73,27.6,28.56,29.98,30.25,28.31,29.6,30.83
4108,懷特,12.61,12.41,11.98,11.78,11.5,11.28,11.08,10.79,10.27
4109,穆拉德加捷,12.68,12.17,11.95,11.8,11.87,11.3,11.16,10.97,8.43
4111,濟生,17.52,17.67,17.28,17.53,17.89,18.09,17.71,18.2,18.48
4113,聯上,,,,,,,,,
4114,健喬,17.09,14.76,14.92,18.14,18.28,16.59,16.13,15.94,15.54
4119,旭富,36.15,36.78,36.88,38.21,38.63,39.28,35.59,36.1,36.85
4120,友華,33.35,35.8,34.54,34.76,36.27,37,36.47,37.92,37.69
4121,優盛,15.17,15.08,14.77,14.57,15.17,14.63,14.98,15.38,15.51
4123,晟德,25.98,22.59,24.06,25.22,23.28,20.57,20.72,20.53,21.19
4126,太醫,30.64,32.21,31.08,32.27,33.18,34.1,32.44,33.65,34.25
4127,天良,18.16,18.26,17.76,17.33,16.71,16.33,10.86,12.32,12.14
4128,中天,17.98,17.67,17.34,16.97,17.01,18.55,18.34,18.86,18.16
4129,聯合,24.97,25.78,24.67,24.4,24.73,21.87,21.83,25.81,27.67
4130,健亞,21.07,26.16,25.57,24.58,22.31,18.98,19.06,17.83,15.87
4131,晶宇,,,,,,,,,
4133,亞諾法,20.11,20.08,19.64,19.76,20,19.56,19.61,20.07,20.21
4137,麗豐-KY,49.64,53.26,44.16,44.25,44.78,42.96,39.21,41.48,43.8
4138,曜亞,43.24,44.76,41.34,42.14,42.36,42.19,39.5,40.35,41.33
4139,馬光-KY,14.55,12.55,12,11.43,10.85,10.61,10.97,11.3,11.98
4141,龍燈-KY,41.01,43.06,43.22,41.4,42.91,39.62,38.2,39.25,39.44
4142,國光生,14.46,13.77,13.41,12.87,12.12,11.35,10.76,10.23,8.88
4144,康聯-KY,36.75,36.45,34.69,28.44,28.95,27.72,27.22,27.72,28.09
4152,台微體,44.7,42.86,40.61,36.83,32.38,29.47,25.7,21.99,17.57
4153,鈺緯,27,20.91,19.02,18.71,19.5,16.47,16.93,13.58,14.83
4154,康樂-KY,11.39,12.35,11.64,12.58,11.4,10.56,10.4,10.24,9.45
4157,太景*-KY,220.8,395.43,378.76,347.89,321.73,295.97,761.65,742.14,678.32
4160,創源,12.89,12.89,12.73,12.81,12.53,12.81,12.83,12.98,12.98
4161,聿新科,19.9,19.48,19.1,19.03,19.69,19.24,17.5,17.32,16.78
4162,智擎,30.97,25.59,25.69,25.92,31.01,25.08,22.81,22.8,26.59
4163,鐿鈦,34.25,36.1,34.72,36.32,38.2,38.51,33.58,34.96,35.65
4164,承業醫,36.95,36.76,34.62,34.44,35.53,35.62,34.71,34.43,35.12
4168,醣聯,27.49,27.06,26.61,26.3,25.8,25.6,25.09,24.6,24.04
4171,瑞基,9.87,9.66,9.6,9.52,8.91,8.41,8.51,8.18,7.31
4173,久裕,23.77,23.85,23.79,23.86,24.07,24.08,23.58,23.51,23.65
4174,浩鼎,42.09,38.31,38.4,36.93,35.9,33.64,32.6,31.06,29.39
4175,杏一,26.47,27.53,24.39,24.98,25.88,30.98,28.42,29.47,30.59
4180,安成藥,49.47,47.8,48.94,47.38,49.68,49.17,50.01,48.45,46.88
4188,安克,,,,,,,,,
4192,杏國,14.43,10.82,9.63,14.32,13.82,12.82,11.96,11.31,10.31
4198,環瑞醫,9.67,8.75,7.9,6.95,6.26,5.26,4.59,3.85,3.28
4205,中華食,,,,,,,,,
4207,環泰,9.93,10.28,10.41,10.28,10.5,10.76,11.04,11.56,11.79
4303,信立,10.85,10.59,10.23,10.2,10.16,36.47,99.79,73.45,73.78
4304,勝昱,8.05,8.12,7.78,7.33,7.03,6.51,6.05,5.77,5.31
4305,世坤,,,,,,,,,
4306,炎洲,17.13,17.29,16.62,16.23,15.51,12.78,13.08,13.3,16.24
4401,東隆興,20.86,21.85,19.41,20.54,21.49,22.54,20.19,21.28,22.04
4402,福大,2.97,7.09,6.57,7.05,6.81,6.41,6,5.4,5.77
4406,新昕纖,,,,,,,,,
4413,飛寶企業,,,,,,,,,
4414,如興,8.34,8.15,9.02,8.83,8.12,1.28,16.32,15.77,15.51
4415,台原藥,0.33,0.13,0.02,0.49,0.3,0.36,0.21,0.06,0.2
4416,三圓,41.07,40.99,35.44,34.87,33.6,33.3,31.04,30.93,30.98
4417,金洲,23.62,24.15,23.54,24.45,25.14,24.29,23.06,23.6,24.33
4419,元勝,,,,,,,,,
4420,光明,,,,,,,,,
4426,利勤,21.93,19.86,20.13,22.13,23.45,19.26,19.22,19.66,19.89
4429,聚紡,30.58,31.04,30.4,30.36,30.29,30.12,29.67,29.26,27.86
4430,耀億,34.71,34.97,33.48,32.89,33.38,32.94,32.13,32.05,32.36
4432,銘旺實,29.41,30.72,27.62,27.73,27.93,27.56,25.9,26.28,26.27
4433,興采,23.15,22.3,22.21,22.32,22.68,21.81,21.27,21.39,21.6
4502,健信,12.52,12.51,12.79,12.77,13.12,13.45,15.29,16.03,16.23
4503,金雨,5.91,8.04,8.21,8.21,8.24,10.84,11.19,11.55,11.65
4506,崇友,17.51,18.56,17.76,18.48,18.92,23.33,21.78,21.49,22.24
4510,高鋒,20.15,21.2,21.19,21.55,20.08,20.11,20.96,21.24,21.29
4513,福裕,12.66,12.24,11.57,10.93,10.91,10.48,10.36,10.79,10.74
4523,永彰,30.47,30.15,29.53,28.7,28.21,26.67,26.68,26.64,25.77
4526,東台,22.3,22.49,21.65,21.43,21.39,20.82,20.27,20.44,19.9
4527,方土霖,16.73,16.88,15.63,16.39,17.3,17.35,15.85,16.54,17.26
4528,江興鍛,22.02,22.37,20.64,20.88,21.71,22,21.85,23.46,24.66
4529,淳紳,28.91,27.82,27.39,27.45,26.27,24.05,22.72,21.68,19.72
4530,宏易,5.02,4.61,4.13,7.07,7.08,6.72,6.65,6.6,6.54
4532,瑞智,16.56,16.41,15.25,16.1,16.28,15.76,14.64,15.44,15.98
4533,協易機,16.54,16.8,16.46,16.51,16.12,15.56,15.37,15.64,15.8
4534,慶騰,11.96,11.64,11.68,11.73,12.02,10.76,10.62,11.43,11.81
4535,至興,29.69,30.39,28.75,29.2,30.08,30.23,28.89,29.82,30.31
4536,拓凱,53.11,53.54,49.44,49.74,52.31,49.24,46.68,49.14,50.07
4541,晟田,,,,,,,,,
4542,科嶠,20.18,18.98,18.06,17.29,17.66,16.99,18.6,19.71,19.97
4549,桓達,32.15,32.61,30.4,30.89,32.28,30.84,29.92,31.34,32.59
4550,長佳,19.19,19.28,19.23,20.38,20.87,20.25,19.04,19.56,20.29
4609,唐鋒,9.61,9.49,9.44,9.68,9.34,8.33,7.82,7.87,7.63
4702,中美實,12.86,13.64,13.57,13.2,10.08,9.54,9.42,9.3,6.59
4703,,,,,,,,,,
4706,大恭,17.02,17.43,17.05,17.42,17.79,17.96,17.2,17.81,17.92
4707,磐亞,16.23,15.27,14.53,15.27,16.53,,,,
4711,永純,18.02,18.39,18.22,18.58,19.02,19.47,18.21,18.5,18.6
4712,南璋,6.34,9.75,9.2,8.9,8.5,8.16,8,8,7.75
4714,永捷,13.06,11.2,11.11,11.31,13.37,14.13,14.58,15.49,15.71
4716,大立,12.13,11.99,11.9,11.96,11.95,11.91,11.79,11.94,12.01
4720,德淵,13.32,12.32,11.47,11.4,12.76,12.31,12.06,12.37,12.35
4721,美琪瑪,14.63,15.12,14.05,14.19,14.65,14.5,14.25,15.11,15.77
4722,國精化,22.78,24.36,22.53,23.4,24.14,24.4,22.81,24.05,24.59
4725,信昌化,,,,,,,,,
4726,永昕,,,,,,,,,
4728,雙美,10.24,10.3,9.94,9.98,10.19,10.16,10.29,10.4,10.51
4729,熒茂,13.1,13.3,17.86,15.64,13.57,13.64,14.11,14.91,14.4
4733,上緯企業(下市),,,,,,,,,
4735,豪展,12.56,12.9,11.35,12.65,13.17,13.17,12.03,13.01,13.05
4736,泰博,40.02,40.19,37.65,38.81,39.91,38.49,34.58,36.72,38.98
4737,華廣,40.09,40.29,38.88,39.65,40.8,41.57,34.24,34.15,34.98
4739,康普,24.54,28.49,27.64,27.99,28.17,25.57,24.33,31.42,33.14
4743,合一,,,13.38,13.25,12.93,,12.23,12.19,11.99
4745,合富-KY,30.56,30.26,27.9,27.52,27.45,27.58,27.23,28.17,28.85
4746,台耀,39.61,41.73,41.52,44.15,46.26,44.99,42.48,42.7,43.22
4747,強生,,,,,,,,,
4755,三福化,28.59,28.66,28.88,29.59,30.26,30.74,30.34,31.75,32.73
4903,聯光通,10.64,10.73,10.27,10.36,10.4,10.36,10.46,10.58,10.36
4904,遠傳,22.07,22.97,20.14,21.13,21.79,22.67,19.83,20.71,21.41
4905,台聯電,83.47,90.17,78.07,79.2,65.5,74.51,80.39,82.93,83.22
4906,正文,28.04,28.16,27.83,27.7,28.06,25.95,24.95,30.31,28.99
4907,富宇,,,,,,,,,
4908,前鼎,,,,,,,,,
4909,新復興,27.95,28.43,27.36,27.44,28.14,27.54,26.92,27.2,27.32
4911,德英,,,,,,,,,
4912,聯德控股-KY,41.26,39.63,34.4,34.87,35.35,34.12,32.37,35.29,37.34
4915,致伸,23.64,24.34,22.87,24.02,24.88,24.72,23.88,25.53,25.54
4916,事欣科,15.59,14.95,14.86,15.67,16.83,14.03,13.91,14.76,14.86
4919,新唐,15.04,15.39,15.18,15.83,16.27,16.69,15.85,17.22,17.64
4924,欣厚-KY,10.93,10.65,9.71,9.02,8.62,7.86,7.85,7.83,7.79
4927,泰鼎-KY,33.32,34.14,32.74,32.97,32.35,27.09,27.04,30.06,30.31
4930,燦星網,34.29,33.65,33.47,32.81,32.77,31.21,30.71,30.48,30.44
4933,友輝,37.3,37.59,37,37.62,38.54,38.29,37.34,37.67,37.8
4934,太極,16.86,15.37,16.93,15.59,14.89,13.75,12.73,12.7,11.93
4935,茂林-KY,44.64,44.97,43.38,44.21,45.18,47.36,45.4,46.18,46.19
4938,和碩,57.77,58.7,54.64,55.48,57.58,56.1,53.14,54.73,55.84
4939,亞電,12.94,12.49,12.06,11.98,12.47,12.2,12.66,13.24,13.49
4942,嘉彰,48.74,50.59,48.58,47.53,47.43,45.22,45.25,46,46.48
4944,兆遠,14.41,13.39,12.2,11.33,10.52,9.6,8.68,8.18,7.53
4946,辣椒,11.96,11.22,9.94,9.11,9.53,9.47,11.42,11.52,12.06
4947,昂寶-KY,60.38,51.11,53.13,55.55,58.69,55,55.01,60.84,65.11
4950,牧東,18.73,23.36,23.5,25.62,26.54,27.53,24.68,24.82,23.17
4952,凌通,19.65,20.33,18.57,19.35,19.89,20.17,17.97,18.91,19.66
4953,緯軟,22.93,22.96,22.24,21.53,22.02,21.44,21.16,22.07,23
4956,光鋐,19.91,19.46,19.57,19.82,19.97,19.99,20.24,20.49,20.59
4958,臻鼎-KY,52.51,52.16,46.7,47.2,47.51,45.58,38.34,41.34,55.11
4960,奇美材,24.65,23.91,22.34,21.24,20.77,12.41,12.16,14.15,13.91
4965,商店街,22.05,22.36,20.54,20.66,20.78,12.87,18.92,10.19,1.63
4966,譜瑞-KY,84.9,86.88,87.05,89.58,97.05,95.16,92.31,102.19,106.87
4971,IET-KY,43.09,40.95,40.19,39.61,41.16,39.11,38.49,39.46,39.78
4972,湯石照明,31.05,31.39,28.91,29.39,29.67,28.85,27.06,28.34,29.69
4973,廣穎,23.92,24.55,24.41,25.11,25.8,25.77,23.78,24.01,23.55
4974,亞泰,27.51,27.16,25.32,26.29,27.64,28.89,28.22,29.57,30.47
4976,佳凌,,,,,,,,,
4977,眾達-KY,27.82,26.74,24.26,24.84,27.03,25.12,22.31,23.3,28.17
4979,華星光,26.74,28.29,24.48,22.94,21.96,16.15,20.18,18.83,16.34
4984,科納-KY,38.49,39.31,38.09,39.16,41.04,38.51,34.33,34.64,32.85
4987,科誠,34.51,35.43,31.2,31.94,33.09,31.42,30.09,31.61,32.79
4991,環宇-KY,28.44,23.67,25.45,26.46,27.81,25.59,26.59,30.14,31.56
4994,傳奇,15.45,15.09,15.05,14.52,14.17,13.6,13.08,12.43,11.58
4995,晶達,14.99,16.08,14.05,14.58,14.98,15.4,14.68,15.55,16.18
4999,鑫禾,37.67,37.95,36.33,37.74,40.47,39.81,38.21,39.72,41.25
5007,三星,17.8,18.71,17.68,18.59,19.45,20.38,18.73,19.84,20.79
5009,榮剛,19.29,18.54,18.08,18.16,18.4,17.62,17.57,17.72,17.75
5011,久陽,,,,,,,,,
5013,強新,17.48,18.15,17.93,18.15,18.83,16.28,16.48,16.9,17.64
5014,建錩,11.34,10.7,10.6,10.31,12.32,11.73,10.22,11.85,12.06
5015,華祺,17.34,17.99,16.88,17.21,18.22,18.45,17.01,18.14,18.98
5016,松和,22.07,22.62,22.59,23.47,24.47,25.33,23.7,24.88,25.83
5102,富強,13.51,13.64,13.17,13.36,13.57,13.77,13.39,13.74,14.04
5201,凱衛,11.41,11.14,9.62,9.92,10.32,10.02,9.99,10.79,11.28
5202,力新,8.69,8.68,8.91,8.96,8.98,8.93,9.13,9.24,9.23
5203,訊連,47.02,47.92,45.07,45.24,43.31,47.94,42.9,43.72,44.16
5205,漢康,2.68,2.61,2.15,1.93,1.46,1.17,0.79,0.58,0.71
5206,坤悅,14.21,14.29,13.69,14.96,14.81,15.82,15.41,15.45,15.5
5209,新鼎,21.97,22.66,21.11,21.77,22.29,22.99,21.45,22.25,22.98
5210,寶碩,11.01,10.91,11.14,11.07,11.3,10.82,10.65,10.42,10.39
5211,蒙恬,16.69,16.84,16.41,16.46,16.59,16.55,16.13,16.28,16.29
5212,凌網,10.95,10.43,9.78,10.31,10.94,10.13,9.73,10.85,11.23
5213,亞昕,19.67,19.82,18.25,17.94,19.43,21.24,20.45,19.16,22.75
5215,科嘉-KY,38.41,38.03,34.74,34.22,35.07,33.05,30.59,31.74,32.18
5225,東科-KY,27.35,27.09,23.17,23.84,23.77,22.56,21.35,23.16,24.71
5227,立凱-KY,12.17,9.15,9.08,16.15,15.75,15.16,14.85,15.47,14.39
5230,雷笛克光學,29.81,28.29,26.95,26.45,27.17,24.53,25.02,26.29,26.76
5234,達興材料,20.96,21.55,20.37,21.51,22.74,23.79,21.77,23.22,24.81
5243,乙盛-KY,35.85,35.89,34.54,33.84,34.27,33.12,32.83,33.77,34.08
5251,天鉞電,21.5,21.89,20.79,20.63,21.07,22.5,20.64,20.17,19.81
5255,美桀,16.75,16.64,16.93,17.44,18.55,18.51,18.37,21.47,22.83
5259,清惠,,,,,,,,,
5263,智崴,54.7,58.48,55.84,56.26,58.03,58.99,57.84,59.14,61.45
5264,鎧勝-KY,91.26,92.83,84.13,82.32,84.62,65.39,64.41,67,67.79
5266,,,,,,,,,,
5269,祥碩,23.56,24.81,22.88,25.02,27.26,27.91,23.42,26.96,29.05
5272,笙科,,,,,,,,,
5274,信驊,33.29,35.18,30.46,33.95,56.25,60.49,52.27,56.99,61.3
5276,達輝-KY,17.07,17.81,15.86,15.68,16.09,15.65,14.45,14.7,14.27
5278,尚凡,14.89,14.02,12.56,10.99,9.77,8.48,8.04,8.13,9.39
5284,jpp-KY,33.66,34.82,33.15,33.77,34.77,34.86,34.73,36.97,38.22
5285,界霖,21.5,21.83,20.05,20.19,20.76,18.5,18.7,22.81,24.71
5287,數字,44.91,45.49,37.06,40.31,43.8,45.96,37.97,41.31,43.05
5288,豐祥-KY,38.47,39.25,35.65,36.4,39.42,38.42,35.9,37.37,39.05
5289,宜鼎,36.43,36.62,33.86,35.54,37.88,35.56,34.67,40.47,45.66
5291,邑昇,20.66,20.65,20.33,19.79,19.56,19.04,19.41,19.41,18.59
5301,寶得利,15.63,14.21,13.81,13.14,12,9.96,9.69,11.62,10.39
5302,太欣,10.28,10.22,10.17,10.16,10.12,10.38,10.28,10.16,10.01
5304,鼎創達,2.53,2.32,2.68,2.71,2.98,2.94,2.85,2.57,2.3
5305,敦南,26.82,26.59,25.45,24.94,24.46,23.4,23.42,24.47,24.58
5306,桂盟,33.39,34.74,32.94,33.65,35.21,35.19,34.91,37.72,39.9
5309,系統電,10.22,10.38,10.09,9.79,8.69,8.25,8.25,8.02,7.38
5310,天剛,12.83,12.71,11.82,11.79,11.6,11.56,11.62,11.57,11.65
5312,寶島科,37.65,39.21,36.39,37.17,38.01,38.43,35.94,37.44,38.44
5314,世紀,6.59,6.25,5.64,5.46,5.09,4.5,4.05,3.73,4.96
5315,光聯,10.18,11.11,12.21,13.12,14.04,13.99,11.89,11.66,11.7
5317,凱美,11.89,12.16,10.67,10.44,10.37,10.19,11.17,11.71,12.36
5321,友銓,11.19,11.49,11.78,11.95,12.73,12.21,12.13,12.33,10.43
5324,士開,7.97,7.49,9.23,8.83,8.48,8.25,8.15,7.64,8.02
5328,華容,10.03,10.22,10.3,10.59,10.5,10.47,10.17,9.97,9.92
5340,建榮,6.35,6.29,6.34,6.39,6.46,6.62,6.83,7,7.16
5344,立衛,,,,,,,,,
5345,天揚,10.4,9.47,9.74,9.97,8.73,8.95,8.37,8.39,7.31
5347,世界,16.72,17.59,15.92,16.68,17.51,18.09,15.69,16.4,17.01
5348,系通,4.42,3.96,3.46,2.92,2.78,,,,
5349,先豐,16.21,16.86,15.28,15.22,15.09,14.9,13.92,13.93,14.13
5351,鈺創,10.16,9.92,9.75,9.39,9.15,8.53,8.26,8.04,7.89
5353,台林,13.1,14.74,14.52,13.43,13.63,14.77,14.5,14,14.11
5355,佳總,10.99,10.76,10.7,10.55,10.68,10.46,10.45,10.29,10.13
5356,協益,42.68,43.14,39.8,39.82,40.87,40.19,37.78,38.99,39.26
5364,力麗店,21.15,14.77,14.24,20.67,21.1,20.53,19.48,19.3,18.74
5371,中光電,42.86,53.48,51.29,48.59,49.8,47.96,45.97,47.74,49.57
5381,合正,1.61,2.41,2.47,2.5,2.61,1.74,2.49,2.5,2.5
5383,金利,10.39,9.84,9.27,8.74,8.35,7.75,7.67,7.88,7.89
5384,捷元(下櫃),,,,,,,,,
5386,青雲,,,,,,,,,
5388,中磊,28.78,29.35,27.03,27.9,30.3,29.86,26.13,28.15,29.85
5392,應華,43.31,42.5,40.59,40.84,42.18,35.65,35.4,36.69,38.45
5395,圓方創新(下櫃),,,,,,,,,
5398,慕康生醫,8.83,5.8,8.46,10.87,12.09,12.6,12.78,12.92,12.54
5403,中菲,19.09,19.94,18.39,18.87,19.79,20.91,18.77,19.83,20.51
5410,國眾,11.88,12.69,11.73,12.02,12.38,12.64,11.98,12.3,12.75
5425,台半,22.73,23.42,21.15,21.49,22.33,22.32,20.9,21.78,22.73
5426,振發,15.5,15.67,15.34,15.38,15.66,15.26,14.58,14.82,14.64
5432,達威,,,,,,,,,
5434,崇越,36.49,37.38,35.19,36.81,38.55,36.31,33.13,34.98,41.67
5438,東友,15.98,16.31,14.38,15.41,15.94,16.61,15.9,16.87,17.36
5439,高技,,,,,,,,,
5443,均豪,14.02,14.25,14.26,14.22,14.1,13.99,12.38,12.65,13.43
5450,寶聯通,9.75,9.88,9.78,9.72,9.76,9.51,9.59,9.57,9.73
5452,佶優,12.85,13.05,12.71,12.62,12.72,12.47,12.58,12.7,12.57
5455,昇益,,,,,,,,,
5457,宣德,11.45,11.38,10.58,10.45,10.59,10.27,10.51,10.72,11.02
5460,同協,13.9,13.99,13.32,13.18,13.28,13.06,12.72,12.85,12.86
5464,霖宏,17.9,17.43,16.12,15.65,16.64,14.47,14.11,14.36,14.35
5465,富驊,11.01,11.05,10.69,10.61,11.04,10.82,11.04,11.41,11.49
5466,泰林(下櫃),,,,,,,,,
5468,凱鈺,6.3,4.48,4.51,5.6,5.2,4.83,4.43,4,3.6
5469,瀚宇博,26.92,27.42,27.04,27.58,27.6,27.02,28.1,31.14,34.68
5471,松翰,18.54,18.68,17.14,17.51,17.85,17.96,16.72,17.23,17.47
5474,聰泰,,,,,,,,,
5475,德宏,7.5,7.02,6.02,5.31,3.75,5.15,5.41,5.91,6.35
5478,智冠,42.65,43.89,42.73,44.01,44.68,45.48,44.17,44.12,44.5
5480,統盟,20.84,20.91,20.27,20.07,20.06,19.37,19.22,19.8,20.07
5481,華韡,11.05,11.32,10.81,10.86,11.91,11.93,11.68,11.64,11.25
5483,中美晶,39.63,40.19,40.01,37.44,36.03,33.92,42.52,44.29,45.84
5484,慧友,8.53,8.51,8.63,8.71,8.6,8.32,8.23,7.99,7.63
5487,通泰,21.88,22.21,21.1,21.5,22,21.98,20.45,20.86,21.19
5488,松普,11.33,11.42,10.99,10.83,10.88,10.4,10.42,10.55,10.51
5489,彩富,21.11,20.96,17.94,18.02,19.17,19.43,18.27,19.02,20.31
5490,同亨,19.42,20.06,15.93,16.6,18.93,19.12,15.9,15.79,15.94
5491,,14.59,13.5,12.68,12.22,16.55,15.81,15.59,15.17,
5493,三聯,20.79,21.2,19.83,20.64,21.38,21.47,19.96,20.62,21.13
5498,凱崴,11.07,10.79,10.86,10.57,10.75,10.16,10.21,10.51,10.88
5505,和旺(下櫃),,,,,,,,,
5506,,,,,,,,,,
5508,永信建,,,,,,,,,
5511,德昌,21.63,25,24.59,23.52,25.34,30.1,29.99,28.57,29.92
5512,力麒,17.77,18.1,17.65,17.81,17.86,18.78,18.26,18.29,18.28
5514,三豐,12.05,12.22,12.29,12.44,12.48,12.66,12.23,12.29,12.82
5515,建國,15.84,15.75,15.08,14.79,14.84,14.26,13.96,14.27,14.49
5516,雙喜,,,,,,,,,
5519,隆大,15.93,15.93,16.01,16.12,16.6,17.04,16.75,16.88,17.39
5520,力泰,25.9,26.47,25.46,26.01,26.36,26.91,25.49,25.82,25.95
5521,工信,11.8,11.79,11.8,11.84,12.17,12.16,12.07,12.05,10.96
5522,遠雄,52.18,52.47,51.9,53.1,52.14,52.39,49.15,50.18,50.71
5523,豐謙,10.36,10.22,9.94,10,10.15,7.47,7.86,10.6,11.08
5525,順天,16.75,16.71,15.28,15.5,15.54,17.58,17.34,16.1,17.27
5529,志嘉,10.8,10.54,10.18,9.88,9.42,8.86,8.54,8.14,7.92
5530,龍巖,20.63,21.82,22.19,23.17,24.6,28.1,27.17,28.63,29.82
5531,鄉林,12.45,12.56,12.09,11.92,12.53,11.57,11.53,11.69,12.44
5533,皇鼎,26.24,25.37,25.14,25.22,25.44,25.5,25.02,25.28,25.94
5534,長虹,35.5,36.31,36.07,40.84,42.61,44.84,40.85,42.81,47.09
5536,聖暉,62.65,63.25,59.35,62.08,64.76,68.42,66,70.31,82.08
5538,東明-KY,20.79,21.12,20.2,20.16,21.01,20.91,19.78,21.31,22.79
5601,台聯櫃,,,,,,,,,
5603,陸海,14.99,15.31,14.49,14.71,14.95,15.13,14.72,15.01,15.1
5604,中連貨,22.49,22.7,19.7,19.87,20.52,20.57,18.8,18.89,19.61
5607,遠雄港,18.69,19,19.29,19.67,19.89,20.33,20.51,21.02,21.28
5608,四維航,21.53,20.16,19.65,18.49,18.47,16.35,15.48,14.86,11.87
5609,中菲行,15.05,15.13,15.06,14.84,15.85,14.62,13.32,13.75,13.72
5701,劍湖山,6.92,6.57,6.22,5.78,5.51,5.11,4.7,4.44,4.22
5703,亞都,13.26,13.29,12.74,12.48,13.08,13.22,12.92,12.51,12.8
5704,老爺知,,,,,,,,,
5706,鳳凰,17.5,17.75,13.93,14.8,15.1,16.07,14.93,16.26,16.86
5820,日盛金,11.02,10.69,10.7,10.78,10.58,10.67,10.82,10.9,11.03
5871,中租-KY,33.26,34.54,32.31,33.18,34.51,31.93,30.8,33.03,42.45
5878,台名,18.2,19.37,17.11,17.95,19.06,20.33,18.08,19.08,19.58
5880,合庫金,16.85,16.12,16.14,16.49,16.43,16.25,15.94,,16.48
5902,德記,6.89,6.89,7,7.18,7.27,7.28,7.37,7.52,7.53
5903,全家,20.83,21.63,19.16,21.46,22.29,22.77,19.48,21.69,23.18
5904,寶雅,,,,,,,,,
5905,南仁湖,11.99,12.11,11.94,12.2,12.05,12.17,11.93,12.23,12.19
5906,台南-KY,3.12,9.28,7.85,13.75,17.29,2.02,1.88,5.01,5.71
5907,大洋-KY,52.62,51.58,49.82,46.91,47.65,45.54,45.74,46.7,48.87
6005,群益證,13.06,13.46,13.19,13.4,13.01,13.82,13.72,14.14,14.49
6015,宏遠證,11.22,11.6,11.35,11.21,10.82,11.84,11.68,12.04,12
6016,康和證,11.21,12.07,11.5,11.31,10.8,11.35,11.3,11.95,12.24
6020,大展證,14.45,14.56,14.46,14.62,14.54,14.9,14.83,15.32,15.41
6021,大慶證,14.19,13.91,13.84,13.96,14.12,14.31,14.55,14.86,15.25
6022,大眾證券(下櫃),12.82,12.8,12.55,12.57,12.49,12.56,12.23,,
6023,元大期,29.17,30.61,29.32,30.2,30.93,31.67,29.95,31.17,32.15
6024,群益期,24.12,19.27,18.17,18.87,19.75,27.53,26.39,27.99,28.91
6101,寬魚國際,8.13,8.7,7.22,6.77,7.28,6.23,6.31,6.7,12.02
6103,合邦,1.2,1.25,1.29,1.27,1.32,1.43,1.54,1.66,1.85
6104,創惟,16.71,16.99,14.65,15.42,16.02,15.83,13.51,14.16,14.63
6105,,,,,,,,,,
6107,華美電子,15.08,14.98,16.75,16.63,16.81,14.59,14.39,,
6108,競國,22.15,22.31,22.42,22.51,23.7,22.9,21.93,22.48,22.8
6109,亞元,12.13,12.18,11.07,10.96,11.26,11.29,10.66,10.85,11
6111,大宇資,10.21,11.82,12.21,12.27,10.71,11.49,13.53,11.6,10.28
6112,聚碩,20.06,19.69,18.9,19.52,20.15,19.77,19.02,19.7,20.42
6113,亞矽,11.04,10.95,10.87,11.74,11.87,11.35,11.22,11.13,10.89
6114,久威,21.81,20.52,19.07,19.79,23.07,22.55,22.84,25.25,22.77
6115,鎰勝,29.21,29.33,26.91,27.63,28.61,28.24,25.26,26.41,26.82
6116,彩晶,10.09,9.79,9.56,10.29,11.47,12.04,11.85,12.53,13.06
6117,迎廣,19.13,18.7,18.13,17.69,16.71,15.35,14.79,14.52,19.57
6118,建達,10.91,10.97,10.83,10.87,10.94,10.84,10.85,10.93,11.04
6120,達運,18.77,20.06,19.03,18.09,18.03,17.4,17.48,17.98,18.05
6121,新普,68.64,70.95,65.43,66.86,68.95,116.27,110.16,107.74,112.4
6122,擎邦,13.93,14.19,14.18,13.95,13.55,13.67,13.62,14.18,13.84
6123,上奇,19.75,20.73,19.4,19.88,20.64,19.19,17.62,18.31,19.42
6124,業強,15,14.65,15.9,15.67,15.6,14.84,14.64,14.34,14.19
6125,廣運,19.41,19.59,18.86,17.2,16,15.57,14.87,14.84,14.44
6126,信音,10.24,9.9,9.76,9.99,10.27,9.7,10.31,11.04,11.14
6127,九豪,13.46,13.41,13.2,13.01,12.86,12.24,12.24,12.72,12.77
6128,上福,20.41,22.17,20.3,19.24,20.36,20.47,18.53,18.69,22.25
6129,普誠,11.14,11.09,11.18,11.02,11.14,10.81,10.78,10.7,10.67
6130,星寶國際,11.07,11.16,10.94,10.86,11.04,10.94,10.91,10.68,10.63
6131,悠克,6.85,9.08,8.7,8.65,8.21,8.08,9.58,11.65,11.61
6133,金橋,13.88,13.88,13.43,13.26,13.23,12.9,12.85,13.03,13.16
6134,萬旭,6.54,6.31,6.36,6.74,6.81,6.79,7.09,7.34,7.38
6135,,,,,,,,,,
6136,富爾特,24.43,25.81,25.07,25.86,26.22,26.18,25.16,25.92,25.52
6138,茂達,17.47,17.86,16.83,17.53,18.28,18.73,17.3,19.1,21
6139,亞翔,36.12,34.35,33.79,33.87,34.16,32.37,31.55,32.68,33.65
6140,訊達,11.62,11.23,11.05,10.71,10.47,10.01,10.12,10.41,10.65
6141,柏承,14.56,13.83,13.05,12.48,12.48,12.31,12.65,13.11,13.46
6142,友勁,11.26,12.81,12.54,12.24,12.18,11.88,11.29,11.07,10.79
6143,振曜,26.11,25.2,24.26,23.84,27.91,24.42,22.89,23.28,23.74
6144,得利影,7.03,6.95,6.86,6.81,6.43,6.27,6.3,6.36,6.39
6145,勁永,15.15,14.96,14.58,14.17,14.56,13.69,13.67,13.54,7.49
6146,耕興,34.75,36.16,32.18,33.82,35.7,36.91,33.15,35.47,37.44
6147,頎邦,36.11,36.31,34.66,35.28,36.45,36.2,35.03,36.25,37.43
6148,驊宏資,10.56,10.52,10.42,9.71,8.59,7.83,7.35,7.36,7.48
6150,撼訊,5.38,9.18,9.39,9.56,9.41,8.16,9.13,14.7,17.81
6151,晉倫,18.15,18.66,16.91,17.09,17.75,17.89,16.36,16.94,17.41
6152,百一,13.59,13.31,12.73,12.56,12.44,12.3,12.47,11.92,11.23
6153,嘉聯益,26.11,25.68,24.39,24.02,23.93,22.97,22.73,23.16,23.21
6154,順發,15.8,16.2,15.45,15.78,15.92,16.35,15.55,15.82,16
6155,鈞寶,16.98,17.01,16.09,16.11,16.3,15.79,15.38,15.85,15.79
6156,松上,12.17,12.39,12.17,12.27,12.64,12.12,12.24,12.92,13.11
6158,禾昌,24.42,23.69,23.09,22.57,22.88,21.44,20.83,21.5,21.4
6160,欣技,13.67,14.43,13.75,13.73,13.82,12.95,11.51,11.45,11.95
6161,捷波,12.21,12.41,12.21,12.12,12.21,12.27,11.83,12.26,12.8
6163,華電網,12.25,11.64,11.36,10.98,12.57,12.17,11.75,13.24,14.18
6164,華興,13.38,14.4,13.84,13.35,12.32,12.82,12.35,12.53,12.45
6165,捷泰,9.52,9.33,9.2,8.97,8.94,8.64,8.61,8.95,8.74
6166,凌華,18.09,22.52,20.43,20.39,21.49,21.14,20.08,20.93,21.22
6167,久正,5.58,5.77,5.89,5.94,6.25,6.28,6.59,6.82,7
6168,宏齊,13.01,12.63,11.89,11.97,12.06,12.13,12.39,13.05,13.45
6169,昱泉,13.8,12.91,11.83,10.13,9.41,8.42,8.27,9.45,7.75
6170,統振,12.89,13.17,12.56,12.59,12.85,12.73,12.6,12.62,12.68
6171,亞銳士,,,,,,,,,
6172,互億,,,,,,,,,
6173,信昌電,14.82,15.09,15.01,15.53,15.89,17.73,17.63,18.13,19.23
6174,安,11.74,11.9,11.25,11.47,11.81,11.8,11.01,11.22,11.3
6175,立敦,14.68,14.7,14.12,13.74,13.85,13.44,13.75,15.42,15.92
6176,瑞儀,52.27,52.32,47.64,47.81,49.4,48,46.19,48.57,50.18
6177,達麗,19.1,19.38,17.18,17.37,17.7,15.31,17.22,18.47,19.88
6179,亞通,13.78,14.01,12.4,13.31,14.5,12.39,18.81,19.41,22.79
6180,橘子,16.56,17.16,15.75,13.67,13.12,12.13,12.36,14.66,15.94
6182,合晶,14.49,14.95,14.6,14.27,11.18,10.5,11.11,12.74,13.25
6183,關貿,13.37,13.69,12.86,13.23,13.51,13.85,13.19,13.7,14
6184,大豐電,29.81,25.93,25.18,24.92,24.89,25.17,25.23,25.77,26.7
6185,幃翔,19.95,19.48,18.13,18.35,19.05,18.02,17.3,17.91,18.31
6186,新潤,,,,,,,,,
6187,萬潤,20.17,20.61,19.49,21.13,21.64,21.67,20.21,21.72,22.11
6188,廣明,30.86,30.91,29.68,29.23,29.74,29.06,28.33,28.38,28.76
6189,豐藝,19.24,20.13,17.65,18.13,18.95,20.23,18.36,19.02,19.62
6190,萬泰科,10.28,10.28,10.59,10.95,11.39,10.7,10.54,10.84,10.87
6191,精成科,21,20.78,20.92,20.75,21.53,20.89,20.99,21.58,22.46
6192,巨路,35.51,36.18,34.08,34.5,35.88,40.08,38.78,38.76,40.09
6194,育富,29.88,29.95,28.68,26.77,27.18,25.78,24.97,24.93,24.64
6195,詩肯,,,,,,,,,
6196,帆宣,27.01,27.85,26.2,27.13,27.91,27.59,26.83,27.79,29.13
6197,佳必琪,21.15,21.35,19.65,20.16,20.92,28.32,27.6,24.89,24.99
6198,凌泰,5.76,5.15,6.63,6.18,5.61,4.86,4.61,4.47,4.24
6199,天品,11.01,11.15,11.35,11.38,11.53,11.47,11.56,11.74,11.8
6201,亞弘電,26.82,27.23,26.1,26.65,27.49,27.25,24.93,25.62,26.66
6202,盛群,17.81,18.61,15.83,16.62,17.53,18.1,15.68,16.78,18
6203,海韻電,18.38,18.98,17.57,17.99,18.73,18.39,16.85,17.44,17.97
6204,艾華,24.4,24.18,24.11,24.19,24.73,24.38,24.11,24.62,24.72
6205,詮欣,22.32,22.37,20.83,22.39,22.38,23.35,22.02,22.76,23.15
6206,飛捷,31.14,32.61,28.2,29.33,30.94,31.64,28.36,29.63,28.93
6207,雷科,18.19,18.21,16.05,15.8,16.99,16.55,15.98,16.72,17.16
6208,日揚,15.03,17.64,17.69,16.33,16.5,16.56,16.42,17.05,17.58
6209,今國光,24.41,24.05,23.62,23.31,23.42,22.36,21.95,21.99,21.41
6210,慶生,,,,,,,,,
6211,,,,,,,,,,
6212,理銘,,,,,,,,,
6213,聯茂,22.64,23.24,21.9,22.09,22.8,22.85,21.61,23.16,24.05
6214,精誠,48.74,48.57,44.26,46.27,47.25,47.19,43.34,44.87,45.55
6215,和椿,13.77,13.92,13.88,13.41,13.7,13.48,13.67,13.87,13.77
6216,居易,17.45,17.77,16.4,16.89,17.6,17.62,16.12,16.71,17.45
6217,中探針,24.42,23.01,21.09,21.47,22.79,22.55,21.79,22.81,23.48
6218,豪勉,15.77,15.98,15.42,15.5,15.93,15.95,15.01,15.34,15.91
6219,富旺,11.1,10.86,10.32,10.67,11.04,12.25,12.31,10.85,11.96
6220,岳豐,17.98,18.81,17.6,18.74,19.98,18.75,17.68,19.65,19.37
6221,晉泰,16.35,16.13,15.43,16.19,16.36,16.65,16.86,18.12,18.61
6222,上揚,4.17,3.92,3.25,1.4,1.33,1.48,2.17,3.17,2.95
6223,旺矽,45.64,46.88,45.49,47.8,49.58,50.32,47.24,47.69,47.16
6224,聚鼎,25.89,26.81,23.84,24.96,25.98,26.41,23.04,24.35,25.39
6225,天瀚,0.19,0.12,0.04,0.06,0.05,0.03,0.03,0.05,0.04
6226,光鼎,10.86,10.53,10.52,10.36,10.64,8.25,8.57,8.69,10.34
6227,茂綸,18.29,19.43,18.98,18.68,18.96,19.31,18.52,19.11,19.57
6228,全譜,5.55,10.56,9.94,9.63,9.1,6.41,6.01,5.6,7.51
6229,研通,12.89,12.76,12.9,13.07,13.29,12.74,12.3,12.81,12.79
6230,超眾,40.49,42.88,39.97,41.07,43.82,43.85,37.86,40.3,41.7
6231,系微,18.33,17.82,16.43,15.85,16.31,16.1,16.05,16.26,16.67
6233,旺玖,11.59,11.42,11.18,10.9,10.84,10.5,10.42,10.4,10.53
6234,高僑,32.72,25.25,24.35,24.28,24.36,24.17,23.91,24.11,24.14
6235,華孚,8.16,8.2,8.38,8.52,15.13,14.62,12.66,12.83,13.2
6236,康呈,7.11,6.96,6.73,6.29,6.13,5.49,5.09,4.51,4.6
6237,驊訊,20.03,20.34,20.39,20.49,20.74,20.59,20.19,20.11,19.98
6238,勝麗,24.1,24.84,22.07,23.99,26.59,28.22,24.98,28.07,30.58
6239,力成,43.42,44.48,42.44,44.02,45.97,47.36,44.83,46.92,48.85
6240,松崗,12.4,11.82,11.89,13.16,13.22,13.08,13.05,12.86,11.64
6241,易通展,10.55,10.46,10.27,9.6,9.57,9.06,8.71,8.09,
6242,立康,14.01,,,,,,,,
6243,迅杰,11.13,10.87,10.45,9.97,9.88,9.12,8.7,8.45,8.33
6244,茂迪,29.38,30.88,31.31,29.02,26.83,22.08,20.88,22.56,20.76
6245,立端,23.09,22.41,21.24,23.19,25.31,25.45,23.12,24.25,25.52
6246,臺龍,0.82,6.05,5.96,5.78,14.19,10.28,12.43,13.02,13.02
6247,淇譽電,15.44,15,14.51,14.18,14.43,13.8,13.25,13.41,12.86
6248,沛波,,,,,,,,,
6250,,,,,,,,,,
6251,定穎,16.2,16.03,15.76,15.16,15.21,14.53,14.93,15.17,14.97
6257,矽格,21.74,22.08,20.98,21.58,22.24,22.66,21.69,22.31,23.4
6259,百徽,8.13,2.63,2.44,2.25,2.04,1.2,1.17,1.46,1.38
6261,久元,45.24,46,43.32,43.59,44.3,44.19,42.43,44.36,45.96
6263,普萊德,18.73,19.74,17.18,18.12,19.3,20.36,17.62,18.87,20.3
6264,富裔,5.65,6.36,6.09,8.61,9.27,9.53,9.22,9.24,9.31
6265,方土昶,13.82,13.65,13.15,12.88,13.07,12.43,12.5,12.49,12.36
6266,泰詠,16.65,15.65,14.81,14.65,14.98,14.73,14.54,15.08,15.54
6269,台郡,54.68,47.11,43.56,46.5,51.87,49.48,47.91,52.42,55.31
6270,倍微,17.32,17.03,17.23,17.01,16.88,16.52,17.01,18.1,17.57
6271,同欣電,62.23,63.48,59.11,60.32,62.29,63.52,58.84,61.13,62.96
6274,台燿,26.03,26.77,25.82,26.1,27.04,27.22,26.65,28.01,28.67
6275,元山,12.97,12.84,12.97,13.6,13.62,12.25,12.47,13.6,13.89
6276,安鈦克,9.37,11.58,10.51,10.3,10.48,10.01,10.01,10.1,9.57
6277,宏正,28.94,30.68,26.79,28.45,30.23,31.37,26.97,28.58,30.28
6278,台表科,40.33,40.07,38.71,37.89,39.24,36.65,36.54,37.38,37.18
6279,胡連,41.36,42.72,38.55,39.95,43.18,45.08,41.75,43.9,46.69
6281,全國電,,,,,,,,,
6282,康舒,16.7,16.95,15.64,15.72,15.87,15.76,14.58,14.92,14.92
6283,淳安,5.76,6.41,6.36,6.46,11.09,10.43,10.06,10.16,10.14
6284,佳邦,27.56,26.9,25.7,26.02,26.15,25.23,25.51,26.25,26.43
6285,啟,36.96,36.49,34.01,35.68,37.28,36.94,35.43,37.55,38.75
6286,立錡(下市),,,,,,,,,
6287,元隆,,,,,,,,,
6289,華上,1.54,1.47,1.31,1.09,0.9,0.6,0.8,0.59,0.4
6290,良維,27.56,28,26.34,26.59,27.81,25.58,23.91,24.71,25.79
6291,沛亨,1.55,1.25,1.28,1.28,1.19,1.33,0.98,0.86,0.45
6292,迅德,20.04,20.54,19.1,19.76,20.77,20.73,18.35,19.22,19.85
6294,智基,17.54,17.58,18.43,20.71,22.11,23.41,19.67,21.49,23.69
6298,崴強,16.77,16.48,15.48,15.64,15.86,16.08,16.15,17.28,19.31
6404,通訊-KY,37.83,37.2,35.11,33.03,29.47,26.32,23.27,20.91,17.45
6405,悅城,28.74,28.45,28.24,28.08,28.78,28.23,28.31,28.61,28.9
6409,旭隼,54.68,55.61,45.91,49.45,54.49,57.51,43.13,48.19,53.1
6411,晶焱,20.48,21.29,20.65,21.66,24.07,23.48,23.44,25.34,27.56
6412,群電,17.84,17.89,16.88,18.56,18.91,19.77,18.05,19.11,19.62
6414,樺漢,45.38,46.74,45.37,73.21,78.08,75.87,71.29,76.93,88.56
6415,矽力-KY,58.92,57.37,59.61,77.47,97.67,100.96,103.99,114.66,120.94
6419,京晨科,17.94,16.97,16.45,16.5,17.1,13.26,13.12,12.67,15.38
6422,君耀-KY,35.84,35.29,32.9,33.66,34.94,35.68,33.95,35.99,37.65
6426,統新,18.05,18.25,17.5,17.85,19.32,19.57,19.76,21.11,23.36
6431,光麗-KY,20.17,19.31,16.74,15.31,12.98,11.79,11.34,10.77,9.32
6449,鈺邦,17.69,17.92,16.82,17.12,18.01,17.08,16.28,17.31,19.43
6451,訊芯-KY,58.52,59.71,55.33,54.71,56.52,53.63,50.11,51.03,51.11
6452,康友-KY,83.31,86.29,78.28,79.12,81.77,67.7,65.24,69.05,87.38
6504,南六,36.69,38.11,35.05,35.7,37.49,37.39,34.85,37.32,39.58
6505,台塑化,28,29.01,27.55,29.25,32.44,34.68,30.31,33.82,35.83
6506,雙邦,13.79,14.64,14.58,14.93,15.29,15.51,14.57,14.72,15.03
6508,惠光,25.62,25.52,24.73,24.85,25.14,24.43,23.91,24.57,24.8
6509,聚和,16.16,16.31,15.65,15.33,15.24,13.64,13.31,13.8,15.15
6603,富強鑫,15.08,14.94,14.81,14.64,14.68,12.99,13.15,13.97,14.89
6605,帝寶,66.98,69.33,67.96,68.31,70.73,70.72,69.35,72.05,73.39
6609,瀧澤科,26.82,26.99,25.74,25.68,26.16,25.67,25.75,26.49,27.59
6702,復航(下市),,,,,,,,,
6803,崑鼎,67.67,71.28,65.06,68.27,70.51,72.52,64.51,67.62,70.11
8011,台通,23.26,23.26,23.18,23.35,23.83,22.58,22.65,22.76,22.63
8016,矽創,35.02,36.58,33.67,36.06,38.87,40.52,36.5,38.9,38.84
8021,尖點,29.45,29.36,27.57,27.3,27.49,26.67,26.56,27.27,27.64
8024,佑華,15.04,14.86,14.96,14.91,14.96,14.62,14.71,14.69,14.7
8032,光菱,27.29,27.78,26.94,27.2,27.93,27.4,26.76,27.52,28.19
8033,雷虎,7,6.87,6.67,6.45,5.41,5.99,6.04,5.91,5.8
8034,榮群,6.85,6.79,6.55,7.3,7.3,7.83,7.79,7.74,8.15
8038,長園科,12.31,13.27,14.3,13.79,13.2,12.1,11.56,10.97,10.38
8039,台虹,32.72,32.61,31.07,31.49,32,32.06,31.15,33.25,34.13
8040,九暘,8.64,9.08,9.34,8.86,8.64,8.12,8.07,8.06,9.12
8042,金山電,35.75,34.09,31.89,33.27,36.5,34.85,32.98,34.8,35
8043,蜜望實,28.31,28.12,27.46,27.59,28.75,27.88,27.77,27.94,28.52
8044,網家,50.08,47.85,44.72,46.24,47.5,46.42,43.01,42.9,40.25
8046,南電,56.8,56.22,54.04,52.52,51.63,49.32,48.59,48.2,47.6
8047,星雲,13.16,12.89,12.72,12.8,13.05,12.83,12.67,12.87,12.75
8048,德勝,15.87,16.13,14.68,15.07,15.87,15.83,14.23,15.06,15.7
8049,晶采,11.18,11.89,11.57,11.92,12.39,12.75,11.94,12.34,12.73
8050,廣積,22.54,22.49,20.91,22.81,24.39,24.4,20.66,23.21,23.55
8053,,,,,,,,,,
8054,安國,25.3,27,26.88,26.41,26.32,25.97,26.66,26.9,26.73
8059,凱碩,10.95,11.24,10.45,10.66,10.51,10,9.32,8.84,8.14
8064,東捷,14.62,11.81,11.43,14.23,14.94,15.02,14.14,14.08,14.08
8066,來思達,23.2,24.74,19.21,21.29,25.8,21.1,18.41,21.36,22.13
8067,志旭,6.85,6.72,6.56,6.5,6.54,9.93,9.76,9.8,9.34
8068,全達,3.46,1.56,1.81,8.21,8.37,8.41,8.4,8.41,9.16
8069,元太,23.39,23.09,23.07,23,23.75,23.32,22.34,23.45,23.61
8070,長華,67.29,84.57,77.44,79.65,81.81,88.99,82.94,87.12,89.9
8071,能率網通,15.24,14.77,14.56,14.11,17.42,13.34,13.78,14.4,14.39
8072,陞泰,27.34,27.51,26.7,26.77,26.72,33.3,32.74,30.27,30.05
8074,鉅橡,16.41,14.93,14.18,17.13,17.82,17.63,16.56,17.47,18.05
8076,伍豐,20.78,17.91,17.4,18.44,17.91,16.69,16.02,16.21,16.18
8077,洛,11.16,10.27,9.61,11.57,10.77,10.28,15.57,15.65,15.95
8079,誠遠科技(下櫃),,,,,,,,,
8080,奧斯特,9.48,9.12,9.3,8.92,8.57,7.86,7.52,6.82,6.37
8081,致新,45.7,46.68,42.69,44.42,46.24,46.99,42.91,44.12,44.72
8082,,,,,,,,,,
8083,瑞穎,,,,,,,,,
8084,巨虹,10.21,10,10.28,10.3,10.66,9.98,10.03,10.01,11.11
8085,福華,6.37,5.93,5.85,7.38,8.24,10.69,9.38,9.24,10.14
8086,宏捷科,,,,,,,,,
8087,華鎂鑫,10.1,10.13,10.12,10.22,10.14,10.05,10.54,11.13,10.38
8088,品安,,,,,,,,,
8091,翔名,38.38,39.32,37.1,38.32,39.63,58.44,55.38,59.67,56.94
8092,建暐,10.79,10.77,10.55,10.28,10.04,9.92,9.7,9.45,9.38
8093,保銳,7.68,7.84,7.85,7.87,7.72,7.34,7.37,7.65,7.63
8096,擎亞,20.04,17.55,17.52,16.67,17.4,16.84,17.32,17.46,17.19
8097,常珵,9.52,10.24,10.35,10.22,10.21,10.08,10.04,9.96,13.42
8099,大世科,14.28,14.52,13.82,14.02,14.44,14.83,14.27,14.58,15.07
8101,華冠,9.65,9.3,8.38,7.42,5.99,5.39,5.47,5.01,4.34
8103,瀚荃,29.95,29.08,28.9,29.01,29.72,29.05,28.43,29.64,29.8
8105,凌巨,17.37,17.58,17.81,17.67,18.21,18.16,18.52,19.08,19.25
8107,大億金茂,12.66,15.01,14.14,14.18,12.93,17.22,18.21,23.48,24.02
8109,博大,20.34,21.53,18.41,19.09,20.89,18.74,17.39,19.02,20.18
8110,華東,15.31,15.98,15.88,16.31,16.73,15.62,15.92,16.99,19.34
8111,立,9.43,9.21,9.04,8.81,8.77,8.65,8.72,8.86,8.79
8112,至上,17.64,14.24,14.41,17.31,19.31,18.43,17.2,18.32,19.28
8114,振樺電,26.47,26.18,21.27,22.25,35.8,24.32,21.02,23.61,25.71
8121,越峰,11.78,11.18,10.69,9.96,8.1,7.37,7.68,7.7,7.47
8131,福懋科,,,,,,,,,
8147,正淩,22.51,22.86,21.25,21.6,22.18,21.92,20.38,20.97,21.85
8150,南茂,23.69,23.77,22.45,22.59,18.35,20.77,20.24,20.5,20.75
8155,博智,26.3,27.04,25.94,26.58,27.48,28.21,26.71,28.62,30.71
8163,達方,30.83,30.55,28.57,28.37,27.94,28.56,27.36,28.13,28.53
8171,天宇,12.7,12.51,12.06,10.87,10.89,10.21,9.94,9.54,9.11
8176,智捷,9.66,10.61,10.59,10.53,10.54,10.28,10.15,10.42,10.84
8182,加高,24.83,24.87,23.99,24.02,24.42,24,24.07,24.65,24.86
8183,精星,11.85,12.06,12.07,12.13,12.65,11.77,12.13,14.07,14.57
8201,無敵,15.55,21.55,16.81,16.07,15.49,14.73,14.37,14.23,13.91
8210,勤誠,22.55,23.53,21.97,22.57,23.87,24.08,22.27,23.15,24.39
8213,志超,39.07,39.53,37.05,34.4,34.27,33.14,33.03,34.36,35.12
8215,明基材,14.39,13.99,12.47,11.22,11.33,11.5,11.85,12.47,12.88
8222,寶一,,,,,,,,,
8234,新漢,16.94,17.16,16.37,16.64,17.27,16.86,16.01,16.4,16.7
8240,華宏,46.63,45.72,43.38,41.45,36.94,35.31,35.34,35.93,36.63
8249,菱光,28.07,27.99,26.18,26.62,26.86,26.71,25.75,26.76,26.78
8255,朋程,40.74,42.66,38.24,39.35,41.57,42.73,38.07,41.53,44.42
8261,富鼎,16.26,16.44,16.08,16.08,16.14,15.87,15.28,15.72,16.03
8266,中日新(下櫃),,,,,,,,,
8271,宇瞻,18.97,29.37,27.07,22.97,24.02,24.93,23.35,24.24,25.45
8277,商丞,12.42,12.05,11.78,11.55,10.79,10.46,10.4,10.32,10.08
8287,英格爾,24.87,24.94,24.93,24.99,25.56,24.61,23.39,15.35,1.34
8289,泰藝,19.28,19.12,18.24,17.92,18,17.29,17.1,17.35,17.38
8291,尚茂,,,,,,,,,
8299,群聯,102.98,108.04,100.93,108.96,116.66,123.2,117.56,125.72,132.21
8341,日友,20.25,21.5,19.19,20.36,21.93,22.9,20.85,22.67,24.34
8349,矬,29.9,31.38,28.32,28.54,28.99,24.91,25.94,33.34,38.87
8354,冠好,22.2,22.16,21.75,21.52,22.33,21.51,21.3,23.31,23.29
8358,金居,7.45,7.7,8.25,9.12,10.5,10.01,11.37,20.26,21.03
8374,羅昇,15.6,15.3,15.18,15.19,15.34,15.06,15.71,16.68,17.22
8383,千附,25.34,26.51,25.35,26.41,27.57,28.5,26.86,27.95,28.87
8390,金益鼎,18.78,18.81,18.64,18.2,18.29,17.36,17.71,17.99,18.07
8401,白紗科,14.83,14.7,14.35,13.76,14.33,14.24,14.29,14.93,15.72
8403,盛弘,23.36,23.89,23.05,23.79,23.92,23.19,22.92,23.39,23.5
8404,百和興業-KY,19.42,18.14,17.81,17.62,17.67,16.04,16.65,17.42,17.95
8406,金可-KY,107.66,110.95,104.66,105.99,109.02,108.76,105.36,109.16,111.01
8409,商之器,16.39,15.48,13.9,13.21,13.37,12.68,12.21,11.72,11.97
8410,森田,,,,,,,,,
8411,福貞-KY,39.55,37.74,36.64,36.17,36.02,31.17,31.88,32.95,33.69
8416,實威,30.77,32.25,27.95,29.31,32.31,33.44,29.77,31.5,35.25
8418,捷必勝-KY,26.79,26.67,25.98,23.69,24.48,21.15,20.46,20.61,18.33
8420,明揚,,,,,,,,,
8421,旭源,11.97,11.81,12.41,12.78,13.52,13.58,12.53,12.54,12.5
8422,可寧衛,45.47,49.02,42.41,45.83,48.67,51.76,43.44,46.42,49.69
8423,保綠-KY,15.73,15.14,14.4,13.9,13.97,13.3,13.75,14.4,14.85
8424,惠普,24.35,25.08,23.47,24.29,25.25,26.25,24.33,25.63,26.78
8426,紅木-KY,19.73,21.77,20.84,21.27,21.98,20.59,17.79,19.19,20.86
8427,基勝-KY,42.67,45.77,46.11,43.74,44.55,44.45,40.48,39.58,39.65
8429,金麗-KY,45.76,35.87,36.28,36.13,37.14,36.35,37.26,38.11,38.58
8431,匯鑽科,23.69,23.65,24.15,23.36,22.9,22.02,20.84,20.58,19.98
8432,東生華,,,,,,,,,
8433,弘帆,24.63,26.14,22.21,23.42,25.42,24.81,20.78,22.97,24.06
8435,鉅邁,23.75,24.19,21.57,22.02,22.88,23.24,21.49,22.45,23.29
8436,大江,34.39,32.13,32.46,34.57,36.58,33.4,33.44,36.42,38.92
8443,阿瘦,25.6,25.8,24.32,24.04,24.3,23.66,22.83,22.65,23.46
8446,華研,23.8,24.93,22.12,23.68,26.08,24.89,21.79,23.53,26.24
8450,霹靂,31.56,29.42,29.48,34.53,35.76,35.09,33.64,34.25,33.6
8454,富邦媒,39.7,42.06,37.2,38.8,40.69,42.48,37.12,38.92,41.36
8905,裕國,17.94,17.95,17.37,18.89,20.23,20.86,20.28,21.02,21.51
8906,花王,7.18,7.16,7.05,7.08,6.94,6.84,6.78,6.84,6.77
8908,欣雄,,,,,,,,,
8913,全銓,13.35,16.78,18.54,17.22,17.22,233.22,205.21,159.99,139.61
8916,光隆,30.99,30.09,28.79,31.09,32.37,24.98,22.57,24.56,25.83
8917,欣泰,14.67,15.01,14.5,14.84,15.04,15.46,14.83,15.3,15.54
8921,沈氏,,,,,,,,,
8923,時報,14.29,14.58,13.89,14.01,14.39,14.38,13.71,13.76,14.29
8924,大田,16.57,15.32,14.77,14.51,14.42,13.37,12.72,21.5,22.06
8925,,,,,,,,,,
8926,台汽電,19.5,19.85,18.89,19.32,19.8,19.81,19.23,19.93,20.13
8927,北基,10.27,10.38,10.54,10.44,10.57,10.63,10.7,10.86,10.98
8928,鉅明,14.78,16.51,14.26,13.7,13.76,14.23,12.98,13.49,13.99
8929,富堡,23.92,23.29,22.84,25.03,25.18,22.95,21.91,22.68,22.99
8930,青鋼,13.42,13.34,13.48,13.45,13.67,16.7,16.36,16.7,17
8931,大汽電,14.58,14.21,13.88,14.13,14.4,14.42,13.88,14.58,15.52
8932,宏大,9.32,9.47,9.81,9.66,9.3,8.75,8.95,8.67,8.47
8933,愛地雅,16.78,16.85,15.83,15.74,16.11,12.83,12.88,13.01,14.63
8934,衡平,26.36,27.81,26.4,26.2,27.32,26.34,25.01,25.97,27.46
8935,邦泰,7.61,7.57,7.22,6.28,5.92,8.28,7.87,7.59,7.22
8936,國統,22.94,22.01,21.29,20.3,18.38,17.99,17.82,17.38,16.69
8937,合騏,10.95,11.03,10.89,10.6,10.21,9.97,10.05,10.1,9.92
8938,明安,23.97,24.43,23.44,23.39,25.19,25.11,24.6,25.62,26.95
8940,新天地,11.83,12.88,12.39,11.08,12.02,12.41,12.12,10.68,11.58
8941,關中,35.5,32.46,34.59,35.66,31.7,32.07,31.98,39.77,34.73
8942,森鉅,39.93,41.81,37.81,38.8,40.43,41.47,37.77,34.89,34.75
8996,高力,20.71,21.53,21.09,21.71,22.45,22.38,19.59,19.83,20.02
910069,新曄(下市),,,,,,,,,
9103,美德醫療-DR,,,,,,,,,
910322,康師傅-DR,,,,,,,,,
910482,聖馬丁-DR,,,,,,,,,
9105,泰金寶-DR,,,,,,,,,
9106,新焦點(下市),,,,,,,,,
910708,琱j健-DR,,,,,,,,,
910801,金衛-DR(下市),,,,,,,,,
910861,神州-DR,,,,,,,,,
9110,越南控-DR,,,,,,,,,
911608,明輝-DR,,,,,,,,,
911609,揚子江(下市),,,,,,,,,
911611,中泰山(下市),,,,,,,,,
911612,滬安電力(下市),,,,,,,,,
911613,特藝-DR,,,,,,,,,
911616,杜康-DR,,,,,,,,,
911619,耀傑-DR,,,,,,,,,
911622,泰聚亨-DR,,,,,,,,,
911626,MSH-DR(下市),,,,,,,,,
911868,同方友友-DR,,,,,,,,,
912000,晨訊科-DR,,,,,,,,,
912398,友佳-DR,,,,,,,,,
9136,巨騰-DR,,,,,,,,,
913889,大成糖(下市),,,,,,,,,
9157,陽光能源-DR,,,,,,,,,
9188,精熙-DR,,,,,,,,,
9802,鈺齊-KY,41.21,39.93,38.9,39.66,41.16,38.58,39.32,41.38,42.41
9902,台火,12.09,11.99,11.82,11.82,11.75,11.71,11.76,11.78,11.8
9904,寶成,23.51,25.16,24.62,24.87,25.69,25.46,25.89,27.63,28.37
9905,大華,23.41,23.67,22.39,22.59,22.92,22.74,21.93,22.67,22.86
9906,欣巴巴,10.95,10.78,11.19,11.61,11.64,10.99,11.25,11.48,12.23
9907,統一實,11.87,12,11.69,11.64,11.51,11.36,11.21,11.55,11.67
9908,大台北,19.01,18.98,18.58,19.12,19.95,20.49,19.82,20.31,20.56
9910,豐泰,21.96,20.6,18.12,19.2,20.73,20.5,17.17,19,20.47
9911,櫻花,15.39,20.01,19.04,17.13,17.96,18.39,16.51,17.33,18.8
9912,偉聯,10.63,10.62,10.59,10.52,10.39,10.29,10.51,10.63,10.73
9914,美利達,42.96,44.11,39.64,40.1,42.09,41.09,38.02,39.58,38.75
9917,中保,23.64,24.65,21.72,22.68,21.14,22.71,20.46,21.62,22.43
9918,欣天然,15.71,16.16,15.32,15.47,15.78,16.25,15.51,15.81,16.04
9919,康那香,15.3,15.18,14.86,14.74,12.36,12.21,12.21,12.59,12.59
9921,巨大,54.27,56.7,51.78,52.48,54.5,53.05,51.05,53.65,52.3
9924,福興,26.54,27.88,25.71,26.54,27.23,26.98,25.09,25.98,26.71
9925,新保,22.84,22.9,21.78,22.57,24.5,,23.95,25.01,26.05
9926,新海,15.67,15.43,14.67,15.15,15.52,16.09,14.94,15.58,16.09
9927,泰銘,22.02,22.59,21.28,22.04,23.3,24.12,22.43,23.76,25.4
9928,中視,5.38,4.94,4.48,3.99,3.35,2.82,5.5,4.86,4.62
9929,秋雨,6.21,5.22,6.66,6.6,6.59,6.79,6.68,6.55,6.47
9930,中聯資源,19.31,20.14,17.33,17.93,18.67,19.44,17.22,18.13,19.05
9931,欣高,16.36,16.56,15.84,16.07,16.46,17.02,16.42,16.85,17.31
9933,中鼎,22.36,22.95,21.3,22.07,22.4,22.72,21.72,22.41,23.52
9934,成霖,20.35,20.12,18.89,15.82,15.68,14.57,15.02,15.96,16.42
9935,慶豐富,7.08,7.09,7.19,7.1,7.36,7.1,7.6,7.98,8.24
9937,全國,,,,,,,,,
9938,百和,24.43,25.44,24.4,24.94,26.26,26.59,25.13,26.8,27.88
9939,宏全,38.56,41.45,40.31,40.62,40.14,39.92,39.24,40.99,42.61
9940,信義,14.56,14.37,13.76,13.9,14.69,13.82,14.81,16.53,17.34
9941,裕融,34.29,34.98,31.58,33.8,35.29,36.54,34.16,36.41,38.61
9942,茂順,32.71,33.76,31.01,31.97,33.22,33.61,31.66,33.78,35.17
9943,好樂迪,24.88,26.39,23.65,24.72,25.49,26.71,23.74,24.98,26.08
9944,新麗,27.82,27.9,27.77,27.29,27.27,26.52,26.81,26.99,26.83
9945,潤泰新,20.65,23.4,23.75,25.03,23.22,20,22.52,25.28,28.99
9946,三發地產,17.55,18.4,17.61,17.73,18.12,18.47,17.97,18.16,19.13
9949,琉園,13.98,13.82,13.51,12.27,12.22,11.79,11.74,11.65,11.68
9950,萬國通,17.21,16.44,16.26,16.17,16.32,14.75,14.47,13.77,12.69
9951,皇田,27.45,29.83,26.38,28.02,30.84,32.48,29.24,31.48,33.49
9955,佳龍,21.48,21.37,21.55,21.29,20.08,19.73,19.37,19.49,19.21
9958,世紀鋼,12.72,12.85,12.77,12.61,12.58,12.55,12.27,12.4,12.47
9960,邁達康,13.53,13.37,12.86,12.78,13.09,12.77,12.65,12.63,12.63
9962,有益,10.13,,,,,,,,
