1101,台泥,18.09,8.95,22.06,22.19,24.01,14.16,21.32,18.46,21.76
1102,亞泥,12.39,7.66,16.17,13.77,17.37,7.46,15.61,15.02,21.53
1103,嘉泥,2.7,-0.62,3.33,5,3.31,22.15,9.9,11.45,8.72
1104,環泥,12.83,10.44,14.62,15.49,14.92,12.63,12.46,13.54,10.21
1108,幸福,12.15,19.16,17.46,15.45,10.54,9.03,9.26,5.3,-9.11
1109,信大,13.3,7.86,18.25,13.35,18.85,14.4,22.31,19.82,32.65
1110,東泥,5.47,9.52,4.81,-15.25,0.02,-2.87,-5.35,-2.83,-0.41
1201,味全,27.23,23.97,30.09,32.15,19.27,26.14,30.04,33.15,34.38
1203,味王,26.98,23.04,27.45,28.31,30.19,30.99,31.19,34.89,26.11
1210,大成,11.3,13.62,13.07,12.85,12.91,13.42,12.91,14.13,13.41
1213,大飲,8.98,13.98,14.32,12.26,8.75,13.1,8,12.65,5.38
1215,卜蜂,13.6,14.32,15.08,14.71,17.76,17.97,16.36,15.26,17.49
1216,統一,31.54,34.24,34.62,33.02,31.09,33.36,33.25,34.39,31.6
1217,愛之味,29.82,30.52,35.45,31.89,27.53,29.83,32.64,32.62,29.78
1218,泰山,14.93,16.1,18.22,19.56,16.02,15.38,17.38,20.63,15.18
1219,福壽,9.3,8.85,9.76,8.6,8.6,8.16,6.35,9.17,9.29
1220,台榮,11.63,14.49,15.61,13.54,11.65,13.05,11.12,12.92,9.73
1225,福懋油,9.11,10.43,11.8,10.44,10.76,9.71,9.84,10.19,8.82
1227,佳格,29.9,32,29.79,29.07,27.47,28.83,26.43,29.26,26.96
1229,聯華,18.63,21.33,21.42,23.91,24.69,22.71,21.8,20.64,19.63
1231,聯華食,21.16,22.72,19.6,20.13,22.93,20.44,19.55,21.34,20.77
1232,大統益,9.29,9.8,11.3,9.31,9.78,9.06,9.84,10.64,10.41
1233,天仁,55.33,57.22,56.51,56.18,55.96,57.83,56.66,57.07,56.05
1234,黑松,22.78,23.13,29.34,29.17,22.88,20.24,25.78,31.33,24.11
1235,興泰,14.24,36.84,57.8,46.47,-48.72,-58.06,-4.45,62.45,-96.28
1236,宏亞,35.57,25.56,19.36,27.14,32.68,21.74,18.82,28.25,33.92
1256,鮮活果汁-KY,26.08,28.04,30.65,30.52,26.26,29.24,30.82,31.14,26.98
1258,其祥-KY,15.1,19.87,21.76,26.65,21.65,23.12,18.57,16.24,12.71
1259,安心,25.18,26.42,28.05,28.18,26.48,25.82,26.37,26.73,24.83
1262,綠悅-KY,36.8,37.45,37.69,38.16,38.96,35.58,21.38,7.61,14.12
1264,德麥,35.89,37.58,36.83,37.59,39.01,38.24,37.76,36.65,38.18
1301,台塑,10.38,12.74,12.52,10.85,17.18,16.86,15.91,16.13,15.94
1303,南亞,8.98,11.65,11.32,10.4,12.35,17.93,15.18,16.31,15.9
1304,台聚,11.14,12.14,14.42,11.68,13.46,14.39,11.15,11.67,11.92
1305,華夏,15.37,15.04,22.04,19.11,27.24,23.11,16.62,15.8,19.9
1307,三芳,26.73,29.37,29.96,29.85,28.84,34.02,30.89,28,24.07
1308,亞聚,12.04,12.31,15.57,10.05,14.8,15.07,10.7,8.48,9.62
1309,台達化,5.19,6.98,4.96,3.49,7.37,7.4,2.13,9.91,8.85
1310,台苯,7.74,18.05,12.89,14.29,17.37,16.84,5.72,13.98,9.31
1312,國喬,12.03,17.46,14.45,16.43,19.78,17.76,10.31,18.99,17.55
1313,聯成,0.56,5.68,5.28,5.18,10.79,8.17,4.95,9.77,7.61
1314,中石化,-12.55,-8.58,-4.82,3.25,6.61,22.02,8.73,14.03,18.17
1315,達新,19.55,20.06,19.58,20.05,19.3,20.11,16.68,18.11,10.95
1316,上曜,21.94,22.5,21.48,24.49,13.55,14.73,13.95,30.37,32.33
1319,東陽,24.5,26.02,24.36,25.05,25.48,25.69,24.76,22.84,23.69
1321,大洋,4.25,6.58,9.93,9.6,7.92,2.67,4.05,9.53,5.94
1323,永裕,27.36,27.88,25.58,27.79,25.32,23.73,22.92,24.52,23.38
1324,地球,22.05,22.36,24.96,20.31,21.2,15.71,15.41,14.34,15.45
1325,恆大,17.79,26.39,21.77,16.39,16.56,15.97,11.55,12.16,14.71
1326,台化,10.26,13.97,18.04,14.77,12.77,16.95,9.97,16.16,15.82
1333,恩得利,5.12,13.62,14.96,22.92,19.31,14.27,16.09,14.1,4.12
1336,台翰,6.43,6.74,-2.3,8.03,15.62,17.64,15.78,17.91,16.33
1337,再生-KY,24.8,23.69,22.83,20.91,18,16.75,16.56,16.52,10.32
1338,廣華-KY,24.67,28.43,26.3,27.6,27.27,27.69,26.41,25.93,25.83
1339,昭輝,29.96,28.78,28.02,25.24,31.05,32.92,30.75,31.37,29.15
1340,勝悅-KY,32.4,33.09,35.44,35.98,31.74,27.15,34.49,36.79,35.76
1402,遠東新,20.14,24.67,24.2,24.87,21.25,24.42,21.83,25.39,19.82
1409,新纖,10.36,8.52,8.31,8.13,6.56,7.92,9.64,6.93,9.86
1410,南染,38.66,39.55,38.95,37.56,38.29,35.93,39.74,36.54,38.76
1413,宏洲,-4.76,2,0.05,-0.93,-0.07,,,,
1414,東和,,,,,,,,,
1416,廣豐,13.95,28.92,29.01,41.38,9.2,27.11,26.47,65.45,71.84
1417,嘉裕,19.2,15.59,24.29,14.56,24.84,14.32,17.48,10.18,13.88
1418,東華,-4.41,5.07,4.29,-5.43,-5.44,-3.33,-9.22,-15.57,-11.75
1419,新紡,15.51,25.55,21.6,17.22,26.22,15.48,22.16,17.15,21.67
1423,利華,,,,,,,,,
1432,大魯閣,94.19,65.53,82.27,105.12,96.31,89.41,91.38,90.02,91.54
1434,福懋,14.75,16.17,14.96,11.63,12.06,13.89,11.59,11.7,13.37
1435,中福,86.26,88.12,91.52,91.35,92.35,92.54,91.61,93.61,92.88
1436,華友聯,29.14,28.02,22.85,21.07,21.89,22.57,24.53,24.02,26.24
1437,勤益控,25.23,76.11,55.09,64.6,58.93,74.31,66.44,68.72,68.64
1438,裕豐,,,,,,,,,
1439,中和,,,,,,,,,
1440,南紡,14.09,11.2,10.96,11.83,12.39,12.9,12.31,9.85,11.57
1441,大東,4.2,3.73,-5.88,1.6,-1.37,-0.46,3.22,-1.31,-3.66
1442,名軒,31.13,25.54,22.8,18.72,13.45,25.2,27.18,22.54,31.62
1443,立益,4.99,-5.91,3.49,24.84,17.05,7.13,11.65,12.22,8.97
1444,力麗,9.12,9.04,7.82,3.68,8.18,8.12,6.07,6.85,8.44
1445,大宇,12.12,13.19,14.7,11.3,9.64,8.87,7.29,4.78,4.08
1446,宏和,14.24,20.2,26.31,29.7,18.58,9.56,12.56,19.5,8.97
1447,力鵬,2.1,1.03,7.04,2.75,6.93,8.73,-3.72,5.25,9.13
1449,佳和,3.58,-0.7,6.05,9.27,4.82,11.49,9.08,4.86,5.25
1451,年興,14.15,14.8,12.93,11.9,9.56,7,4.51,7.05,10.17
1452,宏益,14.23,16.27,15.53,15.58,15.52,18.55,17.11,15.82,15.37
1453,大將,-26.21,-14.98,-1.6,-0.78,-30,-59.26,-3.13,24.16,-38.93
1454,台富,11.05,10.51,15.75,9.57,9.37,9.32,9.37,7.55,7.72
1455,集盛,4.23,4.39,6.26,4.04,6.1,11.15,-6.95,6.76,8.52
1456,怡華,14.91,14.02,18.48,18.33,,,,,
1457,宜進,3.86,7.75,7.39,6.53,3.68,10.73,9.89,12.06,10.72
1459,聯發,8.59,6.71,3.15,-1.1,4.72,2.96,1.04,-0.6,1.76
1460,宏遠,23.44,22.51,21.16,20.7,23.33,21.54,18.71,19.33,18.98
1463,強盛,22.5,21.69,20.54,19.78,47.38,55.56,33.83,51.15,10.75
1464,得力,19.83,18.26,18.01,20.6,18.38,20.27,18.59,17.28,19.12
1465,偉全,15.23,18.94,14.47,16.12,17.78,14.47,9.43,9.81,7.36
1466,聚隆,6.37,2.58,5.81,6.29,5.19,11.68,5.48,4.07,6.77
1467,南緯,22.59,18.41,18.17,20.53,13.88,18.7,19.61,21.43,18.35
1468,昶和,18.79,25.87,32.11,24.28,9.43,29.62,11.52,-8.72,-8.73
1469,理隆,-1.02,10.67,7.78,2.38,-48.93,11.62,2.74,-4.97,-17.32
1470,大統染,,,,,22.94,,,,21.24
1471,首利,-11.55,-4.14,-7.49,-5.59,-2.22,-8.38,-5.96,-3.16,-5.86
1472,三洋紡,1.23,-16.93,-3.92,8.99,13.2,-2.28,12.01,1.46,2.19
1473,台南,16.55,23.84,12.61,13.74,12.55,14.27,10.88,12.91,11.73
1474,弘裕,8.99,13.15,13.84,14.73,13.47,17.69,13.12,11.14,13.16
1475,本盟,-7.41,-0.88,-9.84,-23.51,-21.66,-3.73,-32.01,-21.64,-34.89
1476,儒鴻,29.21,26.71,28.15,28.73,30.34,26.8,26.62,28.4,28.01
1477,聚陽,23.13,23.1,18.94,19.5,19.51,18.92,18.73,18.94,20.79
1503,士電,20.5,21.79,20.73,20.75,16.75,22.71,18.18,20,16.28
1504,東元,25.54,27.15,26.96,25.88,25.35,25.11,25.14,22.99,22.64
1506,正道,17.93,19.48,18.88,16.71,20.74,16.61,17.33,17.03,13.65
1507,永大,26.58,27.57,30.31,29.11,28.4,29.32,27.16,25.82,23.71
1512,瑞利,15.6,13.69,14.02,9.9,14.41,4.3,1.66,-6.82,1.9
1513,中興電,12.96,16.14,19.13,14.11,11.28,20.2,10.17,20.35,13.38
1514,亞力,12.72,16.99,9.22,9.4,12.78,13.57,13.97,13.87,16.38
1515,力山,25.17,24.04,22.82,26.61,23.98,21.73,22.37,23.12,21.94
1516,川飛,,,,,,,,,
1517,利奇,13.83,12.75,21.98,16.76,15.46,6.32,23.33,15.93,9.64
1519,華城,17.28,18.17,18.71,16.46,17.4,15.75,14.83,9.85,10.95
1521,大億,15.23,18.85,17.74,15.85,16.7,18.74,15.83,16.66,18.14
1522,堤維西,23.01,24.58,24.16,26.04,23.25,24.76,20.78,20.34,21.31
1524,耿鼎,22.19,24.68,23.77,20.6,21.68,20.83,19.7,20.69,21.93
1525,江申,11.67,10.34,11.22,9.09,8.05,9.48,8.57,7.16,10.59
1526,日馳,22.41,27.7,29.41,26.31,24.98,27.55,27.59,29.44,24.85
1527,鑽全,,,,,,,,,
1528,恩德,26.18,33.84,30.64,33.95,35.37,30.73,29.91,30.74,28.47
1529,樂士,17.04,22.84,-15.77,1.73,6.6,12.18,11.3,11.91,8.47
1530,亞崴,21.26,20.85,22.07,20.79,19.46,18.26,19.47,20.75,22.54
1531,高林股,24.16,19.05,21.07,23.63,21.28,26.3,27.5,25.2,24.81
1532,勤美,27.16,26.79,23.24,30.99,36.8,23.94,27.03,22.82,32.26
1533,車王電,40.52,35.24,38.42,36.75,39.36,38.02,38.96,37.18,37.34
1535,中宇,7.6,9.45,9.27,11.64,17.14,10.83,6.32,7.85,5.56
1536,和大,39.3,38.5,39.16,35.16,35.12,34.8,34.13,33.73,32.44
1537,廣隆,22.36,23.74,25.25,25.34,24.18,24.17,23.02,20.22,23.1
1538,正峰新,14.04,21.47,13.77,16.46,18.34,18.08,16.78,15.61,16.62
1539,巨庭,15.97,17.67,14.86,14.26,11.98,13.04,12.42,12.74,12.95
1540,喬福,-7.74,24.23,30.67,31.98,24.57,29.7,21.31,36.66,21.79
1541,錩泰,25.88,24.93,22.41,18.46,21.4,18.5,16.2,14.3,16.29
1558,伸興,25.98,26.77,28.48,27.99,27.26,24.09,26.21,26.55,23.51
1560,中砂,,,,,,,,,
1565,精華,38.9,41.89,43.52,43.04,42.25,39.93,38.76,40.91,38.87
1566,捷邦,11.87,15.59,15.46,17.02,18.02,15.43,14.23,13.47,14.35
1568,倉佑,18.7,17.89,18.13,17.68,17.49,15.16,14.37,12.65,17.11
1569,濱川,18.65,11.22,16.27,18.44,21.42,22.1,22.88,20.26,24.59
1570,力肯,18.66,23.27,17.87,19.51,23.37,23.03,21.94,25.84,22.32
1580,新麥,40.89,40.65,42.79,42.52,42.21,41.82,40.23,41.29,41.36
1582,信錦,23.01,24.49,21.1,24.26,25.1,23.88,25.38,22.2,21
1583,程泰,27.05,26.84,26.11,25.94,24.64,24.05,23.86,25.37,26.94
1584,精剛,,9.1,14.99,6.48,7.21,2.69,3.71,4.42,0.77
1586,和勤,19.37,13.64,8.57,12.47,23.35,22.48,19.76,18.76,21
1589,永冠-KY,37.23,34.19,35.15,30.17,31.18,26.88,25.56,22.18,14.86
1590,亞德客-KY,50.36,50.04,51.12,51.65,51.7,51.84,53.84,50.92,51.24
1591,駿吉-KY,31.44,30.1,27.6,19.8,30.47,13.49,13.4,19.12,23.25
1592,英瑞-KY,31.12,33.78,34.93,34.15,36.65,38.03,35.75,34.7,30.56
1593,祺驊,31.79,27,31.59,30.57,27.5,30,29.37,32.8,32.29
1595,川寶,43.4,38.98,36.72,46.26,43.43,37.59,33.21,30.15,27.51
1597,直得,32.79,34,36.73,36.68,36.69,36.98,40.18,42.46,45.51
1599,宏佳騰,29.1,26.32,23.05,25.15,23.97,23.91,23.77,26.35,23.32
1603,華電,10.39,6.83,15.7,14.8,3.78,11.52,14.14,15,5
1604,聲寶,21.35,25.6,29.48,25.63,18.56,26.23,28.99,24.06,16.89
1605,華新,5,6.72,7.28,7.26,5.51,5.71,4.13,11.88,5.89
1608,華榮,1.7,4.13,2.87,-0.52,3.18,7.76,7.91,5.15,5.39
1609,大亞,4.89,4.87,7.28,7.22,9.19,8.33,8.28,10.21,9.98
1611,中電,24.08,22.94,23.17,21.73,18.41,24.02,17.03,20,14.75
1612,宏泰,4.75,6.78,7.15,5.74,6.51,8.98,7.6,9.05,2.82
1613,台一(下市),0.07,3.39,3.93,3.27,,,,,
1614,三洋電,23.66,18.38,20.8,21.5,24.5,17.53,18.09,18.15,22.1
1615,大山,7.49,5.05,13.65,10.61,13.51,8.42,10.1,10.32,9.97
1616,億泰,0.87,5.27,8.5,8.73,5.86,3.15,6.66,2.14,-3.48
1617,榮星,10.44,12.27,11.97,15.06,14.7,15.11,13.78,15.09,14.42
1618,合機,17.86,2.17,11.28,4.13,7.24,4.53,13.85,2.72,9.26
1626,艾美特-KY,20.34,20.1,21.99,19.04,20.95,19.09,18.77,15.65,14.07
1701,中化,27.13,29.74,29.6,28.77,28.7,30.8,27.58,30.98,33.44
1702,南僑,37.37,37.08,38.36,35.89,39.22,33.18,33.75,34.22,29.83
1704,榮化,20.8,17.71,19.78,17.33,14.87,15.25,13.85,16.7,17.97
1707,葡萄王,88.5,88.28,88.84,84.27,83.91,86.8,84.16,82.24,82.51
1708,東鹼,28.4,27.35,29.16,29.84,34.06,28.41,28.71,28.68,28.67
1709,和益,14.52,20.91,23.7,22.62,17.9,19.78,20.2,19.24,15.94
1710,東聯,2.21,6.53,-0.75,-0.65,11.49,19.59,7.02,19.32,14.33
1711,永光,25.71,25.68,23.95,21.5,17.66,21.13,21.44,20.93,22.4
1712,興農,28.88,27.21,27.58,27.43,27.72,26.07,28.51,27.82,26.65
1713,國化,,,,,,,,,
1714,和桐,5.95,10.33,10.19,7.62,9.91,8.24,7.41,7.15,7.31
1715,萬洲化學(下市),,,,,,,,,
1717,長興,25.07,24.31,24.13,22.64,18.16,18.38,17.44,18.15,17.66
1718,中纖,-4.5,1.25,0.86,-1.36,0.77,4.58,2.03,11.05,6.91
1720,生達,42.65,42.97,43.41,43.84,41.45,45.43,43.62,47.7,44.79
1721,三晃,16.23,20.22,19.6,13.77,21.59,13.09,6.08,12.97,11.8
1722,台肥,31.01,14.2,15.34,16.91,19.15,21.88,21.8,23.9,21.73
1723,中碳,24.2,26.76,25.93,29.34,32.05,23,23.82,26.69,28.72
1724,台硝,22.81,21.94,19.02,18.41,15.95,13.18,14.21,11.88,17.67
1725,元禎,4.68,4.7,5.5,5.43,4.55,4.86,4.2,4.86,4.75
1726,永記,30.8,29.1,30.26,29.73,27.27,27.16,27.76,27.46,26.99
1727,中華化,14.31,13.69,15.42,15.54,14.53,11.27,12.45,12.76,13.71
1729,必翔實業(下市),,,,,,,,,
1730,花仙子,45.46,46.52,46.43,47.88,45.28,45.88,45.36,42.85,42.81
1731,美吾華,46.25,44.87,43.08,42.33,41.77,44.33,42.7,42.04,43
1732,毛寶,42.52,41.75,41.61,39.5,40.49,38.19,41.23,44.46,45.02
1733,五鼎,35.79,31.56,28.37,22.57,24.19,17.78,21.26,21.52,34.69
1734,杏輝,40.56,36.63,37.64,35.87,37.87,36.1,37.39,38.95,39.23
1735,日勝化,21.78,19.59,19.35,18.34,16.32,13.28,12.57,14.56,15.33
1736,喬山,48.6,43.97,46.84,43.37,49.92,46.31,45.91,47.39,48.55
1737,臺鹽,36.3,38.89,42.93,42.06,42.61,41.93,43.84,41,38.4
1742,台蠟,1.35,4.32,7.23,11.13,5.31,14.55,10.94,7.64,9.45
1752,南光,,39.61,38.15,37.74,32.52,34.98,33.33,33.46,35.36
1762,中化生,48.4,39.74,32.06,29.78,37.8,30.39,32.92,41.55,32.66
1773,勝一,22.02,26.54,27.82,27.06,25.87,26.72,27.75,27.79,26.52
1777,生泰,,,,,,,,,
1781,合世,5.81,0.63,8.6,12.14,10.41,8.7,12.57,12.09,6.34
1783,和康生,24.88,41.55,42.82,41.04,36.35,38.45,37.18,39.37,35.24
1784,訊聯,54.67,54.01,50.11,46.05,48.43,51.58,48.05,55.42,54.53
1785,光洋科,2.78,-6.32,15.61,5.24,1.73,8.4,12.75,9.24,11.33
1786,科妍,57.82,53.35,51.92,57.38,58.34,51.5,59.14,57.54,64.47
1787,福盈科,33.25,32.63,32.88,32.37,32.54,31.49,32.07,32.71,32.75
1788,杏昌,18.84,22.07,22.19,21.19,18.99,22.06,22.43,21.81,24.07
1789,神隆,49.92,42.21,45.79,47.02,44.26,51.16,38.18,48,38.73
1795,美時,57.73,54.68,59.39,57.49,53.72,46.82,47.41,49.61,47.85
1799,易威,-1.22,44.15,13.77,13.5,-19.57,9.92,7.42,7.6,15.75
1802,台玻,8.75,11.72,12.77,13.49,17.04,16.08,15.61,17.4,18.59
1805,寶徠,-3.84,-323.53,-52.81,-17.97,-2.9,4.13,-72.02,4.69,15.6
1806,冠軍,31.98,21.89,41.08,26.79,31.37,16.6,30.65,29.61,33.1
1808,潤隆,,,,,,,,,
1809,中釉,21.26,23.86,25.1,23.23,22.32,20.8,20.88,20.84,20.38
1810,和成,29.43,21.69,27.35,25.35,26.28,24.55,27.27,26.76,28.73
1813,寶利徠,30.28,31.49,34.54,32.66,5.08,23.51,21.12,21.19,15.96
1815,富喬,26.9,24.93,20.29,26.02,24.91,27.51,29.59,33.8,15.9
1817,凱撒衛,33.16,31.13,30.66,32.01,33.31,32.31,34.27,33.79,32.83
1902,台紙,12.12,13.39,14.12,12,-3.87,18.34,22.47,20.7,16.58
1903,士紙,29.75,2.08,-17.05,-12.24,-6.96,12.76,16.35,34.64,27.52
1904,正隆,16.2,16.41,18.9,17.56,16.71,18.71,16.83,16.54,18.78
1905,華紙,10.91,8.96,7.94,7.66,9.49,10.37,9.98,9.2,11.08
1906,寶隆,19.91,12.15,13.17,10.64,10.5,10.99,7.43,1.86,3.18
1907,永豐餘,16.46,16.32,16.75,15.98,17.26,17.75,19.13,17.35,17.79
1909,榮成,18.1,18.92,19.55,18.11,21.55,26.28,19.14,20.73,17.6
2002,中鋼,0.12,6.42,16.2,17.46,13.38,11.99,10.35,9.45,13.52
2006,東和鋼鐵,12.23,10.3,14.41,10.41,11.49,14.1,12.23,9.66,12.07
2007,燁興,0.23,4.14,3.27,0.9,2.55,4.45,1.03,3.09,4.73
2008,高興昌,,,,,,,,,
2009,第一銅,,,,,,,,,
2010,春源,7.38,9.23,10.67,9.36,9.21,9.47,5.75,5.53,5.5
2012,春雨,19.35,18.58,17.47,23.36,15.74,19.14,16.57,13.94,17.61
2013,中鋼構,4.53,0.36,3.13,2.77,2.41,2.94,2.39,1.32,1.62
2014,中鴻,-3.38,4.65,13.29,12.96,8.36,10.07,6.93,6.75,13.93
2015,豐興,17.44,16.16,15.4,15.18,14,16.65,13.53,12.9,17.74
2017,官田鋼,-0.05,8.64,22.69,19.53,14.3,18.53,17.38,17.03,15.23
2020,美亞,14.01,15.52,20.07,18.23,14.79,19.19,16.31,12.72,12.15
2022,聚亨,0.1,9.17,11.49,9.92,9.96,10.76,4.9,8.43,10.16
2023,燁輝,7.93,11.79,16.67,12.66,13.26,11.53,8.13,8.64,6.93
2024,志聯,8.64,,,,,,,,
2025,千興,-17.61,-4.47,3.26,3.18,7.75,7.52,-15.75,6.35,16.89
2027,大成鋼,11.41,10.44,16.11,16.9,17.97,19.2,16.49,15.19,20.16
2028,威致,,,,,,,,,
2029,盛餘,14.67,15.87,20.05,20.02,19.07,18.61,14.01,7.35,10.72
2030,彰源,0.75,10.91,7.53,12.81,15.23,16.67,10.44,9.25,14.29
2031,新光鋼,-23.5,15.48,13.12,14.01,14.61,18.51,11.57,10.24,12.71
2032,新鋼,,,,,,,,,
2033,佳大,,,,,,,,,
2034,允強,7.67,9.36,10.09,10.04,11.24,11.28,8.95,10.55,10.7
2035,唐榮,-4.84,-2.82,11.44,7.08,6.13,,,,
2038,海光,-2.56,2.39,3.51,1.38,-0.57,1.24,1.63,-0.9,9.92
2049,上銀,34.37,34.01,34.19,32.55,31.25,32.28,34.23,36.32,39.18
2059,川湖,57.73,58.53,55.92,56.61,57.52,57.57,50.73,52.11,52.21
2061,風青,3.32,3.8,4.06,3.06,8.39,7.09,3.22,7.71,5.58
2062,橋椿,25.71,25.35,23.88,24.78,27.79,23.58,19.47,14.28,16.7
2063,世鎧,26.49,29.79,29.48,31.25,26.45,29.6,29.78,30.34,27.89
2064,晉椿,7.14,8.09,11.98,9.73,13.92,11.54,9.32,8.07,8.69
2066,世德,,,,,,,,,
2067,嘉鋼,11.91,18.71,18.44,15.15,16.85,8.18,14.29,18.56,18.26
2101,南港,22.5,20.02,24.24,23.12,21.54,19.71,18.61,18.4,18.07
2102,泰豐,25.16,27.1,20.59,11.65,18.41,17.87,12.05,12.02,7.81
2103,台橡,11.82,15.46,17.56,14.33,10.45,11.94,5.99,11.28,13.12
2104,中橡,22.87,28.04,24.87,29.22,32.78,26.73,30.13,27.71,26.26
2105,正新,31.32,32.07,32.92,30.12,28.28,25.66,22.69,20.45,22.59
2106,建大,29.7,27.62,28.66,27.25,24.41,21.34,18.74,20.25,19.2
2107,厚生,47.13,34.42,33.25,28.07,28.9,31.46,26.24,32.53,33.76
2108,南帝,26.39,26.51,24.06,19.49,14.95,18.63,15.31,18.65,22.97
2109,華豐,23.95,26.93,30.12,25.31,23.36,21.2,19.06,17.44,17.33
2114,鑫永銓,36.73,38.93,39.77,37.65,36.85,34.14,31.61,36.99,38.22
2115,六暉-KY,23.76,25.14,25.67,26.24,27.51,28.29,26,23.37,25.11
2201,裕隆,12.06,16.41,16.67,18.24,17.25,20.38,22.12,21.63,21
2204,中華,12.97,18.89,19.3,19.88,12.01,18.08,18.15,19.5,9.83
2206,三陽工業,8.11,16.33,17.63,17.15,12.25,17.84,19.87,18.07,13.67
2207,和泰車,11.98,10.99,10.22,11.53,9.74,11.05,11.24,11.9,9.83
2208,台船,7.24,3.08,1.67,-24.27,-12.84,-52.35,-19.44,-50.85,-25.25
2221,大甲,26.25,19.38,16.76,23.93,27.22,21.82,23.96,27.26,25.26
2227,裕日車,18.88,15.2,14.8,12.79,14.97,18.19,17.28,19.32,20.19
2228,劍麟,34.15,33.01,31.21,32.37,31.04,30.47,27.97,29.7,28.62
2230,泰茂,20.86,20.38,16.92,19.12,22.76,18.97,22.34,14.73,19.36
2231,為升,55.58,55.65,56.15,55.46,49.65,53.88,51.2,51.22,56.82
2233,宇隆,29.71,31.85,34.56,40.84,44.05,39.97,42.1,39.44,39.01
2235,謚源,,,,,,,,,
2301,光寶科,13.84,13.22,12.68,14.59,13.75,13.03,13.12,12.26,13.28
2302,麗正,29.69,27,32.37,26.56,35.05,32.74,34.6,31.37,31.6
2303,聯電,20.62,14.63,22.39,21.75,22.87,19.85,17.95,17.49,17.19
2305,全友,33.13,36.67,39.77,35.2,27.49,34.6,34.4,24.71,34.76
2308,台達電,27.39,26.94,28.05,28.65,27.26,27.2,27.47,27.08,27.01
2311,日月光,17.56,18.36,19.57,19.39,19.93,18,18.35,18.74,17.61
2312,金寶,9.27,6.11,5.93,6.27,6.63,6.1,7.27,5.43,6.24
2313,華通,14.8,11.63,11.84,12.59,14.03,13.11,12.89,17.03,15.79
2314,台揚,15.24,17.86,15.79,16.33,16.53,18.76,16.63,13.22,13.22
2316,楠梓電,10.68,8.02,9.5,7.92,12.63,7.54,7.06,5.8,8
2317,鴻海,7.11,7.05,6.02,7.44,8.44,7.36,6.81,5.83,6.1
2321,東訊,11.35,11.38,12.35,14.33,11.83,11.26,11.65,8.52,12.17
2323,中環,-2.89,4.35,7.19,4.88,-9.39,-3.51,2.32,2.63,0.74
2324,仁寶,3.86,4.24,4.41,4.39,4.12,4.17,3.65,3.43,3.29
2325,矽品,26.21,20.57,23.52,23.02,23.57,19.21,18.4,21.93,20.74
2327,國巨,22.99,24.64,24.21,20.45,24.7,25.05,29.14,29.03,43.71
2328,廣宇,9.88,10.45,6.95,6.75,8.18,7.65,8.7,8.86,7.96
2329,華泰,16.56,15.69,13.61,10.76,4.85,1.28,0.64,2.63,0.64
2330,台積電,48.6,44.9,51.55,50.71,52.29,51.94,50.85,49.93,49.97
2331,精英,11.05,12.68,13.56,15.53,14.6,13.96,11.54,9.69,6.07
2332,友訊,18.51,26.63,23.84,26.23,28.19,26.04,24.72,28.35,28.39
2337,旺宏,8.33,15.54,13.64,30.68,31.97,27.46,33.77,38.42,43.4
2338,光罩,15.93,6.43,8.86,1.19,-0.9,14.22,25.67,22.07,10.07
2340,光磊,24.69,29.51,29.4,29.73,27.38,31.11,30.15,31.96,24.37
2342,茂矽,-7.51,9.48,14.6,21.3,20.52,16.44,15.83,17.15,18.01
2344,華邦電,31,30.12,28.24,27.71,28.22,28.67,32.55,36.88,37.81
2345,智邦,20.87,23.17,19.35,19.61,20.26,20.03,20.27,19.25,19.39
2347,聯強,3.47,3.73,3.37,3.21,3.87,3.9,3.54,3.41,3.37
2348,海悅,9.32,39.8,40.14,37.13,15.41,41.35,36.57,39.01,49.51
2349,錸德,1.26,3.29,5.09,9.21,0.96,9.64,2.49,1.13,0.05
2351,順德,15.32,19.39,21.11,21.94,20.65,20.96,19.61,19.06,17.85
2352,佳世達,11.55,12.19,13.17,12.47,12.22,11.43,12.64,11.61,12.05
2353,宏,9.41,11.85,9.62,9.52,9.02,9.68,11.35,11.06,10.66
2354,鴻準,13.26,20.97,21.01,19.66,11.95,9.14,11.46,6.75,11.4
2355,敬鵬,17.04,18.07,17.68,18.6,18.89,15.58,14.05,13.64,12.26
2356,英業達,5.25,5.92,5.54,5.28,5.68,5.57,5.41,5.47,5.04
2357,華碩,14.18,13.63,14.05,14.48,14.56,13.82,12.21,14.64,13.88
2358,廷鑫,,-22.04,2.11,-5.02,-0.44,4.63,4.43,5.25,3.53
2359,所羅門,17.25,22.3,19.59,22.02,19.1,19.38,20.08,21.61,20.06
2360,致茂,44.81,44.19,49.34,46.12,47.23,49.23,48.58,50.37,43.63
2361,鴻友科技(下市),,,,,,,,,
2362,藍天,32.78,33.47,31.9,28.74,29.55,28.65,32.23,15.2,21.4
2363,矽統,20.35,54.36,54.51,47.09,73.53,47.25,41.37,49.15,56.85
2364,倫飛,25.06,24.23,21.74,12.65,17.34,26.28,20.55,21.52,0.17
2365,昆盈,19.46,21.36,20.55,19.22,14.67,16.95,22.86,24.61,21.85
2367,燿華,15.97,4.88,-4.12,11.12,13.36,6.56,10.55,18.1,23.3
2368,金像電,14.66,9,14.5,14.98,15.13,8.2,12.11,8.33,10.6
2369,菱生,10.97,11.06,11.42,11.34,13.22,11.16,11.7,11.31,9.76
2371,大同,4.71,9.88,11.7,9.67,22.3,21.33,12.96,15.67,12.62
2373,震旦行,42.22,39.54,42.82,40.81,42.02,42.81,44.54,41.81,41.99
2374,佳能,12.02,12.16,13.63,16.18,15.39,11.98,13.63,13.53,11.23
2375,智寶,17.65,15.16,8.98,17.71,18.26,19.1,19.15,17.97,17.95
2376,技嘉,14.03,18.71,17.49,17.88,15.03,15.53,14.53,19.21,18.17
2377,微星,15.69,15.48,13.46,14.71,14.79,14.37,12.93,15.2,13.8
2379,瑞昱,43.22,43.96,44.63,41.81,43.4,42.58,43.42,43.95,41.84
2380,虹光,29.86,31.43,32.36,32.39,25.15,26.16,26.3,19.61,16.68
2382,廣達,4.82,4.98,5.24,5.52,5.1,4.73,4.53,4.48,4.2
2383,台光電,24.56,24.79,26.05,27.03,26.35,24.36,26.39,25.8,22.04
2384,勝華科技(下市),,,,,,,,,
2385,群光,16.24,15,16.04,18.94,19.48,16.91,17.16,17.5,17.21
2387,精元,17.72,14.5,12.5,15.95,18.11,18,14.92,16.21,18.3
2388,威盛,28.73,26.3,27.8,31.81,31.2,27.11,27.94,25.79,34.49
2390,云辰,9.33,18.79,16.61,13.99,3.11,10.09,16.53,12.07,13.15
2392,正崴,8.09,8.7,10.7,9.81,11.21,10.21,10.04,10.2,10.09
2393,億光,23.86,25.03,25.1,24.82,23.02,24.09,22.7,22.41,23.8
2395,研華,41.3,41.07,40.21,41.53,40.26,40.49,38.58,39.01,38.76
2397,友通,31.99,37.38,31.28,33,30.37,31.75,31.12,32.52,33.55
2399,映泰,4.13,11.58,15.02,9.4,10.49,11.5,14.02,16.07,10.94
2401,凌陽,45.15,43.14,43.45,40.43,42.43,38.81,40.63,39.8,41.11
2402,毅嘉,7.68,4.33,2.19,9.2,6.15,4.12,0.54,2.11,0.71
2404,漢唐,15.24,15.73,13.66,16.4,16.24,18.34,16.91,14.78,21.87
2405,浩鑫,18.01,18.27,20.19,17.21,24.42,11.34,10.47,11.98,13.82
2406,國碩,18.31,17.96,16.56,5.74,7.09,3.17,-1.06,5.18,2.96
2408,南亞科,29.83,32.69,28.4,31.08,30.95,40.07,43.91,44.24,49.61
2409,友達,5.38,0.55,6.95,13.15,18.76,19.69,20.28,17.52,13.85
2412,中華電,32.78,38.35,37.27,34.18,33.7,36.51,36.99,36.81,31.87
2413,環科,18.42,17.67,16.82,15.54,14.53,16.09,15.23,15.94,13.93
2414,精技,9.16,10.54,9.64,9.03,8.65,9.72,9.74,9.21,8.83
2415,錩新,24.57,26.62,33.39,35.53,27.34,26.49,27.52,28.17,29.49
2417,圓剛,46.03,48.38,51.79,49.44,52.38,52.57,49.57,52.44,50.16
2419,仲琦,23.22,24.05,25.19,27.25,25.28,24.15,24.58,23.97,23.45
2420,新巨,41.69,39.74,39.94,38.25,39.9,38.76,38.32,36.81,37.06
2421,建準,22.44,20.47,22.86,23.47,22.59,21.98,22.95,23.33,21.35
2423,固緯,49.67,50.16,51.71,49.56,47.86,48.9,48.18,50.56,50.43
2424,隴華,-222.79,17.63,-293.43,-288.68,-137.33,41,22.14,33.3,52
2425,承啟,4.29,3.98,3.23,3.64,3.63,0.96,2.08,2.11,1.73
2426,鼎元,22.68,23.44,23.57,21.82,22.66,21.95,24.72,23.88,23.03
2427,三商電,23.71,30.11,30.54,38.56,20.52,30.81,33.61,30.86,17.54
2428,興勤,30.43,28.9,31.68,31.23,31.96,35.95,33.81,33.49,37.69
2429,銘旺科,-0.81,4.16,15.43,11.47,12.27,14.18,11.28,11.75,12.04
2430,燦坤,16.01,15.69,15.68,15.69,15.91,15.44,15.24,15.27,14.71
2431,聯昌,7.7,13.26,12.94,12.94,13.23,15.57,12.54,8.74,0.16
2433,互盛電,38.23,37.97,29.89,32.98,31.61,35.07,28.26,28.8,29.51
2434,統懋,-58.45,-46.92,-4.99,-17.04,38.54,-38.73,-4.92,-20.28,-73.37
2436,偉詮電,24.08,26.81,24.4,23.76,23.41,24.54,24.73,25.71,25.84
2437,旺詮(下市),23.5,20.68,19.9,20.46,22.05,20.2,,,
2438,翔耀,29.3,32.48,29.34,31.32,35.86,35.01,38.24,37.51,36.11
2439,美律,22.58,15.96,19.9,22.89,18.87,19.67,19,16.84,16.1
2440,太空梭,6.32,5.54,9.55,11.33,12.15,9.71,6.56,9.47,10.18
2441,超豐,,,,,,,,,
2442,新美齊,29.2,20.62,19.86,16.33,14.67,19.07,16.71,14.42,14.55
2443,新利虹,-16.87,-5.92,-15.75,-12.92,0.74,-2.89,-8.7,-16.2,-0.61
2444,友旺,18.26,22.42,20.46,14.12,12.7,,,,
2448,晶電,-16.31,-7.34,4.46,13.69,18.36,19.73,20.96,23.85,21.92
2449,京元電子,26.57,27.24,30.63,31.37,28.44,30.36,31.41,29.69,25.97
2450,神腦,13.79,13.53,13.73,13.18,13.13,12.25,12.75,12.08,11.54
2451,創見,18.52,22.23,21.15,21.3,24.79,28.36,26.22,25.07,25.62
2453,凌群,20.7,24.18,25.53,25.49,23.06,21.18,26.12,23.56,20.29
2454,聯發科,38.53,38.11,35.23,35.22,34.53,33.5,35,36.42,37.39
2455,全新,,,,,,,,,
2456,奇力新,25.18,25.96,22.79,30.03,26.71,24.8,23.18,29.68,26.87
2457,飛宏,10.5,8.63,10.18,13.44,14.86,13.32,13.36,11.2,8.31
2458,義隆,41.07,40.41,40.77,41.42,42.27,43.81,44.49,46.04,43.76
2459,敦吉,10.17,9.3,8.43,10.28,13.89,12.04,11.98,12.43,13.77
2460,建通,11.84,10.74,15.52,12.98,14.17,10.56,9.14,10.81,13.21
2461,光群雷,26.14,24.6,27.44,23.66,24.48,24.2,23.42,26.61,23.37
2462,良得電,13.1,10.79,12.46,13.34,14.88,10.21,9.96,9.88,12.26
2464,盟立,17.7,17.73,17.16,17.02,16.02,15.18,16.76,14.38,16.87
2465,麗臺,13.79,14.02,12.4,14.68,12.05,13.75,14.52,14.07,12.59
2466,冠西電,7.55,11.16,17.1,9.98,16.49,5.76,14.68,10.28,5.72
2467,志聖,2.17,32.05,29.02,31.8,27.35,31.88,36.25,34.2,30.22
2468,華經,16.47,14.52,15.54,13.18,13.57,15.11,14.38,12.91,12.7
2471,資通,34.32,31.61,29.98,36.43,37.63,24.04,39.3,25.55,39.92
2472,立隆電,26.13,24.93,24.45,25.5,25.23,22.92,23.98,25.23,25.26
2474,可成,44.86,42.81,36.11,42.64,50.05,48.95,48.13,42.56,43.48
2475,華映,-119.86,-0.18,5.58,13.74,33.99,31.99,15.99,16.92,9.8
2476,鉅祥,29.93,28.79,30,30.27,30.49,28.71,28.61,30,29.32
2477,美隆電,20.36,23.4,20.69,23.73,24.63,27.04,26.71,24.97,23.03
2478,大毅,15.8,21.53,19.29,19.53,17.08,18.5,15.02,16.61,20
2480,敦陽科,26.97,26.14,29.83,24.8,24.63,23.48,27.75,24.88,30.42
2481,強茂,23.92,22.76,18.62,20.41,19.06,21.9,21.69,24.26,21.46
2482,連宇,45.8,50.36,43.45,42.52,50.21,46.59,41.26,44.42,35.64
2483,百容,26.39,29.73,29.5,30.04,28.49,29.26,28.59,31.56,29.28
2484,希華,26.48,18.76,24.66,20.35,17.8,17.58,15.23,18.03,16.26
2485,兆赫,16.58,14.39,11.62,13.55,12.28,13.11,10.47,10.69,9.59
2486,一詮,4.73,9.44,9.76,11.15,8.35,10.26,10.12,7.14,6.94
2488,漢平,23.36,28.16,27.03,26.71,27.78,29.08,23.82,24.38,24.62
2489,瑞軒,7.32,6.68,10.59,13.58,8.36,9.15,-2.4,10.98,12.1
2491,吉祥全,17.79,18.1,16.91,20.95,25.9,22.93,23.94,25.41,23.53
2492,華新科,19.4,22.66,24.41,23.63,23.73,22.79,24.42,26.81,28.97
2493,揚博,,,,,,,,,
2495,普安,51.25,48.63,46.02,45.94,48.76,40.89,41.52,50.45,45.84
2496,卓越,,32.22,5.84,30.63,51.23,52.81,51.78,50.1,44.87
2497,怡利電,20.78,24.28,23.01,20.12,19.32,18.35,18.8,15.39,17.57
2498,宏達電,13.88,9.36,11.39,16.07,10.45,16.26,13.73,10.25,-30.79
2499,東貝,18.29,21.03,19.08,21.99,14.25,20.95,22.29,22.63,-11.11
2501,國建,25.62,24.54,29.74,22.47,20.57,18.52,23.13,21.16,23.32
2504,國產,-3.09,-1.43,-4.1,-6.33,-20.04,8.01,7.94,5.95,4.26
2505,國揚,25.3,29.18,19.14,13.1,32.09,20.87,19.22,88.62,54.77
2506,太設,53.3,69.88,67.71,55.4,29.92,51.74,49.53,61.34,34.19
2509,全坤建,28.64,39.5,45.44,42.62,19.3,14.66,33.58,29.54,25.74
2511,太子,27.71,34.65,36.7,35.52,28.98,39.01,42.24,23.37,25.08
2514,龍邦,93.72,19.54,61.93,96.12,74.62,98.81,99.1,99.06,95.41
2515,中工,-3.92,8.53,9.76,15.5,9.09,9.4,11.29,11.57,14.51
2516,新建,1.18,5.77,3.53,-2.2,-2.84,-0.52,-8.7,-0.91,-11.31
2520,冠德,24.48,29.57,25.98,24.37,28.09,28.67,30.45,32.06,23.47
2524,京城,39.94,40.1,33.52,46.79,48.95,42.84,31.91,31.81,46.9
2527,宏璟,-29.2,19.31,21.11,27.6,130.02,65.1,56.85,49.94,106.77
2528,皇普,,,,,,,,,
2530,華建,29.72,31.58,100,21.5,17.78,22.35,100,-68,100
2534,宏盛,,,,,,,,,
2535,達欣工,5.65,7.52,7,8.34,-3.49,12,7.6,7.6,10.11
2536,宏普,,,,,,,,,
2537,聯上發,,,,,,,,,
2538,基泰,-108.79,44.08,35.68,70.22,51.95,36.37,62.31,69.91,61.67
2539,櫻花建,,,,,,,,,
2540,愛山林,74.06,76.23,78.36,59.15,49.1,57.82,59.74,13.9,38.42
2542,興富發,39.85,40.02,34.14,28.29,28.76,22.59,27.7,29.19,25.59
2543,皇昌,-3.97,5.33,3.42,-0.23,4.85,5.34,3.22,3.37,4.32
2545,皇翔,45.72,25.47,25.3,39.69,31.95,36.25,28.73,24.85,35.66
2546,根基,4.92,5.89,4.24,6.11,4.93,6.44,9.06,6.69,4.85
2547,日勝生,50.57,60.15,51.67,45.79,56.26,60.84,46.96,27.47,23.09
2548,華固,30.53,31.01,27.93,29.96,31.82,30.53,39.17,30.79,19.28
2596,綠意,60.48,23.55,56.71,49.04,37.62,35.9,38.19,37.27,46.53
2597,潤弘,13.32,13.66,13.21,18.23,19.43,15.95,15.47,14.37,12.69
2601,益航,71.54,71.19,71.5,69.99,73.87,70.48,72.04,70.62,74.77
2603,長榮,-6.42,-9.34,-3.88,-1.27,2.17,6.23,8.58,10.87,2.75
2605,新興,16.4,34.58,29.19,17.37,27.64,25.79,34.81,14.22,27.2
2606,裕民,5,-14.36,-9.8,-1.95,10.1,4.34,10.23,8.62,12.07
2607,榮運,19.12,18.42,18.04,15.13,16.53,15.91,15.21,14.56,13.41
2608,大榮,21.41,21.03,21.95,17.95,20.85,15.19,19.18,18.38,19.65
2609,陽明,-6.46,-7.76,-11.63,-11.17,-1.56,0.6,4.85,8.45,5.28
2610,華航,13.35,16.43,11.46,13.47,9.67,7.82,15.78,17.43,14.61
2611,志信,31,31.1,29.85,28.4,32.83,27.55,30.64,29.36,26.62
2612,中航,27.56,28.11,26.56,25.68,17.8,18.45,12.31,19.06,19.49
2613,中櫃,12.79,5.53,11.23,9.78,12.47,4.08,8.69,9.7,11.77
2614,東森,13.08,25.02,36.71,43.95,24.81,32.48,34.86,11,22.77
2615,萬海,8.21,8.78,10.15,8.95,12.18,6.91,12.85,15.12,11.41
2616,山隆,8.24,10.42,9.63,8.87,9.27,8.83,9.27,8.65,8.26
2617,台航,4.51,1.42,3.5,1.67,-1.09,3.97,11.7,20.59,25.93
2618,長榮航,11.76,14.53,13.92,15.79,8.42,9,12.76,18.01,11.55
2634,漢翔,12.4,15.43,15.33,14.52,14.95,14.31,12.07,14.74,15.21
2636,台驊投控,20.02,18.74,19.52,18.72,16.91,17.6,18.4,18.49,18.48
2637,慧洋-KY,23.81,19.54,15.56,14.66,15.81,14.71,14.52,19.55,24.11
2640,大車隊,45.3,46.49,40.88,43.95,42.04,48.33,46.96,46.59,44.07
2641,正德,13.55,8.95,15.22,15.1,13.37,10.09,16.52,19.12,5.07
2642,宅配通,18.69,19.27,17.63,16.66,16.68,17.1,19.22,16.79,12.9
2701,萬企,,,,,,,,,
2702,華園,74.71,76.34,77.95,76.85,75.5,73.09,74.53,74.06,81.79
2704,國賓,40.58,39.76,37.1,36.06,44.09,44.77,44.44,42.46,41.77
2705,六福,40.58,26.45,19.58,23.67,30.97,26.41,23.22,20.04,2.5
2706,第一店,,,,,,,,,
2707,晶華,35.49,33.5,32.99,33.98,35.86,33.01,33.62,34.49,33.02
2712,遠雄來,,,,,,,,,
2718,晶悅,,,,,,,,,
2719,燦星旅,11.58,13.79,13.79,11.88,14.86,14.16,12.02,11.43,15.52
2722,夏都,,,,,,,,,
2723,美食-KY,55.58,56.14,58.46,59.04,59.06,59.22,59.83,58.94,59.38
2724,富驛-KY,23.38,1.73,12.24,15.21,12.52,3.79,,,22.04
2726,雅茗-KY,50.15,48.2,53.09,56.11,54.32,54.87,54.38,53.88,55.3
2727,王品,45.92,48.9,49.24,50.4,47.49,50.63,50.16,49.32,48.22
2729,瓦城,50.17,51.45,52.03,53.83,50.58,52.83,54.11,54.13,52.2
2731,雄獅,13.33,14.04,11.69,11.07,12.32,13.46,12.07,11.05,11.61
2732,六角,56.78,54.74,53.44,53.31,55.23,53.75,54.63,55.56,55.14
2734,易飛網,12.02,14.1,13.02,10.63,12.44,16.17,12.46,13.19,7.81
2801,彰銀,,,,,,,,,
2809,京城銀,,,,,,,,,
2812,台中銀,,,,,,,,,
2816,旺旺保,,,,,,,,,
2820,華票,,,,,,,,,
2823,中壽,,,,,,,,,
2832,台產,,,,,,,,,
2833,台灣人壽(下市),,,,,,,,,
2834,臺企銀,,,,,,,,,
2836,高雄銀,,,,,,,,,
2838,聯邦銀,,,,,,,,,
2841,台開,80.13,56.89,44.95,54.49,46.36,77.58,94.14,56.19,47.96
2845,遠東銀,,,,,,,,,
2847,大眾銀行(下市),,,,,,,,,
2849,安泰銀,,,,,,,,,
2850,新產,,,,,,,,,
2851,中再保,,,,,,,,,
2852,第一保,,,,,,,,,
2855,統一證,,,,,,,,,
2856,元富證,,,,,,,,,
2867,三商壽,,,,,,,,,
2880,華南金,,,,,,,,,
2881,富邦金,,,,,,,,,
2882,國泰金,,,,,,,,,
2883,開發金,,,,,,,,,
2884,玉山金,,,,,,,,,
2885,元大金,,,,,,,,,
2886,兆豐金,,,,,,,,,
2887,台新金,,,,,,,,,
2888,新光金,,,,,,,,,
2889,國票金,,,,,,,,,
2890,永豐金,,,,,,,,,
2891,中信金,,,,,,,,,
2892,第一金,,,,,,,,,
2901,欣欣,,,,,,,,,
2903,遠百,49.85,50.85,51.46,49.2,49.94,51.1,50.83,50.17,47.77
2904,匯僑,36.86,46.03,37.75,38.12,26.92,38.36,36.12,40.93,43.96
2905,三商,34.3,36.07,35.59,35.56,35.6,34.94,35.24,34.52,31.35
2906,高林,28.65,22.04,23.47,21.04,23.39,23.57,24.31,20.85,25.81
2908,特力,33.24,32.19,31.24,31.92,31.67,30.23,28.75,28.14,29.55
2910,統領,52.95,67.42,54.28,70.5,51.02,76.94,82.92,88.8,89.46
2911,麗嬰房,49.22,47.49,46.63,45.14,48.2,45.72,44.95,42.19,43.43
2912,統一超,33.02,32.37,33.12,32.87,32.76,32.75,33.08,33.64,33.33
2913,農林,53.91,58.59,47.59,33.17,29.12,32.84,25.73,36.32,42.78
2915,潤泰全,46.65,53.75,39.02,43.88,50.11,53.75,45.74,41.07,96.19
2916,滿心,45.41,43.58,46.8,48.1,48.26,,,,
2923,鼎固-KY,53.39,57.76,62.8,64.36,47.31,65.54,67.48,65.2,56.71
2924,東凌-KY,66.22,66.5,66.06,63.75,62.95,62.46,61.26,59.91,58.97
2926,誠品生活,46.9,50.25,49.1,48.37,43.9,46.11,43.96,46.01,43.93
2929,淘帝-KY,38.46,38.63,38.83,39.14,38.48,39.11,38.94,39.27,38.53
3002,歐格,36.99,30.62,35.93,39.4,36.02,31.64,32.77,32.51,23.02
3003,健和興,32.68,34.57,35.74,35.24,37.09,36.64,36.34,35.62,36
3004,豐達科,34.72,34.24,32.31,30.96,32.02,29.49,28.95,28.51,25.68
3005,神基,27.62,27.25,26.63,27.31,29.01,27.84,28.95,28.56,27.58
3006,晶豪科,12.48,17.01,14.86,13.92,15.55,18.66,18.98,19.56,21.38
3008,大立光,59.9,59.68,66.37,67.96,70.72,70.94,66.68,67.7,71.72
3010,華立,9.21,9.88,9.15,9.7,9.3,9.69,9.22,9.18,8.57
3011,今皓,6.15,4.49,9.3,19.36,25.86,11.81,18.07,13.55,16
3013,晟銘電,5.41,5.55,13.79,16.3,17.62,12.97,12.49,17.39,11.71
3014,聯陽,49.98,51.63,49.87,49.07,49.73,50.4,51.71,50.21,50.94
3015,全漢,12.13,11.69,12.43,11.78,11.03,11.25,10.09,11.78,8.6
3016,嘉晶,7.58,10.31,10.18,7.47,8.1,11.63,13.67,14.06,16.03
3017,奇鋐,14.29,13.2,12.84,14.28,15.26,12.13,11.74,13.19,12.07
3018,同開,-11.96,6.04,4.64,4.86,9.41,7.44,8.93,9.1,11.53
3019,亞光,13.11,16.26,17.75,21.73,15.97,18.61,17.96,20.82,15.81
3021,鴻名,22.58,23.95,25.54,22.39,23.45,24.63,23.93,24.77,24.22
3022,威強電,30.23,34.44,35.04,32.89,33.61,33.41,32.22,32.13,31.5
3023,信邦,22.42,24.98,24.05,23.96,26.51,24.8,25.56,24.96,25.14
3024,憶聲,13.22,16.33,13.63,16.65,9.42,18.03,19.06,18.53,16.95
3025,星通,50.67,48.43,52.69,53.06,33.13,47.1,50.35,44.83,41.82
3026,禾伸堂,13.6,15.59,14.11,14.3,14.02,13.8,14.72,19.18,25.56
3027,盛達,51.1,28.19,31.42,34.44,33.06,32.24,32.15,26.5,26.23
3028,增你強,6.85,6.9,5.71,5.04,6.36,5.99,4.96,5.32,5.31
3029,零壹,9.73,8.42,10.64,9.73,10.13,8.5,11.77,9.18,10.05
3030,德律,55.97,56.23,54.99,53.82,53.53,51.86,51.91,53.6,54.23
3031,佰鴻,10.9,23.69,10.76,21.51,23.23,21.81,24.45,24.35,24.51
3032,偉訓,22.26,21.14,16.65,16.96,24.9,20.17,17.31,18.16,13.85
3033,威健,6.25,6.12,5.87,5.04,5.42,5.54,5.42,5.33,5.36
3034,聯詠,28.45,29.41,28.19,27.71,28.2,28.49,28.28,29.01,29.37
3035,智原,47.92,50.21,46.41,49.19,48.83,45.27,47.39,52.5,54.62
3036,文曄,5.66,5.64,5.37,4.5,4.21,4.68,4.77,4.42,4.1
3037,欣興,12.86,9.53,7,9,11.96,10.64,6.36,7.55,10.73
3038,全台,21.99,21.46,17.68,22.21,17.2,17.36,17.99,16.46,16.2
3040,遠見,53.85,57.42,66.59,69.3,54.26,59.45,69.17,56.66,66.11
3041,揚智,41.82,37.54,37.13,35.94,35.81,27.34,28.35,29.66,29.17
3042,晶技,25.29,28.92,24.75,26.1,26.48,28.28,24.28,23.62,23.55
3043,科風,10.36,2.79,12.5,16.17,22.84,21.9,23.68,27.87,21.47
3044,健鼎,16.5,15.15,16.03,19.94,20.24,17.22,18.46,18.18,18.93
3045,台灣大,29.4,32.59,33.88,33.11,30.38,31.92,31.97,31.15,27.31
3046,建,30.84,31.37,25.48,22.75,7.74,31.59,30.46,30.74,36.75
3047,訊舟,24.99,27.73,26.89,29.05,27.63,28.53,26.04,23.77,23.77
3048,益登,2.81,3.18,3.01,2.82,3.19,3.36,3.36,3.19,3.18
3049,和鑫,20.53,-46.13,-118.6,46.09,24.83,26.22,20.25,0.55,-0.48
3050,鈺德,35.09,34.4,35.8,37.71,37.02,33.2,30.89,26.85,27.73
3051,力特,16.73,14.37,14.4,15.48,20.69,27.23,23.18,26.66,22.42
3052,夆典,11.39,9.61,10.1,3.8,4.5,4.17,8.82,5.19,26.26
3054,立萬利,-10.6,15.67,14.88,4.76,14.23,12.6,-15.99,-13.94,-50.9
3055,蔚華科,20.74,22.49,23.77,19.61,18.26,21.86,18.37,25.4,23.09
3056,總太,23.99,10.07,30.95,1.57,11.23,71.56,32.74,31.47,12.19
3057,喬鼎,39.71,41.97,39.72,40.83,37.82,39.48,40.44,35.26,30.51
3058,立德,17.71,14.61,15.09,16.24,15.25,12.33,13,12.13,12.84
3059,華晶科,12.81,10.37,11.79,15.63,15.08,15.08,13.78,12.42,13.14
3060,銘異,16.35,13.2,9.24,10.86,14.73,12.55,8.78,6.07,5.07
3062,建漢,10.94,10.14,8.86,9.15,3.91,8.45,5.28,7.45,6.96
3064,泰偉,-6.71,95.44,30.7,-28.4,1.75,-508.96,-91.68,85.62,103.24
3066,李洲,9.33,17.6,12.38,16.73,-52.35,19.14,21.19,18.36,5.18
3067,全域,19.7,20.39,18.41,23.62,32.1,26.33,28.07,20.4,26.05
3068,美磊,18.67,24.14,23.41,25.25,25.37,28.8,27.82,25.06,21.37
3071,協禧,20.37,20.38,23.3,25.11,24.28,25.5,27.01,28.66,30.23
3073,凱柏實業,77.32,79.79,18.83,14.65,6.07,17.54,18.29,5.75,-9.2
3078,僑威,24.46,25.12,25.1,28.67,29.87,25.55,24.33,23.24,23.68
3083,網龍,30.42,86.21,85.82,87.49,76.9,97.33,96.2,94.47,61.08
3085,新零售,31.53,18.2,23.36,22.53,27.29,26.98,39.43,47.75,20.7
3086,華義,29.71,47.04,-59.48,20.78,-88.9,16.7,30.98,29.05,-11.53
3088,艾訊,33.94,36.17,37.96,37.52,36.84,36.43,33.13,32.73,33.79
3089,遠昇,-20.18,12.98,-8.38,5.36,8.58,9.33,-40.05,31.08,15.8
3090,日電貿,13.93,14.4,14.76,13.58,15.81,14.53,14.52,17.1,22.74
3092,鴻碩,23.69,23.52,28.24,31.23,30.06,30.89,31.68,26.78,23.31
3093,港建,44.41,48.89,33.61,42.26,35.24,30.75,33.32,48.25,32.92
3094,聯傑,69.04,70.32,69.04,69.61,69.2,69.61,67.65,69.23,66.92
3095,及成,17.2,1.7,-12.36,1271.49,-13.79,19.79,20.53,16.68,3.64
3105,穩懋,41.27,41.72,39.19,35.29,30.53,33.66,37.22,37.79,38.3
3114,好德,10.6,10.07,9.87,11.74,12.37,13.58,12.35,12,12.32
3115,寶島極,6.75,6.33,9.06,10.49,18.36,14.75,7.22,14.94,13.91
3118,進階,,,,,,,,,
3122,笙泉,39.73,39.88,35.56,31.93,33.64,33.55,32.01,31.14,31.6
3126,,,,,,,,,,
3128,昇銳,21.24,20.67,22.47,18.16,20.36,18.8,19.73,19.18,23.98
3130,一零四,89.44,89.97,91.38,91.2,90,90.86,90.77,90.59,88.79
3131,弘塑,50.38,48.23,42,34.64,49.56,45.87,50.05,49.62,41.79
3141,晶宏,45.01,49.58,46.63,42.63,47.52,44.62,41.66,43.59,43.21
3144,新揚科,16.23,13.94,17.94,18.19,21.92,20.31,16.84,20.06,18.43
3149,正達,-22.2,-79.98,-48.74,-25.9,-20.75,-32.45,-1.07,0.1,2.18
3152,璟德,,,,,,,,,
3162,精確,18.47,7,15.21,-10.92,-14.78,6.96,14.39,17.55,11.59
3163,波若威,8.58,19.48,18.74,25.03,24.27,20,17.03,13.93,12.44
3164,景岳,50.4,58.69,62.12,51.32,57.47,58.34,58.53,62.72,51.27
3167,大量,28.58,27.18,26.6,31.88,30.2,30.04,27.04,27.77,27.76
3169,亞信,41.84,36.16,37.09,38.95,38.75,41.56,44,43.46,41.59
3171,新洲,20.28,22.11,20.91,22.29,20.92,21.49,22.21,23.19,21.18
3176,基亞,30.09,28.01,29.95,29.49,18.35,28.84,34.76,35.07,37.32
3188,鑫龍騰,,,7.9,5.97,8.86,20.94,21.73,22.87,17.08
3189,景碩,29.51,23.77,26.74,24.64,24.09,18.92,20,20.23,15.79
3191,和進,6,20.53,6.44,23.28,20.6,16.28,16.12,16.81,17.25
3202,樺晟,8.6,9.45,10.66,12.25,13.82,11.13,12.61,10.56,5.79
3205,佰研,41.66,43.85,43.71,40.64,29.32,41.62,39.87,12.77,1.83
3206,志豐,27.03,27.42,21.7,21.74,21.91,22.62,24.38,19.47,14.68
3207,耀勝,13.14,12.93,15.52,15.67,8.66,9.78,8.58,7.58,0.82
3209,全科,5.06,4.81,4.48,4.23,4.71,3.4,3.82,4.01,5.16
3211,順達,6.18,5.04,3.86,4.74,4.86,4.62,6.23,6.76,5.69
3213,茂訊,,21.65,22.32,20.73,35.13,27.91,28.69,19.65,27.13
3217,優群,31.13,33.07,32.43,38.69,41.53,37.75,39.36,43.98,40.73
3218,大學光,57.42,53.54,54.89,54.51,57.19,52.26,54.89,55.47,54.08
3219,倚強,31.63,37.17,31.52,-6.62,-30.14,72.26,34.24,10.14,2.74
3221,台嘉碩,17.75,22.67,21.3,15.1,13.42,16.42,17.37,20.08,20.55
3224,三顧,7.79,7.93,5.74,12.79,10.39,10.2,12.5,9.97,12.59
3226,至寶電,28.29,28.42,25.71,24.6,24.86,25.28,20.93,23.29,25.75
3227,原相,50.51,50.86,49.89,49.48,50.23,52.76,55.75,56.68,56.9
3228,金麗科,,,,,,,,,
3229,晟鈦,17.41,19.84,11.41,14.11,15.58,17.49,13.95,14.21,10.97
3230,錦明,20.46,12.61,4.44,9.1,5,17.08,9.76,-0.7,-15.13
3231,緯創,4.45,5.69,4.98,4.55,4.29,3.78,3.91,3.93,3.57
3232,昱捷,4.69,9.73,3.17,6.98,6.42,12.19,15.86,13.19,9.77
3234,光環,33.41,31.11,27.13,14.29,10.98,-0.9,3.54,-26.31,-5.45
3236,千如,21.12,20.76,23.72,24.79,23.55,24.43,25.64,26.58,24.67
3252,海灣,62.47,45.92,44.68,40.62,48.9,47.6,50.53,56.35,52.73
3257,虹冠電,50.51,48.29,52.99,48.2,42.16,43.05,48.83,46.85,44.98
3259,鑫創,30.77,32.92,29.32,30.85,39.28,35.12,23.34,30.56,39.38
3260,威剛,6.22,7.15,7.27,16.69,21.71,18.19,11.27,12.66,13.36
3264,欣銓,23.03,19.92,28.46,30.64,26.89,27.02,28.43,33.98,34.74
3265,台星科,-17.32,1.73,22.95,23.81,10.97,2.42,6.15,22.88,23.57
3266,昇陽,28.68,14.79,4.14,3.33,33.54,4.14,4.38,1.88,21.55
3268,海德威,6.19,6.7,9.15,8.35,4.24,3.33,9.14,4.34,6.48
3272,東碩,24.59,23.1,22.42,18.13,23.16,20.02,23.69,21.56,21.01
3276,宇環,-7.42,3.19,3.58,4.35,8.31,9.13,11.26,9.02,7.91
3284,太普高,16.41,18.61,18.14,20.42,15.95,16.86,15.67,14.02,10.68
3285,微端,15.29,18.22,17.83,19.55,21.37,20.87,18.96,17.03,19.58
3287,廣寰科,21.61,21.91,19.46,25.88,26.1,29.07,16.35,23.93,35.16
3288,點晶,4.71,22.98,-29.43,28.95,21.21,39.97,38.29,43.27,55.31
3289,宜特,29.71,33.73,32.02,27.41,26.47,27.96,29.34,30.43,27.9
3290,東浦,13.82,10.87,14.61,14.86,21.27,17.29,18.58,15.73,14.83
3291,遠翔科技股份有限公司(下櫃),,,,,,,,,
3293,鈊象,85.01,79.52,76.93,82.32,83.62,84.77,84.27,84.96,87.23
3294,英濟,15.84,7.86,17.33,22.74,20.17,11.54,15.13,18.81,16.04
3296,勝德,20.26,17.92,17.95,18.71,20.81,16.97,15.7,15.68,17.22
3297,杭特,37.03,37.95,33.86,27.2,24.91,18.46,20.39,18.25,19.28
3299,帛漢,34.6,34.46,35.25,34.87,39.15,37.93,39.94,39.17,37.68
3303,岱稜,24.65,27.07,27.61,27.88,24.52,26.25,16.83,23.76,23.67
3305,昇貿,13.86,18.56,18.21,16.73,13.13,15.62,13.74,9.91,9.69
3306,鼎天,22.61,23.35,24.36,24.26,16.32,24.75,19.23,18.64,18.54
3308,聯德,12.58,13.47,15.3,11.4,17.74,17.55,12.86,11.13,6.96
3310,佳穎,22.43,24.01,24.77,26.23,16.87,24.4,19.91,20.7,20.99
3311,閎暉,11.85,2.57,14.13,14.22,12.17,12.31,11.49,14.07,14.9
3312,弘憶國際,3.32,4.15,9.81,5.79,5.87,5.21,4.06,5.1,4.28
3313,斐成,21.55,13.74,15.47,16.18,14.03,16.83,14.53,18.25,19.71
3315,宣昶(下市),,,,,,,,,
3317,尼克森,16.72,18.56,20.14,16.65,17.36,19.52,18.33,22.2,20.57
3322,建舜電,12.68,16.86,14.72,18.06,20.8,17.39,17.67,12.61,14.7
3323,加百裕,9.27,10.25,9.85,10.07,9.38,9.58,10.22,10.49,9.23
3324,雙鴻,18.1,22.06,22.51,19.42,18.65,14.98,15.4,15.83,12.4
3325,旭品,16.21,15.76,14.1,18.45,17.7,14.19,4.89,10.71,10.26
3332,幸康,38.21,33.78,35.9,37.34,37.47,38.07,37.7,38.33,38.8
3338,泰碩,25.94,23.51,22.66,25.75,24.87,22.19,24.28,23.93,21.42
3339,泰谷,-63.52,-38.55,-22.81,-6.02,2.97,2.27,1.86,12.78,5.29
3354,律勝,24.08,20.4,9.02,23.18,27.77,13.49,28.16,38.33,37.85
3356,奇偶,46.94,47.61,47.03,46.16,39.52,39.3,31.56,35.52,35.55
3360,尚立,3.42,4.06,2.84,3.12,3.06,2.79,2.56,2.65,3.05
3362,先進光,7.84,29.73,20.76,31.76,29.03,29.78,33.99,34.02,31.15
3363,上詮,5.54,10.56,16.43,20.81,20.86,19.85,22.38,29.73,17.37
3372,典範,,,,,,,,,
3373,熱映,27.74,31.21,27.09,24.91,15.44,29.17,26.74,22.19,19.75
3374,精材,,,,,,,,,
3376,新日興,34.86,30.16,27.62,27.5,24.99,22.77,27.11,26.95,25
3379,彬台,20.99,15.09,24.16,14.21,24.31,20.56,20.72,13.67,34.53
3380,明泰,11.92,14.38,14.97,14.83,14.07,17.12,14.88,15.79,12.72
3383,新世紀,-129.79,-88.86,-87.47,-62.72,-135.31,-53.57,-24.07,-15.22,-39.06
3388,崇越電,15.74,15.91,16.23,17.47,14.74,17.12,17.39,17.82,19.1
3390,旭軟,15.62,10.69,12.96,14.24,12.07,17.74,15.71,24.27,11.14
3402,漢科,8.08,14.8,15.9,17.39,13.58,15.39,16.22,13.69,16.4
3406,玉晶光,13.79,5.45,14.6,29.65,38.49,34.8,42.93,36.67,46.79
3416,融程電,40.78,39,40.6,38.57,35.53,34.98,34.06,33.66,34.9
3419,譁裕,14.87,12.86,17.02,17.95,18.57,20.14,21.44,19.75,18.97
3428,光燿科,39.13,46.82,30.55,38.46,37.88,32.73,42.96,35.26,12.3
3431,長天,19.66,13.91,29.33,25.63,13.51,2.25,8.48,11.77,14.18
3432,台端,34.56,33.43,26.26,37.09,30.61,33.83,36.04,34.98,47.28
3434,哲固,16.05,16.64,17.89,17.72,16.12,16.33,14.46,14.13,16.1
3437,榮創,18.07,14.72,9.04,13.36,12.19,10.31,10.79,14.5,15.16
3438,類比科,19.42,18.71,12.63,10.41,11.6,18,21.04,23.76,25.72
3441,聯一光,8.17,14.63,10.92,16.8,18.06,21.36,18.58,18.33,18.3
3443,創意,31.27,28.84,28.79,24.81,21.87,24.38,26.71,22,30.4
3444,利機,17.62,18.65,20,17.61,19.38,20.37,17.75,21.53,22.51
3450,聯鈞,34.43,33.32,29.42,28.38,28.3,26.67,26.67,28.02,31.38
3452,益通,-6.25,6.19,-5.79,-65.86,-37.31,-17.95,-13.49,-6.05,-16.61
3454,晶睿,39.74,41.94,40.99,44.58,41.92,34.9,33.58,35.04,36.01
3455,由田,53,46.95,46.04,49.09,50.33,42.02,37.51,40.64,35.49
3465,祥業,16.8,-5.58,13.39,-0.29,-4.61,2.34,-17.09,-36.57,-23.39
3466,致振,11.12,23.86,15.15,22.94,21.46,22.45,11.23,9.41,8.23
3474,華亞科(下市),7.15,-6.74,-3.22,12.11,,,,,
3479,安勤,25.31,25.3,27.46,26.89,26.12,24.01,23.83,28.1,25.47
3481,群創,3.1,-7.16,2.33,11.77,22.15,23.65,24.9,20.33,14.13
3483,力致,16.75,16.67,17.61,19.62,20.8,16.12,14.56,16.88,19.04
3484,崧騰,26.43,24.67,23.05,24.86,25.23,24.12,22.85,21.43,22.09
3489,森寶,-29.57,11.93,8.34,23.42,23.07,10.73,25.81,31.12,37.14
3490,單井,12.68,10.08,27.04,42.07,38.02,32.63,38.83,36.62,32.36
3491,昇達科,34.91,33.65,32.33,37.42,40.62,41.86,42.14,34.27,33.69
3494,誠研,28.62,35.46,26.07,13.9,9.62,16.83,23.66,13.27,11.6
3498,陽程,40.86,39.22,31.81,22.61,37.48,41.14,32.85,30.09,31.99
3499,環天科,28.52,27.25,25.14,28.35,28.14,33.15,34.17,27.86,25.39
3501,維熹,24.32,33.33,28.27,33.71,33.83,36.04,31.53,27.79,27.18
3504,揚明光,26.98,23.95,18.38,24.61,18.29,19.69,17.18,17.64,18.69
3508,位速,-15.69,4.56,-53.32,-21.79,-15.3,-5.23,-2.62,24.44,47.31
3511,矽瑪,20.86,17.86,16.52,15.51,25.99,25.54,20.85,25.4,21.44
3512,能緹,22.02,3.18,2.01,9.17,1.89,10.38,10.08,6.61,3.96
3514,昱晶,11.59,13.6,6.54,-104.93,-7.11,-15.43,-5.62,4.17,-5.41
3515,華擎,16.18,21.07,18.8,21.01,15.89,21.34,17.05,23.95,22.63
3516,亞帝歐,0.89,6.71,9,4.93,15.61,19.58,14.25,17.14,13.4
3518,柏騰,19.69,16.13,19.09,17.62,14.36,7.8,9.98,-1.39,2.98
3519,綠能,7.6,10.32,7.94,-31.86,-11.55,-9.55,-8.09,4.56,8.13
3520,振維,15.79,15.54,10.73,13.02,14.04,12.77,10.13,9.5,13.94
3521,鴻翊,,,,,,,,,
3522,宏森,0.13,9.28,8.67,11.5,21.98,28.09,23.98,29.41,47.54
3523,迎輝,-66.78,-17.23,-23.96,-27.88,-27.78,-33.36,29.72,-75.07,-225.31
3526,凡甲,31.94,35.69,31.57,43.18,46,35.58,40.2,44.18,43.45
3527,聚積,34.18,34.91,32.46,31.47,32.87,30.19,22.68,29.86,29.52
3528,安馳,,,,,,,,,
3529,力旺,100,100,100,100,100,100,100,100,100
3531,先益,19.68,19.15,21.25,25.35,25.65,25.35,24.46,23.98,24.35
3532,台勝科,9.79,11.02,12.82,12.15,14.41,19.45,24.11,30.45,31.97
3533,嘉澤,34.34,33.03,28.51,31.81,33.65,35.61,30.23,32.96,31.13
3535,晶彩科,30.35,18.61,25.03,17.95,25.12,24.42,22.83,11.93,26.58
3536,誠創,11.57,14.6,13.21,16.84,28.49,18.76,17.77,5.81,6.26
3537,堡達,8.59,10.88,7.82,9.67,11.54,9.5,11.41,16.2,13.65
3540,曜越,32.2,35.53,32.65,33.88,34.41,35.64,32.61,34.5,34.54
3541,西柏,41.38,41.82,40.46,45.34,42.3,43.37,44.12,43.57,41.52
3545,敦泰,18.17,18.71,19.6,20.53,23.27,23.04,20.5,20.6,20.44
3546,宇峻,93.12,92.98,98.41,89.63,90.76,91.17,91.85,92.18,86.77
3548,兆利,23.75,25.98,22.22,26.05,17.01,24.47,23.98,22.75,20.2
3550,聯穎,21.05,22.23,22.42,21.6,21.3,19.84,19.98,19.1,19.88
3551,世禾,25.66,28.81,30.88,26.85,23.33,30.14,29.82,31.44,25.3
3552,同致,30.02,30.67,33.58,30.98,27.04,24.43,25.66,21.68,20.35
3553,,,,,,,,,,
3555,重鳥鵬,-55.05,27.31,38.67,2.35,17.11,13.33,11.27,4.29,8.04
3556,禾瑞亞,52.82,51.94,45.64,43.71,42.57,56.84,55.97,52.89,53.52
3557,嘉威,2.14,-0.97,0.87,0.57,-0.75,-103.77,-102.21,-199.63,-99.8
3558,神準,30.38,28.45,26.38,26.27,25.81,23.71,20.07,19.39,20.85
3559,全智科(下市),,,,,,,,,
3561,昇陽光電,8.42,11.04,3.98,-16.13,-3.81,-14.08,-7.34,-3.94,-8.77
3562,頂晶科,9.82,-1.13,-29.28,-3.73,1.9,-28.86,-1.27,15.69,-4.05
3563,牧德,57.14,59.28,66.07,62.61,59,63.23,61.89,59.89,68.49
3564,其陽,32.04,28.69,30.31,29.82,27.55,25.08,22.49,21.64,25.06
3567,逸昌,,,,,,,,,
3570,大塚,38.81,36.16,40.06,40.97,38.63,35.35,27.83,39.12,37.9
3573,穎台(下市),,,,,,,,,
3576,新日光,8.71,12.49,-8.48,-42.9,-31.49,-31.43,-9.66,-36.25,-4.95
3577,泓格,53.19,50.68,54.21,58.67,53.06,56.14,54.1,56.49,56.67
3579,尚志,6.56,10.15,7.48,-31.26,-12.27,-9.05,-7.19,4.74,7.98
3580,友威科,23.48,11.95,7.25,31.1,28.82,29.35,34.47,35.07,34.29
3581,博磊,49.57,34.37,39.12,38.35,41.93,40.21,36.29,35.49,35.46
3583,辛耘,36.02,32.86,34.23,30.6,37.1,38.11,31.61,37.91,34.83
3584,介面光電(下市),,,,,,,,,
3587,閎康,39.72,34.01,37.86,42.02,37.68,34.46,36.71,27.64,30.24
3588,通嘉,37.62,36.49,35.91,34.57,34.16,34.03,33.13,34.09,35.66
3591,艾笛森,7.91,12.04,9.8,16.21,14.36,11.21,14.07,14.04,12.69
3593,力銘,-17.83,4.9,8.5,16.92,1.68,5.9,16.16,19.2,15.91
3594,磐儀,36.83,39.88,41.63,40.74,43.93,39.37,42.17,22.28,22.21
3596,智易,14.61,15.22,17.47,16.35,15.33,14.37,14.98,12.99,13.49
3598,奕力(下市),21.59,21.31,,,,,,,
3605,宏致,24.23,21.36,22.79,26.28,23.18,20.29,20.88,19.51,17.06
3607,谷崧,18.58,5.63,4.6,10.14,8.94,-3.64,7.49,10.51,6.9
3609,東林,20.68,27.32,31.48,31.71,27.57,34.06,35.29,33.47,35.7
3611,鼎翰,47.1,44.68,45.65,44.46,46.46,46.81,44.46,44.45,45.04
3615,安可,9.26,-6.21,5.42,8.81,8.17,3.18,2.63,9.27,9.88
3617,碩天,46.17,44.91,46.06,46.71,46.1,47.13,44.86,43.5,41.82
3622,洋華,-9.39,9.09,16.27,5.8,-1.32,9.35,16.9,13.47,14.1
3623,富晶通,,,,,,,,,
3624,光頡,24.21,27.13,29.6,22.97,21.96,23.38,25.8,24.37,21.43
3625,西勝,17.98,13.31,20.73,23.98,22.15,22.35,23.37,15.27,13.07
3628,盈正,24.69,21.5,22.92,20.9,29.9,20.26,23.36,24.35,25.7
3629,地心引力,-27.46,2.85,-36.47,-43.46,-22.4,6.97,-2.57,-15.38,23.98
3630,新鉅科,-21.79,-43.03,-27.29,-19.46,1.63,-5.78,-31.5,-40.72,-36.98
3631,晟楠,-3.94,24.02,4.79,20.54,9.99,-0.41,3.2,2.72,1.61
3632,研勤,20.17,23.81,18.65,6.79,10.02,20.42,19.1,21.42,17.28
3642,駿熠電,6.13,1.41,7.47,13.93,17.64,11.88,0.44,-12.74,-2.08
3645,達邁,19.76,4.94,24.91,41.07,35.48,37.28,29.2,34.6,30.38
3646,艾恩特,23.11,24.2,29.69,36.21,45.66,39.58,32.43,38.58,41.8
3652,精聯,35.11,35.63,34.43,33.71,29.77,28.5,30.71,29.66,33.98
3653,健策,18.19,22.71,25.4,26.12,22.33,28,26.18,28.44,21.25
3658,漢微科(下櫃),,,,,,,,,
3661,世芯-KY,31.15,18.03,2.09,11.84,18.85,28.75,26.78,19.33,49.32
3662,,,,,,,,,,
3663,鑫科,3.51,5.97,4.93,6.75,5.01,7.19,6.13,7.33,6.35
3664,安瑞-KY,57.11,76.33,77.09,76.39,80.92,73.18,77.75,60.57,66.62
3665,貿聯-KY,26.26,29.47,27.9,29.2,32.35,31.13,26.02,21.79,22.44
3666,光耀,20.6,19.42,19.55,11.5,13.22,9.09,12.15,20.15,16.34
3669,圓展,46.32,49.61,51.7,52.38,52.96,53.5,49.66,52.86,49.42
3673,TPK-KY,6.72,4.67,-9.3,9.61,5.46,5.6,6.74,8.57,6.72
3675,德微,19.83,20.31,21.5,21.12,21.98,20.01,20.69,19.4,19.68
3679,新至陞,25.48,24.28,26.59,27.15,25.86,26.79,24.52,25.16,22.74
3680,家登,20.72,12.17,20.34,17.91,13.37,4.55,6.84,21.36,12.8
3682,亞太電,-1.83,-5.91,-7.1,-2.83,-4.34,8.5,16.44,13.98,7.81
3684,榮昌,41.53,37.76,38.92,37.07,41.32,39.06,37.74,37.43,34.29
3685,元創精密,25.58,20.63,19.6,35.3,30.49,33.07,33.12,31.73,29.95
3686,達能,,,,,,,,,
3687,歐買尬,40.19,35.09,24.58,30.45,21.26,32.57,27.08,26.52,21.77
3689,湧德,16.73,17.42,18.61,19.99,22.6,20.68,21.25,21.41,21.31
3691,碩禾,24.22,22.22,21.86,20.88,13.11,16.68,13.17,12.27,8.47
3693,營邦,23.49,31.75,17.49,30.42,23.03,27.35,22.35,16.76,20.83
3694,海華,13.84,14.76,14.38,15.22,16.25,14.61,13.04,11.91,11.3
3698,隆達,10.46,8.38,7.59,12.01,-5.67,13.92,15.49,15.47,14.84
3701,大眾控,11.83,14.34,13.16,14.4,14.19,7.23,12.47,10.97,8.53
3702,大聯大,3.91,4.26,4.28,4.17,4.14,4.34,4.23,4.19,3.9
3703,欣陸,-7.06,5.71,-4.46,7.67,13.29,6.46,1.98,8.36,13.16
3704,合勤控,27.55,23.82,24.6,22.52,27.25,21.92,20.16,24.89,22.21
3705,永信,46.15,46.42,42.34,39.6,38.84,44.29,41.53,37.75,40.35
3706,神達,11,12.46,12.78,11.79,9.63,12.99,10.94,10.64,12.29
3707,漢磊,-8.5,3.01,6.04,3.22,3.22,7.31,10.49,11.61,13.15
4102,永日,,,,,,,,,
4103,百略,34.41,36.09,43.9,36.81,36.06,42.31,40.93,39.8,32.78
4104,佳醫,20.45,19.25,20.1,19.17,18.7,21.12,19.1,20.32,18.73
4105,東洋,68.17,70.02,68.42,69.46,64.17,68.49,66.66,68.94,58.97
4106,雃博,45.27,44.81,45.72,44.73,41.38,45.08,45.56,41.63,41.49
4107,邦特,42.69,46.13,45.45,43.49,42.79,40.5,42.14,43.79,43.36
4108,懷特,25.28,16.25,59.53,57.72,47.86,53.23,44.1,22.25,67.39
4109,穆拉德加捷,39.54,37.86,35.21,37.72,31.41,36.13,32.18,34.06,1.46
4111,濟生,30.3,29.42,31.94,32.57,33.18,33.05,32.86,33.31,33.15
4113,聯上,,,,,,,,,
4114,健喬,46.15,46.99,44.37,41.94,40.88,41.4,31.83,41.2,40.15
4119,旭富,34.52,45.27,43.18,39.61,32.48,30.69,30.37,27.63,33.15
4120,友華,45.61,47.42,46.6,47.71,42.96,46.54,48.58,48.47,45.35
4121,優盛,26.89,27.68,29.05,28.78,28.53,27.46,31.39,33.14,29.71
4123,晟德,35.83,42.74,40.19,37.34,45.19,42.09,42.8,41.08,47.3
4126,太醫,39.03,39.95,37.76,35.62,31.82,32.62,29.03,30.67,26.17
4127,天良,60.73,60.16,59.26,62.4,56.96,64.25,20.14,31.86,70.79
4128,中天,38.01,37.93,38.43,37.97,38.25,35.22,38.41,37.47,36.42
4129,聯合,72.74,63.88,69.12,68.86,71.95,72.43,75.58,71.24,70.6
4130,健亞,45.05,41.86,38.64,41.16,39.75,42.95,41.2,38.47,37.42
4131,晶宇,,,,,,,,,
4133,亞諾法,47.1,47.72,46.04,46.86,47.3,49.4,46.73,51.27,45.07
4137,麗豐-KY,78.04,75.54,85.06,83.3,79.82,82.63,81.24,79.27,81.11
4138,曜亞,31.65,31.05,31.56,36.37,35.21,37.02,32.55,33.8,25.25
4139,馬光-KY,15.9,8.25,8.79,7.94,11.09,16.63,19.58,21.3,24.82
4141,龍燈-KY,44.57,44.28,38.36,40.91,46.27,35.13,38.03,43.89,42.53
4142,國光生,-112.77,-170.29,-17.73,-6.77,-27.58,-116.33,-159.36,-8.24,-35.6
4144,康聯-KY,53.08,51.19,49.48,49.15,47.51,48.21,48.02,47.84,50.11
4152,台微體,100,100,100,100,100,100,100,100,100
4153,鈺緯,29.97,30.76,27.18,27.94,28.18,29.94,29.7,-2.78,22.71
4154,康樂-KY,63.63,68.23,64.72,64.08,65.89,62.44,62.06,56.53,65.39
4157,太景*-KY,74.32,80.87,92.08,71.05,97.95,94.76,99.76,54.18,76.33
4160,創源,24.96,29.81,25.11,25.58,26.36,34,28.02,37.28,35.68
4161,聿新科,34.03,36.39,34.62,24.55,24.01,22.48,24.07,19.53,29.37
4162,智擎,15.73,12.55,99.94,92.02,99.97,95.87,96.72,97.63,99.91
4163,鐿鈦,43.71,42.1,43.32,42.52,40.99,40.16,33.92,36.76,38.44
4164,承業醫,31.97,30.15,20.22,31.12,31.93,32.31,32.18,33.91,31.97
4168,醣聯,77.56,61.47,47.87,,83.33,48.61,23.6,,56.64
4171,瑞基,78.23,75.17,78.1,83.81,87.43,80.94,85.56,81.19,74.47
4173,久裕,16.53,16.44,17.13,15.21,15.69,14.63,11.65,12.14,15.13
4174,浩鼎,,,100,,100,,100,,100
4175,杏一,29.07,30.51,29.49,29.09,32.53,30.18,29.62,30.24,30.78
4180,安成藥,32.55,50,25.7,34.37,28.35,41.1,41.76,48.9,27.21
4188,安克,,,,,,,,,
4192,杏國,32.14,48.51,46.94,46.56,46.76,46.2,46.69,52.27,54.96
4198,環瑞醫,0.54,0.44,14.81,-3.36,3.84,6.02,18.05,3.07,-7.27
4205,中華食,,,,,,,,,
4207,環泰,11.26,12.76,15.38,15.72,19.92,22.84,19.43,19.77,17.9
4303,信立,20.48,19.13,15.58,18.12,20.91,16.7,7.47,7.92,7.25
4304,勝昱,6.08,16.37,12.58,9.61,15.7,7.13,6.59,7.16,6.65
4305,世坤,,,,,,,,,
4306,炎洲,12.7,14.41,12.57,11.75,11.47,12.81,10.37,12.42,17.01
4401,東隆興,20.95,21.6,21.46,20,17.81,22.72,21.11,19.06,16.85
4402,福大,-17.45,-3.46,-5.15,-30.28,4.23,-3.61,-13.55,-14.1,-14.92
4406,新昕纖,,,,,,,,,
4413,飛寶企業,,,,,,,,,
4414,如興,-15.19,7.48,10.07,3.73,-5.69,2.63,0.37,19.42,8.28
4415,台原藥,14.06,80.56,65.55,45.66,39.25,44.46,98.12,65.82,68.51
4416,三圓,43.69,50.87,52.31,52.1,-98.33,56.23,-53.14,37.27,-3.29
4417,金洲,22.49,23.52,28.74,29.32,32.92,31.46,24.72,26.82,28.94
4419,元勝,,,,,,,,,
4420,光明,,,,,,,,,
4426,利勤,45.94,53.7,43.19,50.88,40.73,32.8,35.52,30.19,27.35
4429,聚紡,19.05,20.71,16.52,12.9,9.06,11.27,11.77,9.12,-8.35
4430,耀億,26.03,30.17,25.22,23.35,28.37,28.95,19.6,19.64,25.13
4432,銘旺實,20.91,23.7,18.73,18.96,12.08,20.98,17.35,15.05,10.88
4433,興采,24.17,25.15,24.59,24.62,22.11,22.58,20.97,18.72,20.88
4502,健信,12.39,11.59,10.94,12.28,14.5,18.45,17.81,13.47,14.36
4503,金雨,13.91,29.63,20.51,13.76,19.9,28.03,24.19,26.58,17.26
4506,崇友,29.89,27.57,30.44,32.72,28.89,29.91,29.72,32.11,29.67
4510,高鋒,18.09,19.37,24.82,21.07,19.06,19.22,18.49,19.07,13.96
4513,福裕,19.85,25.74,26.36,25.29,25.06,23.94,22.57,22.83,21.24
4523,永彰,15.89,15.11,17.63,14.26,9.69,14.2,18.03,12.61,9.65
4526,東台,32.44,33.84,16.08,20.77,21.73,22.3,20.73,24.67,18.48
4527,方土霖,27.83,23.55,26.28,26.31,28.25,25.12,24.09,23.88,26.38
4528,江興鍛,25.16,25.79,25.56,25.76,26.98,29.91,26.64,26.62,24.17
4529,淳紳,91.79,97.21,99.66,87.81,80.88,99.83,99.69,99.02,99.32
4530,宏易,3.06,-98.78,132.56,32.39,40.12,35.01,22.58,72.95,14.92
4532,瑞智,16.19,21.5,24.36,20.99,15.81,15.72,15.92,13.25,15.4
4533,協易機,24.62,31,31.18,29.71,23.4,19.11,23.92,24.15,25.83
4534,慶騰,18.29,19.8,14.33,15.83,16.22,13.14,11.2,11.58,21.14
4535,至興,17.29,19.68,19.04,19.22,19.87,21.07,18.19,19.25,19.06
4536,拓凱,26.73,26.24,27.26,29.84,29.72,28.38,30.36,26.91,23.44
4541,晟田,,,,,,,,,
4542,科嶠,9.11,17.79,12.17,30.2,26.11,27.06,42.25,37.84,27.61
4549,桓達,60.15,61.39,54.42,57.77,55.82,57.59,58.29,53.97,53.48
4550,長佳,4.21,6.2,6.7,7.54,0.9,-1.71,8.99,6.64,9.86
4609,唐鋒,21.06,20.26,20.52,15.45,18.68,2.91,-1.21,14.56,13.09
4702,中美實,7.91,17.25,17.47,17.1,-4.39,23.44,16.51,4.98,30.07
4703,,,,,,,,,,
4706,大恭,23.91,22.18,26.03,24.91,24.4,23.6,23.25,23.06,20.7
4707,磐亞,5.61,8.24,7.61,8.64,7.7,,,,
4711,永純,13.65,17.6,20.6,17.37,16.81,17.46,9.78,12.56,12.17
4712,南璋,-9.34,1.02,1.02,2.26,-3.26,0.79,-5.38,0.48,3.23
4714,永捷,20.1,25.12,22.45,27.22,12.67,15.55,14.49,14.18,14.56
4716,大立,20.28,20.64,18.75,21.67,16.8,18.03,15.69,18.14,16.35
4720,德淵,21.93,21.35,20.71,22.24,21.79,19,18.79,18.56,19.53
4721,美琪瑪,11.76,11.34,9.14,10.25,10.47,6.96,14.19,5.47,4.9
4722,國精化,21.29,20.66,18.87,17.61,15.69,14.45,15.82,16.1,15.79
4725,信昌化,,,,,,,,,
4726,永昕,,,,,,,,,
4728,雙美,55.45,66.96,55.24,58.02,70.25,68.15,76.9,68.74,75.15
4729,熒茂,23.9,20.28,14.01,18.37,18.41,20.55,26.81,21.23,19.9
4733,上緯企業(下市),,,,,,,,,
4735,豪展,27.76,23.85,25.3,26.83,26.94,29.43,28.41,27.46,21.3
4736,泰博,47.07,51.43,47.83,42.23,44.37,46.06,37.72,45.09,45.13
4737,華廣,48.2,40.71,43.55,45.02,46.5,41.31,41.12,43.99,47.03
4739,康普,8.72,8.31,9.03,8.4,8.97,14.61,13.33,15.68,16.3
4743,合一,,,,49.95,46.73,,,48.09,48.23
4745,合富-KY,23.35,30.36,28.12,26.75,29.15,25.7,26.79,24.72,26.44
4746,台耀,31.6,40.9,38.55,40.1,38.36,44.9,46.97,35.42,31.62
4747,強生,,,,,,,,,
4755,三福化,13.76,14.25,21.37,18.02,16.97,17.94,21.84,20.27,19.39
4903,聯光通,18.15,18.75,11.22,-1.54,8.6,7.87,9.8,6.59,7.52
4904,遠傳,35.6,40.35,41.94,41.92,37.66,41.29,42.49,38.99,33.26
4905,台聯電,43.81,44.85,36.41,43.06,43.9,31.79,33.52,49.32,30.12
4906,正文,13.08,15.19,14.25,16.87,16.68,16.43,12.59,10.72,9.64
4907,富宇,,,,,,,,,
4908,前鼎,,,,,,,,,
4909,新復興,26.24,25.51,19.92,26.58,22.09,24.03,19.22,15.02,19.75
4911,德英,,,,,,,,,
4912,聯德控股-KY,22.49,22.72,24.66,24.7,22.98,17.31,22.19,21.55,20.11
4915,致伸,10.56,10.5,10.47,11.86,12,12.54,12.89,13.21,11.04
4916,事欣科,13.17,18.56,19.35,23.54,18.32,19.16,19.38,26.13,24.58
4919,新唐,40.62,41.52,42.41,39.57,40.19,37.99,41.24,42.2,39.92
4924,欣厚-KY,-7.62,-0.39,0.72,10.01,6.94,9.51,12.83,14.18,15.49
4927,泰鼎-KY,19.4,17.34,16.51,14.92,11.18,11.82,10.25,10.03,9.83
4930,燦星網,14.47,17.66,16.49,16.17,17.42,16.35,15.67,13.51,14.75
4933,友輝,17.69,15.37,16.73,17.74,18.92,17.4,16.93,14.14,15.07
4934,太極,12.68,14.18,9.39,-27.18,-5.69,-13.66,-2.5,1.36,0.01
4935,茂林-KY,26.79,26.73,28.18,29.09,22.49,21.11,17.39,16.01,13.54
4938,和碩,5.69,5.78,7.13,4.78,4.75,5,4.62,3.43,3.19
4939,亞電,17.51,21.62,16.61,20.81,16.93,24.63,18.35,20.96,24.57
4942,嘉彰,10.79,19.32,16.12,20.83,19.78,18.8,20.77,18.72,18.08
4944,兆遠,-39.14,-32.29,-42.7,-13.69,-2.95,-12.51,-27.31,-21.84,-28.63
4946,辣椒,-3.42,21.35,22.32,21.56,25.94,23.02,25.81,18.46,32.87
4947,昂寶-KY,51.53,50.46,50.76,50.07,49.87,48.73,48.06,47.25,46.81
4950,牧東,3.01,4.05,3.33,11.26,6.35,7.45,11.66,5.18,-2.86
4952,凌通,38.11,38.07,38.65,35.92,36.53,34.68,35.6,34.97,36.1
4953,緯軟,10.11,16.34,15.67,21.71,19.6,18.37,20.04,18.49,19.28
4956,光鋐,3.87,12.27,22.84,24.19,22.13,26.18,28.61,26.95,23.86
4958,臻鼎-KY,19.31,15.89,12.31,17.25,14.88,14.53,13.1,16.49,18.05
4960,奇美材,9.23,-1.15,-5.25,-11.56,-11.85,-6.46,-7.58,-9.94,-2.66
4965,商店街,16.03,13.99,14.59,14.23,14.18,13.1,15.66,11.66,11.14
4966,譜瑞-KY,40.01,41.14,40.94,41.98,40.32,40,40.14,41.1,40.48
4971,IET-KY,28.72,34.11,38.25,31.26,29.16,31.64,44.71,34.39,36.01
4972,湯石照明,34.61,37.2,35.55,34.08,34.32,34.63,35.47,35.91,34.08
4973,廣穎,13.9,14.48,16.45,14.39,19.36,17.8,12.06,10.03,7.81
4974,亞泰,10.91,6.56,14.64,16.46,13.98,14.14,16.35,15.43,14.94
4976,佳凌,,,,,,,,,
4977,眾達-KY,26.43,27.62,29.49,28.13,28.33,28.22,27.05,28.83,26.61
4979,華星光,27.21,23.68,12.55,-4.17,-4.34,-10.52,-18.68,-10.17,-16.94
4984,科納-KY,43.49,49.71,49.1,50.83,42.03,40.53,35.03,37.75,37.21
4987,科誠,39.73,36.29,40.33,37.94,36.24,41,38.27,39.04,37.23
4991,環宇-KY,48.89,50.42,40.4,52.42,35.82,45.5,54.14,42.25,44.98
4994,傳奇,91.5,91.77,91.31,91.86,84.96,86.36,78.81,83.85,83.93
4995,晶達,33.38,27.44,35.62,36.72,27.42,33.12,32.81,34.41,32.11
4999,鑫禾,35.97,28.61,35.92,38.69,37.23,34.51,35.83,37.21,37.62
5007,三星,26.21,25.83,27.14,26.03,26.58,24.83,23.7,26.37,24.19
5009,榮剛,9.8,13.54,16.28,17.02,17.87,17.25,13.96,12.33,10.45
5011,久陽,,,,,,,,,
5013,強新,14.34,15.94,15.1,15.55,16.01,16.75,12.06,10.9,14.72
5014,建錩,3.18,4.83,7.24,8.69,13.33,7.96,1.58,10.98,6.28
5015,華祺,18.48,18.66,20.53,15.49,20.75,22.17,21.09,19.23,17.88
5016,松和,14,14.49,16.4,17.28,15.81,17.36,15.57,15.68,15.42
5102,富強,20.82,14.7,18.74,15.76,15.09,19.75,21.27,19.09,19.25
5201,凱衛,58.53,40.79,39.65,51.28,53.03,39.45,48.94,48.16,51.48
5202,力新,76.6,72.48,72.67,75.32,75.73,74.08,77.29,74.44,79.12
5203,訊連,87.06,86.58,85.22,87.39,86.11,86.84,86.79,88.22,90.45
5205,漢康,85.43,-131.97,3.05,16.63,6.6,11.37,19.44,19.77,11.01
5206,坤悅,33.55,13.59,25.3,30.28,13.82,27.37,23.31,29.69,23.45
5209,新鼎,14.18,18.58,13.99,17.67,20.7,30.17,19.15,11.92,10.39
5210,寶碩,76,67.41,78.38,71.77,74.79,74.12,72.78,77.18,65.48
5211,蒙恬,69.37,69.73,66.85,68.82,67.07,72.67,66.65,65.3,66.83
5212,凌網,53.92,50.13,47.81,54.55,50.23,50.23,50.67,56.89,50.49
5213,亞昕,42.35,32.28,22.17,50.83,34.62,27.56,25.06,26.13,30.06
5215,科嘉-KY,27.06,22.34,15.59,21.55,21.91,14.55,18.58,22.69,22.37
5225,東科-KY,15.66,13.21,13.81,16.55,17.48,11.76,11.1,11.42,10.44
5227,立凱-KY,40.1,40.84,47.26,39.18,41.32,20.03,19.66,16.68,16.99
5230,雷笛克光學,37.37,39.74,40.28,42.97,43.27,43.68,45.69,43.78,41.75
5234,達興材料,24.3,24.82,24.45,27.17,28.42,27.75,26.55,30.28,32.81
5243,乙盛-KY,13.91,13.52,12.66,14.25,12.21,13.82,16.1,17.33,14.62
5251,天鉞電,27.49,30.54,34.56,33.82,30.04,34.83,33.35,32.8,31.65
5255,美桀,17.42,20.12,22.17,25.38,28.37,30.54,26.04,26.06,26.36
5259,清惠,,,,,,,,,
5263,智崴,48.51,44.92,37.73,49.47,59.94,48.38,42.65,44.9,53.84
5264,鎧勝-KY,32.56,25.21,16.58,11.79,21.58,16.03,13.9,17.48,11.11
5266,,,,,,,,,,
5269,祥碩,50.62,50.46,48.2,45.32,46.78,43.9,41.75,47.44,45.49
5272,笙科,,,,,,,,,
5274,信驊,55.44,56.84,56.15,55.72,59.13,58.53,57.15,58.45,57.46
5276,達輝-KY,23.06,20.8,21.86,20.66,24.95,21.52,20.02,15.67,3.38
5278,尚凡,76.13,72.46,71.3,68.32,65.51,63.16,70.5,48.07,48.81
5284,jpp-KY,31.09,30.66,30.93,32.85,33.92,36.17,33.47,37.96,34.77
5285,界霖,15.45,16.58,18.74,19.57,19.26,19.69,20.07,20.58,20.16
5287,數字,79.53,76.7,98.24,86.08,85.11,76.72,89.59,75.08,74.56
5288,豐祥-KY,21.08,19.86,17.08,17.74,17.04,18.68,17.71,17.7,17.49
5289,宜鼎,28.45,29.54,27.88,27.63,24.4,25.15,26.87,30.05,26.13
5291,邑昇,12.52,14.25,13.37,15.08,10.81,14.17,15.47,14.81,10.47
5301,寶得利,65.66,69.72,63.5,76.05,67.3,39.29,38.74,35.57,41.79
5302,太欣,40.48,38.94,48.57,42.49,43.43,38.4,46.29,33.52,34.44
5304,鼎創達,33.19,28.98,29.63,31.41,28.58,29.02,30.06,34.66,37.26
5305,敦南,24.67,23.08,28.82,28.76,28.15,25.45,28.88,28.84,29.83
5306,桂盟,37.65,42.16,45.54,46.17,44.67,45.86,42.15,42.8,38.17
5309,系統電,-2.69,22.82,17.06,14.07,-20.07,16.01,9.7,16.01,0.97
5310,天剛,14.9,26.85,28.83,44.37,-25.78,29.07,23.26,25.05,18.2
5312,寶島科,56.53,61.45,59.94,57.76,55.72,58.68,57.77,57.55,57.62
5314,世紀,38.14,19.07,10.17,38.85,36.98,37.84,32.68,46.71,66.5
5315,光聯,20.68,23.97,24.82,22.92,22.94,20.11,19.04,16.98,15.15
5317,凱美,19.25,20.46,7.63,19.4,21.81,21.99,21.93,17.9,19.9
5321,友銓,13.04,15.66,15.56,12.89,13.21,10.54,10.33,11.78,8.17
5324,士開,79.23,81.26,37.97,79.68,59.74,45.5,37.87,39.6,45.73
5328,華容,20.97,20.5,23.59,22.07,26.58,26.95,23.84,22.08,20.79
5340,建榮,-4.37,2.89,8.89,9.61,9.76,15.6,15.34,14.32,14.74
5344,立衛,,,,,,,,,
5345,天揚,-6.27,40.03,28.72,28.44,18.66,18.16,24.9,-19.42,33.6
5347,世界,27.51,35.25,34.82,34.44,33.74,32.11,30.01,31.83,33.94
5348,系通,32.14,21.06,23.06,16.26,26.11,,,,
5349,先豐,19.55,18.09,18.24,10.64,6.69,11.57,12.2,10.46,13.06
5351,鈺創,12.66,13.35,13.89,11.48,13.95,12.08,10.64,12.23,14.18
5353,台林,19.68,20.08,19.77,15.88,20.42,16.72,15.56,17.88,16.25
5355,佳總,7.69,4.56,10.05,10.92,16.83,12.33,11.17,5.05,7.43
5356,協益,12.95,11.09,10.32,10.95,12.02,13.16,12.95,11.53,9.11
5364,力麗店,12.24,8.83,4.69,29.08,20.26,3.74,10.95,11.23,7.11
5371,中光電,15.3,14.85,15.57,16.74,19.47,16.01,17.19,16.47,18.56
5381,合正,23.41,20.37,24.19,28.16,28.19,30.7,34.37,29.09,34.85
5383,金利,-0.59,5.79,9.35,10.98,10.81,12.23,15.1,21.17,16.32
5384,捷元(下櫃),,,,,,,,,
5386,青雲,,,,,,,,,
5388,中磊,14.81,14.04,13.83,15.29,15.32,13.08,12.94,13.05,13.04
5392,應華,11.66,17.24,14.93,15.92,16.63,15.52,9.8,14.37,17.1
5395,圓方創新(下櫃),,,,,,,,,
5398,慕康生醫,17,30.59,32.81,30.57,33.53,37.09,35.19,25.31,30.68
5403,中菲,29.3,35.14,37.67,22.93,25.86,32.12,35.73,33.83,28.75
5410,國眾,18.74,24.02,22.66,15.44,18.55,21.41,16.88,15.25,20.66
5425,台半,36.68,35.61,37,34.9,37.46,36.2,36.87,36.92,37.15
5426,振發,21.99,24.95,22.64,23.39,20.53,17.15,17.84,20.56,12.64
5432,達威,,,,,,,,,
5434,崇越,12.56,12.56,12.7,12.37,14.01,12.58,12.08,12.73,12.08
5438,東友,22.83,26.03,27.35,28.74,26.83,29.09,27.12,24.92,23.19
5439,高技,,,,,,,,,
5443,均豪,25.35,32.3,32.07,26.41,27.48,23.89,30.03,28.03,26.82
5450,寶聯通,21.02,28.95,25.11,27.21,32.37,30.39,30.22,30.1,32.03
5452,佶優,10.96,10.57,9.3,9.79,9.44,10.02,9.3,7.87,9.37
5455,昇益,,,,,,,,,
5457,宣德,9.94,15.5,14.78,18.92,20.68,15.48,17.13,18.48,15.95
5460,同協,28.72,27.71,27.96,23.39,24.55,27.12,24.92,21.23,19.03
5464,霖宏,10.02,8.19,11.42,11.48,7.02,6.79,2.17,9.49,6.98
5465,富驊,14.86,19.46,17.29,19.76,25.82,27.58,26.7,23.63,17.04
5466,泰林(下櫃),,,,,,,,,
5468,凱鈺,31.58,35.96,23.15,24.26,11.05,30.8,33.46,27.62,25.77
5469,瀚宇博,10.54,10.68,12.01,14.73,14.35,11.75,12.31,14.01,15.3
5471,松翰,42.89,41.66,41.49,40.31,39.56,38.29,37.25,39.03,38.59
5474,聰泰,,,,,,,,,
5475,德宏,-12.27,-7.03,-11.26,-2.28,9.31,20.24,17.84,8.02,19.41
5478,智冠,18.2,19.36,20.27,17.36,18.05,18.36,17.02,18.05,15.63
5480,統盟,14.03,10.89,13.01,13.2,13.51,10.66,8.14,11.96,10.47
5481,華韡,-20427.5,-116.87,-63.3,-564.48,-2060.53,-1812.5,-480.82,-525.89,-2.09
5483,中美晶,14.55,15.83,18.06,3.07,7.46,13.6,17.87,21.01,23.36
5484,慧友,21.66,30.96,31.65,35.71,31.03,29.23,32.43,26.79,17.99
5487,通泰,36.06,38.82,37.1,33.11,33.17,31.79,31.24,29.11,30.3
5488,松普,11.61,11.33,11.67,14.82,14.65,15.96,11,11.97,9.94
5489,彩富,38.94,40.92,37.33,34.5,39.54,36.9,33.38,34.96,35.06
5490,同亨,35.15,37.15,36.37,36.42,44.24,38.56,39.04,25.12,29.44
5491,,17.8,14.3,15.56,17.48,16.05,15.72,15.85,15.12,
5493,三聯,20.35,19.93,20.37,17.11,18.27,16.73,15.06,20.41,19.57
5498,凱崴,13.42,16.72,16.74,19.58,17.19,10.06,14.94,15.48,16.96
5505,和旺(下櫃),,,,,,,,,
5506,,,,,,,,,,
5508,永信建,,,,,,,,,
5511,德昌,8.14,7.87,7.56,6.78,18.92,7.73,9.8,8.91,9.71
5512,力麒,35.03,39.09,40.24,35.29,29.74,32.04,23.89,19.52,23.04
5514,三豐,79.46,76.49,34.61,76.91,57.26,77.2,76.39,75.9,101.13
5515,建國,-0.01,6.18,6.86,7.61,12.33,7.66,8.15,8.47,12.19
5516,雙喜,,,,,,,,,
5519,隆大,21.23,16.14,26.98,18.86,19.18,16.25,15.73,14.88,18.05
5520,力泰,7.32,9.72,11.07,10.89,8.87,9.8,7.94,6.07,5.05
5521,工信,4.1,6.16,5.62,6.2,10.33,6.04,6.06,3.73,-48.47
5522,遠雄,33.64,28.18,29.28,28.79,28.75,24.5,23.56,23.58,19.85
5523,豐謙,85.14,84.99,84.99,22.69,30.16,16.22,23.52,21.48,20.04
5525,順天,14.92,24.99,20.59,28.66,29.36,21.62,22.99,23.64,44.51
5529,志嘉,12.86,9.03,17.07,21.24,-37.83,2.56,31.82,57.8,10.88
5530,龍巖,60.46,60.68,61.38,63.3,57.65,68.46,74.83,75.79,77.49
5531,鄉林,29.53,28.92,13.02,38.75,31.7,36.31,49.17,37.01,35.91
5533,皇鼎,34.98,38.44,35.53,25.87,30.06,27.05,27.42,19.7,17.45
5534,長虹,34.45,24.74,36.53,31.19,28.96,54.16,36.96,39.13,42.39
5536,聖暉,10.83,16.7,14.13,15.24,16.76,18.99,17.62,16.39,18.43
5538,東明-KY,12.17,15.34,17.19,17.99,22.07,21.08,13.62,21.5,19.15
5601,台聯櫃,,,,,,,,,
5603,陸海,16.5,19.82,16.55,14.19,15.65,15.93,14.33,14.13,11.42
5604,中連貨,35.35,31.93,31.07,30.16,31.11,27.08,28.47,28.79,29.71
5607,遠雄港,41.49,46.66,47.89,48.54,44.39,48.63,48.91,48.81,45.1
5608,四維航,-3.19,-22.57,-13.92,-13.93,-17.09,-19.29,-17.13,-11.17,6.8
5609,中菲行,12.81,17.2,16.76,17.03,11.96,13.57,13.98,14.62,13.59
5701,劍湖山,55.46,54.05,52.88,75.07,48.41,53.79,54.12,74.56,41.74
5703,亞都,39.39,33.05,31.58,25.92,44.95,34.27,29.81,21.34,36
5704,老爺知,,,,,,,,,
5706,鳳凰,12.91,17.02,11.37,13.27,14.84,17.04,14.31,12.57,13.05
5820,日盛金,,,,,,,,,
5871,中租-KY,58.66,62.98,61.16,61.96,63.08,63.02,61.78,62,61.43
5878,台名,24.06,29.06,22.68,22.02,22.13,26.2,23.95,24.86,24.66
5880,合庫金,,,,,,,,,
5902,德記,9.79,10.84,12.52,12.41,11.53,14.99,14.1,13.41,11.15
5903,全家,36.27,35.97,37.63,37.5,37.06,36.89,37.51,38.35,38.12
5904,寶雅,,,,,,,,,
5905,南仁湖,72.32,74.48,74.7,73.9,64.22,70.58,63.65,69.94,57.66
5906,台南-KY,53.77,59.71,56.58,52.11,46.43,56.48,64.39,57.27,60.93
5907,大洋-KY,83.61,81.52,82.63,81.72,82.74,77.23,79.36,76.66,80.96
6005,群益證,,,,,,,,,
6015,宏遠證,,,,,,,,,
6016,康和證,,,,,,,,,
6020,大展證,,,,,,,,,
6021,大慶證,,,,,,,,,
6022,大眾證券(下櫃),,,,,,,,,
6023,元大期,,,,,,,,,
6024,群益期,,,,,,,,,
6101,寬魚國際,-67.08,30.99,-444.82,0.11,-32.5,0,0,60.06,26.83
6103,合邦,3.99,3.15,3.66,3.89,3.92,3.42,4.36,3.96,4.07
6104,創惟,47.7,49.93,51.39,50.11,50.55,50.18,49.63,48.66,47.71
6105,,,,,,,,,,
6107,華美電子,2.4,5.66,6.97,1.89,1.05,1.94,2.3,,
6108,競國,13.53,12.69,14.9,18.86,20.28,15.07,13.85,14.36,14.06
6109,亞元,20.1,22.52,22.77,21.48,22.66,22.15,23.54,21.64,19.68
6111,大宇資,78.7,78.08,87.01,81.45,81.32,78.4,83.45,89.07,86.71
6112,聚碩,8.83,8.83,8.77,9.05,8.34,8.61,8.55,9.22,9.8
6113,亞矽,4.08,7.53,7.69,7.59,6.36,6.46,7.52,7.33,5.31
6114,久威,26.15,22.11,19.93,17.79,24.96,20.88,20.55,20.24,24.8
6115,鎰勝,21.64,22.06,23.77,28.88,21.24,19.75,21.9,20.5,14.56
6116,彩晶,-13.95,-7.39,1.19,40.67,46.79,42.47,28.32,41.74,30.72
6117,迎廣,19.51,17.83,20.71,20.22,12.55,15.7,12.75,17.18,11.13
6118,建達,3.98,4.38,4.22,4.16,4.24,3.51,4.6,4.16,5.01
6120,達運,4.37,5.33,5.51,5.89,8.77,6.58,7.57,7.4,6.4
6121,新普,10.34,10.14,10.04,10.11,10.01,8.6,8.62,8.94,8.92
6122,擎邦,8.79,10.1,6.28,2.27,2.79,2.77,3.17,1.93,-0.71
6123,上奇,20.42,21.06,19.8,18.34,17.36,19.15,16.93,15.67,18.84
6124,業強,18.17,8.33,8.36,12.51,9.21,4.79,5.88,3.12,11.03
6125,廣運,13.83,13.48,2.08,-7.38,-1.78,6.67,22.24,0.68,5.15
6126,信音,7.68,20.83,20.12,27.7,26.82,27.8,28.22,27.9,25.15
6127,九豪,27.37,25.24,22.4,26.18,27.69,27.31,22.78,23.16,24.39
6128,上福,46.17,48.28,48.4,49.09,47.76,45.28,42.95,41.23,40.75
6129,普誠,34.93,33.67,35.46,37.68,45.72,38.34,41.09,39.68,36.53
6130,星寶國際,28.81,29.97,23.08,31.91,27.15,19.89,9.89,13.29,20.81
6131,悠克,0.49,20.66,17.95,7.35,16.87,32.41,34.92,40.12,40.41
6133,金橋,19.35,19.76,20.97,23.21,27.3,29.91,20.12,27.32,36.69
6134,萬旭,17.8,16.01,18.72,17.93,21.96,25.83,21.55,20.13,18.81
6135,,,,,,,,,,
6136,富爾特,30.1,34.26,30.27,29.17,28.64,29.79,26.78,27.3,28.23
6138,茂達,29.45,31.11,28.34,28.87,29.97,29.62,28.94,29.96,29.91
6139,亞翔,2.81,7.17,13.15,9.01,6.2,9.4,8.18,5.02,9.98
6140,訊達,10.31,7.77,9.43,8.85,9.08,9.09,9.38,9.99,10
6141,柏承,2.38,5.65,9.4,14.22,11.83,19.44,15.38,12.04,13.42
6142,友勁,12.84,12.43,12.91,12.44,15.52,13.08,13.93,9.87,9.53
6143,振曜,17.44,18.13,18.52,18.89,19.45,14.38,15.43,14.17,14.71
6144,得利影,28.19,22.45,25.98,26.65,2.39,33.41,34.41,33.53,33.26
6145,勁永,7.85,10.02,10.2,11.64,10.08,11.18,14.53,9.85,11.24
6146,耕興,47.38,48.25,49.02,49.57,48.79,44.77,48.76,47.37,47.02
6147,頎邦,20.11,20.39,23.82,27.16,24.45,22.58,20.86,25.45,27.75
6148,驊宏資,4.84,6.14,7.05,5.54,29.23,1.19,1.67,-1.68,32.95
6150,撼訊,3.17,7.63,8.29,6.61,6.72,1.59,7.83,15.61,9.19
6151,晉倫,21.09,23.47,22.35,18.9,18.94,17.79,15.56,15.15,15.17
6152,百一,10.4,12.57,11.17,13.87,12.8,14.13,12.14,11.03,6.13
6153,嘉聯益,17.45,9.54,12.21,13.49,13.39,10.72,11.7,14.5,13.27
6154,順發,14.71,14.74,14.93,14.02,15.02,15.81,15.17,14.02,15.33
6155,鈞寶,23.66,27.27,29.68,25.35,25.48,29.75,27.11,29.51,23.41
6156,松上,18.49,20.09,19.91,21.22,20.4,19.22,16.32,15.95,12.87
6158,禾昌,29.52,26.92,24.84,29.2,26.23,26.09,28.05,30.19,29.9
6160,欣技,41.13,47.54,44,43.06,40.78,38.31,38,38.23,40.11
6161,捷波,11.21,34.5,35.49,32.06,32.6,30.25,31.7,28.91,27.25
6163,華電網,10.71,12.2,18.07,16.05,17.86,22.28,17.89,23.52,18.94
6164,華興,24.55,25.85,27.21,28.05,33.68,31.77,31.76,28.44,29.52
6165,捷泰,24.7,9.22,18.29,14.47,18.62,-3.27,10.42,1.85,1.22
6166,凌華,41.69,45.45,42.87,42.11,43.88,39.83,37.58,36.59,35.1
6167,久正,17.94,18.65,17.59,16.75,23.48,18.51,17.83,16.18,17.85
6168,宏齊,7.08,5.83,7.99,16.9,17.59,19.78,20.19,24.42,23.06
6169,昱泉,35.61,54.02,46.14,48.68,49.01,48.31,42.89,48.17,-13.48
6170,統振,9.98,11.64,9.8,13.88,11.27,13.35,11.46,15.9,12.97
6171,亞銳士,,,,,,,,,
6172,互億,,,,,,,,,
6173,信昌電,17.96,22.21,22.5,21.41,23.51,23.67,24.02,23.94,26.74
6174,安,29.56,29.87,35.43,30.97,30.39,30.85,28.8,31.04,31.23
6175,立敦,16.19,14.75,15.12,16.2,11.44,15.28,16.72,16.79,18.29
6176,瑞儀,13.05,9.99,9.73,18.03,13.11,14.56,15.57,13.77,14.11
6177,達麗,27.1,25.26,36.33,31.82,28,30.57,33.48,31.54,31.47
6179,亞通,22.95,15.44,15.8,12.85,13.94,12.29,13.33,16.81,12.4
6180,橘子,10.76,16.68,13.3,15.9,15.14,18.27,12.38,16.14,24.05
6182,合晶,16.43,16.07,15.99,17.67,-24.13,21.09,22.84,24.2,27.46
6183,關貿,26.44,42.09,44.28,43.64,42.26,43.31,47.29,44.93,38.89
6184,大豐電,25.76,23.79,15.06,17.07,19.15,35.23,39.04,42.13,57.87
6185,幃翔,41.49,41.54,39.13,40.83,43.16,37.91,34.93,36.03,36.8
6186,新潤,,,,,,,,,
6187,萬潤,33.37,37.77,45.97,46.97,40.54,45.24,44.44,45.93,45.99
6188,廣明,14.76,19.77,23.64,22.03,21.98,23.17,20.07,15.42,17.06
6189,豐藝,8.73,9.26,7.27,7.53,8.87,7.42,7.91,8.78,8.98
6190,萬泰科,8.96,10.98,13.24,13.96,14.93,14.23,11.55,13.1,13.85
6191,精成科,8.85,10.09,10.1,12.27,12.85,9.56,11.57,13.2,14.76
6192,巨路,30,25.87,30.13,28.57,25.75,33.21,30.53,29.04,31
6194,育富,-6.17,-0.33,-26.94,-39.77,7.25,6.81,-3.85,3.31,5.97
6195,詩肯,,,,,,,,,
6196,帆宣,12.77,12.45,11.14,11.6,12.93,12.2,9.84,10.72,12.52
6197,佳必琪,16.24,15.47,17.69,23.45,21.44,19.23,16.9,18.57,16.42
6198,凌泰,54.17,39.98,52.16,48.51,63.01,39.51,64.72,54.69,75.87
6199,天品,84.59,85.69,86.46,80.67,83,84.45,91.12,73.56,45.27
6201,亞弘電,18.13,20.18,23.02,20.91,22.07,20.05,20.32,18.68,19.25
6202,盛群,48.73,49.29,48.94,48,48.04,47.05,46.36,47.84,48.43
6203,海韻電,27.53,29.89,30.19,33.94,29.4,28.71,25.74,29.42,29.55
6204,艾華,25.08,24.65,31.42,29.1,30.48,29.6,31.07,28.35,25.84
6205,詮欣,22.35,30.36,32.98,31.73,31.97,33.93,30.21,30.06,27.45
6206,飛捷,35.12,35.33,34.43,32.58,32.23,30.11,30.14,30.3,28
6207,雷科,23.96,23.97,23.95,22.6,29.09,28.86,25.83,27.21,31.38
6208,日揚,21.41,25.1,32.65,29.39,28.59,33.53,31.09,37.79,28.94
6209,今國光,6.41,7.95,8.96,11.71,9.17,7.24,5.4,6.1,4.37
6210,慶生,,,,,,,,,
6211,,,,,,,,,,
6212,理銘,,,,,,,,,
6213,聯茂,14.11,16.02,13.92,14.7,13.73,15.75,15.06,14.75,13.06
6214,精誠,26.83,26.12,28.17,25.31,27.16,27.41,27.89,25.87,26.48
6215,和椿,28.03,27.08,24.02,25.5,31.62,24.74,24.29,25.72,30.91
6216,居易,52.31,50.83,52.24,48.05,49.95,51.88,51.35,51.86,52.34
6217,中探針,40.13,36.31,35.21,36.61,38.75,37.8,38.5,38.17,34.82
6218,豪勉,38.03,43.76,37.04,28.97,37.31,40.54,29.12,38.9,37.02
6219,富旺,37.49,16.95,-34.71,26.56,23.56,22.86,24.81,22.3,33.58
6220,岳豐,21.14,22.13,25.2,25.81,23.93,25.86,25.45,25.08,21.97
6221,晉泰,18.5,24.24,21.57,21.94,19.42,21.42,22.33,21.98,23.05
6222,上揚,-144.8,0.4,-19.68,18.8,-21.82,37.84,14.1,-118.75,-139.13
6223,旺矽,40.57,44.45,46.65,44,49.67,41.84,41.12,36.8,38.37
6224,聚鼎,47.99,49.19,49.74,51.44,47.06,49.68,47.57,48.21,48.27
6225,天瀚,-161.64,-23.04,-114.79,-152.77,-75.6,-444.19,-632.5,-186.89,-120.26
6226,光鼎,25.42,28.27,31.17,30.62,30.37,32.59,34.61,26.07,25.4
6227,茂綸,7.89,7.81,6.75,3.9,6.99,9.37,7.43,9.15,8.55
6228,全譜,27.02,50.74,43.48,44.25,33.79,32.31,33.97,18.25,36.36
6229,研通,10.84,9.77,10.97,11.96,10.34,6.91,10.64,12.44,12.26
6230,超眾,27.03,26.29,29.22,23.48,25.76,23.83,18.92,22.12,18.33
6231,系微,83,82.96,80.96,85.45,80.88,83.49,81.37,81.55,83.69
6233,旺玖,37.42,46.06,43.31,41.18,46.98,46.86,49.44,50.24,46.68
6234,高僑,-1.88,11.31,11.69,6.37,13.38,9.87,13.64,10.06,17.11
6235,華孚,22.64,20.55,20.37,18.86,12.55,22.35,18.02,16.37,22.92
6236,康呈,82.87,80.29,75.99,83.29,79.98,77.65,81.15,80.76,80.31
6237,驊訊,60.99,61.23,59.35,60.69,54.64,54.91,52.67,55.19,57.03
6238,勝麗,29.15,32.61,29.68,23.7,32.4,34.33,33.23,31.64,35.85
6239,力成,21.2,19.4,21.51,22.5,22.7,21.79,20.86,21.1,21.48
6240,松崗,15.17,11.87,20.55,24.09,13.76,19.47,6.64,15.64,-28.62
6241,易通展,30.77,25.41,20.82,23.13,21.19,22.23,13.01,1.75,
6242,立康,67.99,,,,,,,,
6243,迅杰,27.96,28.9,26.24,26.67,24.95,24.49,24.96,25.03,25.14
6244,茂迪,13.96,14.39,9.69,-18.06,-1.95,-11.71,-4.76,2.42,1.59
6245,立端,28.72,29.05,26.21,29.41,28.11,27.25,25.68,28.66,29.78
6246,臺龍,16.21,25.26,17.77,20.1,15.65,19.76,17.89,18.01,15.09
6247,淇譽電,22.27,24.29,23.48,21.29,24.5,25.08,17.01,21.16,15.36
6248,沛波,,,,,,,,,
6250,,,,,,,,,,
6251,定穎,12.89,10.52,10.88,9.26,10.91,11.1,11.43,12.07,8.02
6257,矽格,24.16,24.04,27.52,31.33,27.28,26.79,26.27,28.82,27.66
6259,百徽,22.66,-58.68,20.38,16.29,13.55,19.88,19.27,19.51,17.59
6261,久元,26.66,25.87,27.97,28.05,24.1,27.08,28.07,30.28,23.43
6263,普萊德,39.03,39.81,38.88,38.09,39.39,38.22,37.82,38.36,39.1
6264,富裔,4.84,-51.42,-40.43,31.89,40.81,42.73,-130.41,40,30.89
6265,方土昶,2.54,2.7,1.95,2.1,3.12,4.25,2.95,3.27,4.9
6266,泰詠,19.5,12.21,7.91,5.89,14.35,10.13,13.68,14.12,16.02
6269,台郡,25.23,24.66,20.8,25.13,23.63,23.02,24.31,23.03,19.89
6270,倍微,10.78,10.24,9.55,8.56,7.94,8.09,8.25,8.39,8.41
6271,同欣電,23.76,24.5,25.21,23.47,25.87,19.75,21.53,27.58,28.33
6274,台燿,21.18,21.83,19.96,18.47,19.97,22.73,20.08,19.81,20.31
6275,元山,20.54,20.82,20.91,22.6,23.72,22.52,21.72,20.04,20.05
6276,安鈦克,1.12,17.37,10.87,14.33,14.09,17.45,14.79,12.74,10.23
6277,宏正,57.72,62.37,58.26,59.97,59.44,60.17,57.74,59.27,59.21
6278,台表科,9.17,9.59,8.11,9.26,8.79,7.8,8.38,8.09,7.84
6279,胡連,48.37,41.83,45.08,47.75,47.64,53.55,42.83,39.13,43.17
6281,全國電,,,,,,,,,
6282,康舒,15.34,15.7,16.21,15.65,16.81,16.49,15.74,17.13,15.06
6283,淳安,19.95,16.22,13.41,29.18,23.82,27.67,21.92,21.92,23.83
6284,佳邦,19.76,18.06,19.84,22.03,20.48,24.26,22.58,23.74,20.49
6285,啟,13.23,13.32,12.73,15.27,13.98,15.02,13.78,13.16,11.91
6286,立錡(下市),,,,,,,,,
6287,元隆,,,,,,,,,
6289,華上,-90.11,-44.01,-86.27,-114.96,-84.17,-97.04,-97.64,-57.86,-93.21
6290,良維,16.67,17.39,10.6,11.49,17.57,13.2,12.85,12.11,13.85
6291,沛亨,27.35,28.54,40.58,40.87,33.24,35.05,36.36,34.69,35.05
6292,迅德,36.33,30.46,30.85,30.44,29.74,32.61,30.57,26.5,30.6
6294,智基,37.51,47.12,52.7,41.61,36.44,44.44,51.95,37.88,43.42
6298,崴強,19.79,17.99,17.6,18.16,16.3,16.12,21.03,18.48,19.52
6404,通訊-KY,23.63,-13.42,-0.81,-9.04,-17.17,-25.63,0.23,-30.69,-43.76
6405,悅城,22.32,9.04,7.44,12.51,28.57,8.15,22.19,23.72,25.31
6409,旭隼,31.52,32.33,30.84,30.21,29.06,29.51,27.03,27,26.09
6411,晶焱,32.49,33.27,33.66,34.14,43.02,37.98,41.48,39.52,38.96
6412,群電,16.72,14.52,15.3,17.73,18.27,16.8,16.83,17.31,17.72
6414,樺漢,19,20.88,21.94,19.57,17.27,18.01,16.92,30.06,18.38
6415,矽力-KY,44.85,45.36,46.99,47.39,49.81,48.14,48.52,47.54,46.85
6419,京晨科,63.64,56.19,69.53,73,67.06,72.47,60.84,71.92,67.15
6422,君耀-KY,40.84,38.81,39.83,38.55,42.92,36.3,32.32,33.62,34.78
6426,統新,37.35,43.2,45.37,48.19,52.58,58.17,53.2,36.2,31.81
6431,光麗-KY,-104.68,-42.01,-152.4,-65.15,-212.87,-66.77,-46.77,-95.33,-230.41
6449,鈺邦,32.27,29.99,31.81,27.74,29.53,28.15,29.36,26.7,27.15
6451,訊芯-KY,28.3,27.2,31.64,29.16,20.76,20.46,21.46,18.34,16.67
6452,康友-KY,39.34,39.22,39.38,40.35,41.6,41.27,40.34,39.2,37.73
6504,南六,19.52,18.91,19.1,19.31,19.75,17.77,19.52,19.33,19.77
6505,台塑化,9.1,11.85,23.57,15.51,18.76,19.5,11.47,17.46,16.64
6506,雙邦,14.27,20.55,21.31,18.09,17.4,18.33,19.06,13.22,15.65
6508,惠光,15.62,29.1,24.47,22.94,17.44,25.04,26.79,24.22,18.25
6509,聚和,23.23,26.2,22.79,20.24,23.39,20.88,22.31,20.05,21.03
6603,富強鑫,23.11,23.5,26.1,22.37,24.89,26.32,28.6,28.83,26.67
6605,帝寶,28.74,30.44,28.95,24.39,25.86,28.94,25.9,26.9,23.2
6609,瀧澤科,18.74,23.54,21.19,17.77,21.18,18.49,18.86,21.63,22.37
6702,復航(下市),,,,,,,,,
6803,崑鼎,21.57,54.28,27.83,28.8,26.21,30.66,26.55,28.13,27.23
8011,台通,16.1,15.15,13.1,16.97,24.83,23.25,16.61,17.07,10.44
8016,矽創,26.61,30.4,27.42,27.27,28.32,29.11,26.77,25.78,25.46
8021,尖點,33.49,28.09,28.35,27.28,28.74,29.48,25.11,25.21,28.43
8024,佑華,30.56,27.58,33.24,30.62,32.11,34.03,33.56,31.13,32.49
8032,光菱,12.61,12.96,12.13,11.18,11,10.17,14.19,14.88,14.39
8033,雷虎,27.21,36.79,41.09,39.71,21.06,37.74,34.61,34.83,21.79
8034,榮群,37,45.41,34.69,49.58,38.33,43.51,52.24,38.52,45.33
8038,長園科,29.68,26.2,25.28,39.13,-68.99,-50.22,-106.34,-120.42,-140.45
8039,台虹,20.13,18.97,18.7,18.02,18.13,20.04,17.29,20.25,18.69
8040,九暘,35.69,35.08,35.58,31.01,31.02,30.83,29.8,30.57,29.67
8042,金山電,29.87,34.38,31.28,32.92,31.22,29.5,28.63,28.3,21.24
8043,蜜望實,5.64,10.92,10.06,6.67,6.27,7.45,6.36,5.23,8.13
8044,網家,17.37,16.96,17.37,17.17,17,16.41,16.06,15.15,13.14
8046,南電,0.82,3.6,-0.3,-5.11,-7.07,-2.13,0.42,-1.92,-1.08
8047,星雲,34.04,32.92,32.83,37.34,38.34,36.03,35,35.42,34.79
8048,德勝,24.76,23.67,24.45,23.84,29.09,30.75,29.12,27.29,32.82
8049,晶采,24.03,25.35,26.12,23.99,26.48,23.58,23.23,20.14,23.99
8050,廣積,34.39,36.25,37.78,34.29,34.35,34,29.17,31.34,25.79
8053,,,,,,,,,,
8054,安國,41.45,40.96,42,41.74,41.53,41.93,38.96,35.66,35.24
8059,凱碩,14.13,14.45,10.21,16.29,8.13,0.13,0.33,1.52,-4.43
8064,東捷,18.47,16.75,20.36,19.12,16.25,19.49,12.09,15.45,19.35
8066,來思達,15.03,14.25,14.22,14.94,15.44,15.01,14.62,16.5,16.23
8067,志旭,18.79,21.84,21.38,18.6,24.92,20.55,29.37,30.36,32.5
8068,全達,6.13,5.97,6.22,5.08,11.39,7.25,7.17,5.16,7.09
8069,元太,35.81,29.49,39.12,38.14,36.99,38.73,40.13,43.46,42.1
8070,長華,12.57,10.17,9.2,7.84,7.67,8.7,15.16,15.99,14.52
8071,能率網通,16.15,14.2,12.45,14.93,21.49,17.68,20.39,19.08,18.34
8072,陞泰,18.08,23.43,22.44,19.81,5.32,20.21,17.03,17.92,20.73
8074,鉅橡,28.65,28.03,29.96,29.36,31.4,29.1,26.13,27.8,26.52
8076,伍豐,29.21,28.5,27.36,26.2,24.39,27.64,26.77,24.63,27.24
8077,洛,20.62,23.04,11.19,6.78,18.11,14.33,7.57,12.42,36.3
8079,誠遠科技(下櫃),,,,,,,,,
8080,奧斯特,-15.61,-0.51,5.67,-0.22,3.36,0.52,5.51,2.88,-13.67
8081,致新,33.81,35.91,33.39,32.93,31.76,31.96,29.71,29.53,30.16
8082,,,,,,,,,,
8083,瑞穎,,,,,,,,,
8084,巨虹,0.45,0.51,3.2,3.04,2.15,0.44,0.32,1.02,5.12
8085,福華,5.47,2.45,8.3,-15.54,-1.14,4.63,11.52,7.31,5.56
8086,宏捷科,,,,,,,,,
8087,華鎂鑫,24.5,26.71,22.8,22.31,20.98,18.5,21.17,23.43,18.08
8088,品安,,,,,,,,,
8091,翔名,17.51,22.39,22.38,26.85,28.91,35.72,30.59,35.17,34.88
8092,建暐,6.12,31.63,8.3,13.09,14.7,11.35,14.27,12.14,12.04
8093,保銳,28.18,27.66,26.96,36.05,40.72,40.45,34.61,39,36.56
8096,擎亞,2.58,3.23,2.47,1.51,3.83,3.08,3.26,3.05,2.76
8097,常珵,0.44,13.07,29.72,15.09,15.18,12.16,20.76,16.26,5.39
8099,大世科,19.44,18.87,20.07,22.19,19.11,19,24.05,22.28,21.84
8101,華冠,5.94,6.52,3.58,-0.68,2.11,1.61,4.26,1.87,6.36
8103,瀚荃,32.38,28.64,31.93,31.92,35.53,31.85,31.41,31.64,26.11
8105,凌巨,13.37,15.07,15.6,12.85,15.77,19.76,18.17,15.52,14.5
8107,大億金茂,25.26,29.29,32.46,37.63,36.86,35.09,31.75,30.42,27.5
8109,博大,54.65,52.8,53.54,53.89,52.89,53.74,51.63,51.66,51.47
8110,華東,11.14,3.54,9.21,13.35,15.18,13.3,11.33,16.01,16.07
8111,立,17.18,19.15,22,22.37,25.67,28.66,30.63,30.82,23.55
8112,至上,1.88,2.33,3.4,2.8,2.55,2.93,2.66,2.73,2.68
8114,振樺電,41.08,43.05,43.76,43.75,42.04,41.83,40.44,39.98,34.17
8121,越峰,-8.11,0.98,8.57,7.34,-38.53,12.44,17.45,17.54,7.95
8131,福懋科,,,,,,,,,
8147,正淩,29.71,30.19,27.37,31.77,29.45,30.91,26.86,31.79,33.98
8150,南茂,25.81,19.99,18.32,20.27,20.6,17.91,20.05,17.17,17
8155,博智,20.64,21.55,20.1,18.4,20.52,19.21,22.93,24.81,27.37
8163,達方,13.35,14.04,14.16,15.43,16.02,15.55,15.91,16.57,16.01
8171,天宇,-1.78,3.63,6,3.78,4.9,4.3,3.28,2.86,7.49
8176,智捷,28.07,31.59,28.28,28.31,26.25,25.97,27.81,24.59,23.47
8182,加高,16.24,18.34,17.34,17.35,14.9,18.31,19.4,19.5,15.39
8183,精星,4.2,5.44,8.64,10.55,12.38,10.9,14.76,20.05,14.13
8201,無敵,-4.29,17.89,20.93,14.2,27.5,9.73,19.21,19.72,16.9
8210,勤誠,31.15,30.35,28.46,29.77,30.59,31.75,26.33,22.58,26.44
8213,志超,15.79,13.31,13.12,14.03,15.32,12.58,13.81,13.54,12.31
8215,明基材,12.55,12.13,14.99,5.48,7.65,14.92,16.77,16.14,14.99
8222,寶一,,,,,,,,,
8234,新漢,26.7,26.49,26.12,24.09,25.37,22.59,22.46,22.38,24.19
8240,華宏,11.32,8.35,3.74,5.6,9.81,10.49,7.54,9.67,9.68
8249,菱光,12.3,11.77,15.6,17.51,15.56,14.75,15.86,14.61,10.24
8255,朋程,32,35.1,35.18,32.7,32.45,34.52,33.8,34.62,32.66
8261,富鼎,13.11,19.07,17.57,15.37,13.87,13.24,16.56,16.02,16.78
8266,中日新(下櫃),,,,,,,,,
8271,宇瞻,14.55,18.06,16.13,16.93,16.79,15.11,12.14,11.29,13.57
8277,商丞,11.96,3.33,10.09,7.79,-22.93,10.38,8.99,11.81,5.85
8287,英格爾,4,4.35,4.53,4.35,5,6.74,11.97,20.96,29.04
8289,泰藝,17.6,21.25,20.61,21.53,15.49,21.42,21.94,18.91,24.12
8291,尚茂,,,,,,,,,
8299,群聯,17.99,19.42,19.34,21.31,24.26,30.69,29.81,26.57,23.2
8341,日友,58.59,56.92,58.28,58.05,58.78,60.22,63.81,65.61,65.42
8349,矬,24.04,26.64,25.16,25.02,21.82,27.29,23.98,24.41,23.66
8354,冠好,16.5,22.97,25.3,21.7,21.04,20.08,21.5,18.48,19.23
8358,金居,8.26,11.07,15.34,18.95,26.16,28.89,28.13,21.78,22.37
8374,羅昇,19.14,12.54,17.43,15.51,18.94,19.18,17.8,18.39,18.29
8383,千附,30.46,33.34,31.01,30.86,30.75,32.69,29.63,30.71,28.16
8390,金益鼎,-9.19,10.83,5.94,6.96,12.39,7.84,7.83,8.63,10.72
8401,白紗科,26.68,20.38,24.32,20.93,26.7,23.63,25.6,25.66,27.63
8403,盛弘,16.2,18.72,20.68,19.94,16.36,17.88,21.41,18.57,17.43
8404,百和興業-KY,38.53,38.38,37.67,35.99,38.58,38.93,37.85,37.09,38.68
8406,金可-KY,60.09,60.97,56.68,59.93,61.94,61.06,51.57,54.56,48.84
8409,商之器,74.2,48.97,45.12,52.12,52.84,53.92,58.36,68.31,68.94
8410,森田,,,,,,,,,
8411,福貞-KY,15.74,21.26,16.94,21.37,20.75,15.12,14.64,14.28,11.81
8416,實威,57.24,52.42,54.28,54.55,55.96,56.16,54.66,57.33,58.62
8418,捷必勝-KY,-3.03,9.38,12.52,-4.34,3.73,2.59,7.59,-14.59,3.11
8420,明揚,,,,,,,,,
8421,旭源,22.39,26.06,25.15,25.69,20.83,30.1,24.23,21.86,25.57
8422,可寧衛,57.99,63,59.56,65.29,68.37,73.71,75.94,72.4,64.53
8423,保綠-KY,24.32,17.72,26.7,28.95,15.05,27.89,30.54,33.68,26.42
8424,惠普,26.78,23.43,26.85,24.84,26.01,27.84,28.09,32.37,32.72
8426,紅木-KY,37.33,35.26,38.09,36.34,40.23,31.89,31.14,31.18,32.13
8427,基勝-KY,32.51,32.06,23.68,17.86,27.28,25.67,20.87,18.64,21.27
8429,金麗-KY,34.55,35.25,35.31,34.56,34.95,33.69,22.56,20.09,20.05
8431,匯鑽科,-8.57,-2.22,-9.91,9.49,14.22,9.9,2.94,4.9,-0.32
8432,東生華,,,,,,,,,
8433,弘帆,24.52,24.09,23.01,22.72,22.2,23.37,22.65,22.14,23.42
8435,鉅邁,53.68,54,56.72,55.15,51.88,54.58,50.16,47.03,53.74
8436,大江,39.04,38.67,39.97,42.88,43.71,41.71,39.68,40.82,40.41
8443,阿瘦,53.77,56.14,59.07,54.02,55.34,55.86,56.85,57,62.63
8446,華研,51.46,51.58,46.48,42,39.25,59.25,33.73,40.02,40.57
8450,霹靂,58.12,59.63,57.6,48.39,57.15,53.86,57.25,58.66,55.45
8454,富邦媒,11.95,12.86,12.21,11.27,10.9,10.99,11.64,10.52,10.81
8905,裕國,9.97,12.38,13.18,27.71,33.17,21.82,17.79,18.22,15.77
8906,花王,13.14,12.38,8.18,12.6,6.27,7.91,10.77,17.19,18.19
8908,欣雄,,,,,,,,,
8913,全銓,66.91,66.04,67.66,67.64,67.77,83.93,67.98,67.07,67.04
8916,光隆,16.8,11.88,16.06,17.85,17.35,14.94,13.42,13.92,15.97
8917,欣泰,13.78,16.6,25.71,21.3,14.9,17.77,25.54,22.2,14.14
8921,沈氏,,,,,,,,,
8923,時報,46.25,47.64,46.98,43.34,47.1,49.01,46.96,44.51,53.55
8924,大田,12.83,0.91,5.39,-67,-7.26,8.59,-3.24,62.37,19.45
8925,,,,,,,,,,
8926,台汽電,11.61,17.38,20.57,31.7,31.42,20.21,23.77,23.16,23.86
8927,北基,12.09,16.78,15.29,13.96,14.79,13.49,13.69,14.96,13.94
8928,鉅明,21.69,21.1,12.23,4.67,13.42,16.51,12.3,17.76,16.95
8929,富堡,20.59,22.04,22.46,20.34,22.15,23.36,20.09,21.9,20.17
8930,青鋼,-6.73,16.71,18.6,19.42,18.57,16.53,16.02,14.98,15.28
8931,大汽電,17.74,17.46,14.27,21.47,17.92,9.22,15.23,21.71,11.22
8932,宏大,13.39,17.87,20.58,16.14,9.37,10.34,15.2,7.89,10.99
8933,愛地雅,13.55,13.94,10.11,10.32,9.82,8.8,7.69,6.74,7.52
8934,衡平,29.74,25.78,15,29.12,23.49,26.6,23.38,20.43,24.11
8935,邦泰,9.22,18.21,9.07,-6.55,8.52,21.54,2.63,6.06,4.44
8936,國統,-21.13,11.59,2.59,-25.65,-88.78,13.82,3.18,-11.4,1.42
8937,合騏,13.47,13.35,11.59,13.7,7.21,12.43,14.64,13.78,1.39
8938,明安,16.31,14.77,7.93,13.86,18.38,15.51,14.38,14.82,15.35
8940,新天地,52.59,54.16,43.25,32.6,54.15,52.01,46.58,27.17,54.17
8941,關中,32.26,31.32,33.77,30.93,31.91,31.64,31.2,30.4,30.61
8942,森鉅,37.63,43.83,40.28,37.68,33.18,34.5,35.75,27.15,35.11
8996,高力,25.06,29.58,30.25,29,21.38,28.37,25.35,26.94,29.49
910069,新曄(下市),,,,,,,,,
9103,美德醫療-DR,,,,,,,,,
910322,康師傅-DR,,,,,,,,,
910482,聖馬丁-DR,,,,,,,,,
9105,泰金寶-DR,5.44,,,,,,,,
9106,新焦點(下市),,,,,,,,,
910708,琱j健-DR,,,,,,,,,
910801,金衛-DR(下市),,,,,,,,,
910861,神州-DR,,,,,,,,,
9110,越南控-DR,,,,,,,,,
911608,明輝-DR,34.17,,,,,,,,
911609,揚子江(下市),,,,,,,,,
911611,中泰山(下市),,,,,,,,,
911612,滬安電力(下市),,,,,,,,,
911613,特藝-DR,36.18,,,,,,,,
911616,杜康-DR,23.03,,,,,,,,
911619,耀傑-DR,-7,,,,,,,,
911622,泰聚亨-DR,0.15,,,,,,,,
911626,MSH-DR(下市),,,,,,,,,
911868,同方友友-DR,,,,,,,,,
912000,晨訊科-DR,,,,,,,,,
912398,友佳-DR,,,,,,,,,
9136,巨騰-DR,,,,,,,,,
913889,大成糖(下市),,,,,,,,,
9157,陽光能源-DR,,,,,,,,,
9188,精熙-DR,,,,,,,,,
9802,鈺齊-KY,16.27,17.46,17.79,17.25,19.44,24.34,20.6,15.62,19.24
9902,台火,6.62,13.95,11.3,17.65,5.58,10.54,7.47,5.48,4.55
9904,寶成,26.05,24.88,25.49,25.4,26.62,25.54,26.21,25.76,27.3
9905,大華,13.22,16.56,17.08,17.01,13.82,15.64,14.6,14.96,10.5
9906,欣巴巴,21.42,21.3,22.52,25.46,24.55,20.36,24.42,22.68,25.15
9907,統一實,3.29,11.85,15.97,12.81,12.25,12.17,9.5,11.65,8.82
9908,大台北,17.09,16.62,24.01,25.22,17.24,18.48,23.22,23.95,16.41
9910,豐泰,22.82,21.94,23.3,23.82,27.03,20.59,22.4,22.92,25.65
9911,櫻花,31.28,33.06,30.74,33.64,32.8,35.47,33.57,34.1,32.43
9912,偉聯,22.55,26,28.98,28.45,24.11,29.71,27.53,27.93,29.87
9914,美利達,15.1,18.23,15.37,12.51,11.65,13.51,11.68,11.98,10.94
9917,中保,35.78,38.99,37.11,37.42,34.45,36.96,35.23,35.82,34.46
9918,欣天然,22.5,24.29,31.41,14.62,29.36,25.63,28.08,20.9,16.42
9919,康那香,15.5,13.23,15.71,15.97,11.85,16.53,16.67,18.28,17.26
9921,巨大,22.22,21.19,22.53,20.55,18.76,18.74,20.42,19.72,21.14
9924,福興,25.34,25.76,24.81,25.02,25.21,21.08,20.63,20.55,19.82
9925,新保,35.62,35.83,35.1,34.28,35.31,,33.18,35.37,33.24
9926,新海,22.31,23.04,27.39,28.46,24.67,22.65,25.23,26.92,21.62
9927,泰銘,10.06,10.95,8.98,12.7,14.68,13.85,10.17,12.3,15.49
9928,中視,5.22,-18.52,-17.37,-23.53,-25.67,-41.64,-37.06,-36.64,-19.47
9929,秋雨,9.85,5.97,7.8,9.1,13.3,12.47,9.8,10.17,10.41
9930,中聯資源,19.17,14.87,17.32,15.85,16.81,18.46,15.17,19.62,19.09
9931,欣高,11.74,12.53,25.46,13.27,19.3,14.35,20.83,16.91,17.74
9933,中鼎,8.05,10.69,8.15,9.47,7.38,8.48,6.28,7.32,6.75
9934,成霖,27.73,28.85,28.22,29.73,30.64,29.29,29.35,27.13,27.55
9935,慶豐富,19.05,18.74,16.08,18.59,18.63,18.88,19.98,20.75,21.39
9937,全國,,,,,,,,,
9938,百和,37.45,39.93,40.05,38.32,39.02,40.74,40.75,40.15,38.6
9939,宏全,13.77,17.87,23.09,22.86,17.05,19.08,19.35,21.53,14.5
9940,信義,27.18,16.1,25.39,24.09,21.91,21.69,25.99,40.24,40.25
9941,裕融,39.61,41.54,41.62,43.59,44.23,44.41,42.87,46.07,44.31
9942,茂順,33.16,34.1,37.7,37.03,36.11,35.67,35.1,35.37,34.02
9943,好樂迪,55.88,61.16,57.08,56.48,54.84,59.71,55.92,56.09,56
9944,新麗,20.7,25.68,27.04,23.87,24.85,24.93,24.34,22.3,16.96
9945,潤泰新,32.34,30.28,18.24,24.4,30.43,22.44,21.71,30.39,22.2
9946,三發地產,28.9,31.73,24.74,21.37,37.43,34.7,32.42,41.41,34.21
9949,琉園,68.08,67.49,75.12,63.44,70.34,70.32,72.45,71.82,71.65
9950,萬國通,16.84,18.69,17.88,18.5,20.5,15.44,10.98,8.65,6.27
9951,皇田,42.22,40.84,41.41,38.17,36.78,36.72,33.53,34.1,35.76
9955,佳龍,-10.05,3.06,7.23,2.17,-22.35,0.47,-1.67,7.25,-0.04
9958,世紀鋼,15.59,9.05,15.59,7.88,16.53,9.95,6.13,-3.16,11.67
9960,邁達康,30.86,26.91,29.57,27.39,28.79,30.39,27.47,29.58,30.52
9962,有益,0.08,,,,,,,,
