1101,台泥,7.23,1.25,8.73,10.39,6.83,3.93,8.7,8.53,9.01
1102,亞泥,2.56,1.53,7.52,6.23,9.52,1.89,9.91,11.64,8.65
1103,嘉泥,71.67,-34.85,-8.09,18.23,13.95,-18.6,2.3,11.39,176.9
1104,環泥,34.18,31.23,42.01,34.32,38.76,25.79,37.17,30.71,34.69
1108,幸福,5,10.38,8.24,7.49,3.8,2.1,1.15,-0.81,-14.63
1109,信大,4.71,-1.32,5.72,3,5.86,3.43,9.38,7.73,13.59
1110,東泥,4.55,30.62,4.51,-2.99,-4.68,7.16,-10.03,3.36,9.4
1201,味全,-15.16,-3.08,-7.24,-0.33,-8.05,1.3,0.06,0.7,12.62
1203,味王,-3.16,5.75,6.32,6.78,7.78,5.75,7.39,9.79,5.65
1210,大成,-0.04,2.81,2.86,2.96,2.27,2.68,2.12,3.38,3.53
1213,大飲,-9.72,3.27,4.46,3.15,-2.92,3.25,-4.25,4.99,-8.56
1215,卜蜂,5.25,6,6.66,6.38,8.57,8.59,6.56,6.16,7.61
1216,統一,1.6,4.07,4.54,3.85,1.36,4.65,4.7,5.25,26.32
1217,愛之味,-5.07,-3.77,-5.55,2.05,20.63,-2.75,-3.74,4.11,17
1218,泰山,2.48,2.91,3.83,6.22,-7.8,0.07,-0.25,13.66,0.9
1219,福壽,2.01,1.54,1.63,1.4,1.16,1.29,-0.22,1.1,2.87
1220,台榮,3.91,5.09,6.92,5.95,4.92,1.84,4.06,5.44,1.59
1225,福懋油,16.39,3.72,3.49,3.12,3.76,3.08,2.75,3.29,0.15
1227,佳格,9.51,11.74,7.97,8.89,9.37,9.09,3.87,9.54,9.38
1229,聯華,6.71,26.06,44.31,54.66,39.89,39.74,51.38,99.2,53.95
1231,聯華食,7.06,7.35,5,6.61,8.73,4.05,4.34,6.92,7.63
1232,大統益,4.97,4.43,6.36,4.17,5.54,3.87,4.97,5.5,5.05
1233,天仁,13.37,8.99,8.22,5.97,8.36,8.28,7.85,9.12,7.67
1234,黑松,3.47,5.02,31.01,8.75,5,4.01,3.27,11.01,4.42
1235,興泰,86.38,436.3,139.58,293.79,-275.66,363.19,453.32,511.81,36.93
1236,宏亞,6.94,5.38,-11.69,3.14,10.15,-1.61,-9.72,2.85,5.3
1256,鮮活果汁-KY,2.49,7.31,9.51,10.38,4.44,6.93,11.95,12.19,5.5
1258,其祥-KY,4.06,6.72,5.54,7.16,2.63,4.45,2.99,1.17,-1.2
1259,安心,1.59,2.97,5.49,4.57,1.75,3.35,3.99,4.37,1.92
1262,綠悅-KY,25.39,26.15,26.09,25.29,27.75,22.83,11.17,7.95,0.47
1264,德麥,10.44,11.04,11.64,11.7,12.54,12.78,12.69,12.24,11.55
1301,台塑,12.74,13.35,22.83,27.04,23.9,20.69,18.55,31.65,24.22
1303,南亞,7.74,8.2,12.25,12.23,36.72,14.95,12.19,21.4,22.04
1304,台聚,1.86,2.19,3.3,2.11,1.42,2.13,1.61,2.39,1.51
1305,華夏,7.64,4.7,11.37,8.6,16.45,10.24,6.96,7.61,9.67
1307,三芳,9.37,12.48,10.11,11.2,11.02,12.37,10.7,7.94,4.94
1308,亞聚,8.61,7.05,15.17,10.3,12.5,9.76,11.2,8.77,5.67
1309,台達化,-0.61,1.35,0.33,-1.17,2.19,2.02,-1.4,4.46,4.45
1310,台苯,2.42,11.73,6.77,11.47,9.93,12.42,2.82,9.74,3.76
1312,國喬,3.89,12.74,7.14,11.43,15.89,14.45,3.63,20.01,17.28
1313,聯成,-4.8,0.35,2.97,2.62,3.74,2.89,1.92,9.77,3.59
1314,中石化,-1.18,-13.55,-11.31,-0.13,-7.04,14.69,39.97,7.9,12.88
1315,達新,6.21,4.4,1.72,19.96,13.62,-0.06,0.88,26.7,-4
1316,上曜,-24.34,-28.21,-22.02,-23.51,-15.64,-22.13,-20.56,13.39,23.79
1319,東陽,10.93,10.33,8.79,9.55,11.13,8.5,9.77,9.83,10.15
1321,大洋,-3.62,0.35,1.32,2.9,-6.37,-6.57,-3.59,7.65,-5.27
1323,永裕,9.52,8.43,8.63,10.76,8.18,6.52,7.23,9.11,7.9
1324,地球,4.91,6.13,6.53,3.59,4.71,26.81,-5.08,-0.82,0.26
1325,恆大,9.59,13.49,12.37,4.68,13.5,0.6,5.78,7.13,6.92
1326,台化,7.73,8.91,16.35,18.69,10.77,13.12,10.27,20.51,16.36
1333,恩得利,-18.28,-14.64,-4.67,-2.02,-13.03,-17.89,-36.75,-30.31,-30.66
1336,台翰,-3.42,-6.15,-16.54,-8.78,-1.58,1.76,6.6,4.88,4.25
1337,再生-KY,10.86,9.21,9.39,8.69,1.15,6.77,4.87,4.84,-0.42
1338,廣華-KY,9.18,10.01,7.98,7.97,9.91,10.23,9.38,9.47,9.87
1339,昭輝,15.23,9,9.6,3.21,24.31,-2.35,16.52,15.43,9.44
1340,勝悅-KY,24.28,25.97,29.75,28.99,21.72,18.02,24.74,27.26,24.91
1402,遠東新,1.67,1.62,3.14,2.51,4.29,2.55,2.93,6.39,2.81
1409,新纖,-0.52,1.88,2.58,2.65,2.34,0.68,3.32,4.74,2.64
1410,南染,16.21,19.26,20.18,16.43,22.13,11.93,21.01,17.37,18.88
1413,宏洲,5.11,-0.71,-2.89,-4.09,-3.28,,,,
1414,東和,,,,,,,,,
1416,廣豐,-27.5,19.06,56.29,100.17,-84.07,13.25,5.8,-38.22,69.64
1417,嘉裕,-7.86,-13.6,13.85,-12.51,-8.09,-22.2,-16.67,-20.62,-31.1
1418,東華,-16.78,-5.23,-7.72,-15.08,-15.28,-13.72,-18.99,-27.17,-20.88
1419,新紡,-5.82,-4.04,-3.38,50.07,3.97,-14.87,-3.88,47.42,241.68
1423,利華,,,,,,,,,
1432,大魯閣,-64.53,72.48,-18.8,-49.89,-14.09,-24.99,-28.67,-23.87,38.51
1434,福懋,6.06,6.17,4.2,21.36,3.85,4.19,24.58,7.65,4.41
1435,中福,-53.86,-111.79,-5.1,0.35,5.3,-12.8,36.56,60.38,-74.75
1436,華友聯,2.95,-29.38,9.26,5,1.76,7.42,10.13,11.49,12.46
1437,勤益控,-12.48,37.11,190.74,46.91,27.36,77.33,38.24,59.69,43.88
1438,裕豐,,,,,,,,,
1439,中和,,,,,,,,,
1440,南紡,4.74,0.6,4.13,3.95,2.77,2.29,5.28,4.09,2.71
1441,大東,-5.64,-6.18,-16.66,-18.4,-12.72,-19.55,-5.29,-17.44,-26.48
1442,名軒,18.07,4.3,10.73,12.06,1.65,27.61,16.44,10.12,20.17
1443,立益,-19.48,-39.83,-10.6,-22.71,3.39,-34.56,-11.76,-7.83,-26.72
1444,力麗,2.49,0.01,2.39,-8.41,7.92,-5.61,1.05,3.14,0.05
1445,大宇,4.14,3.37,6.05,3.39,2.08,-0.2,-0.71,3.17,0.77
1446,宏和,-17.23,1.22,5.57,11.39,9.6,-23.96,1.41,1.78,-15.02
1447,力鵬,-1.75,-5.98,1.84,-5.33,5.85,-3.28,-5.6,1.02,2.48
1449,佳和,-1.47,-15.24,-8.21,-2.82,-0.27,-2.65,-3.07,5.15,9.94
1451,年興,8.03,7.62,5.9,5.14,3.91,4.95,-2.02,3.67,6.31
1452,宏益,7.86,7.7,8.57,12.81,11.26,10.79,9.97,10.74,9.24
1453,大將,-82.73,52.43,-35.19,-5.14,-92.11,-171.95,-24.14,9.79,-152.08
1454,台富,3.41,1.92,5.45,2.63,1.14,1.2,1.56,1.42,-0.13
1455,集盛,0.6,0.52,1.51,0.95,3.13,5.26,-6.75,4.65,4.52
1456,怡華,129.82,-24.12,-3.11,-2.64,,,,,
1457,宜進,-0.09,2.87,3.55,0.83,-1.25,1.32,0.54,15.61,29.25
1459,聯發,-1.76,-2.72,-2.09,-3.48,-46.96,-7.33,0,12.93,4.42
1460,宏遠,8.43,5.52,4.17,4.7,9.01,2.08,1.91,2.53,3.03
1463,強盛,23.57,24.96,25.09,31.74,30.89,38.06,26.53,35.14,2.79
1464,得力,4.67,5.19,3.99,4.9,5.96,5.33,4.01,5.4,4.07
1465,偉全,3.58,3.43,2.44,1.36,8.2,-2.17,6.39,2.12,-1.14
1466,聚隆,-0.43,-5.36,-2.43,-1.48,-1.93,2.17,-1.48,-2.37,1.76
1467,南緯,-2.43,0.38,0.79,2.59,-3.35,-3.85,-2.72,2.02,-0.89
1468,昶和,-12.65,-0.81,4.62,-29.01,-11.65,-8.27,-2.96,-34.58,-25.27
1469,理隆,-14.73,-6.27,-9.28,-23.54,-49.41,-73.42,-5.12,-7.1,-46.18
1470,大統染,,,,,8.57,,,,8.99
1471,首利,-35.92,-31.08,-24.53,-26.88,-48.56,-40.89,-45.93,-23,-35.31
1472,三洋紡,-11.06,60.88,-13.4,-1.82,3.75,-15.87,1.15,-20.62,9.4
1473,台南,0.34,6.23,0.35,3.21,-2.55,2.78,-1.25,2.79,-0.74
1474,弘裕,1.01,3.76,4,2.93,4.23,2.98,3.32,3.14,3.5
1475,本盟,236.59,-18.77,-27.55,-55.88,-125.07,-30.98,-51.85,-37.69,-905.23
1476,儒鴻,16.51,11.68,13.75,13.52,19.85,5.27,13.29,15.11,15.18
1477,聚陽,8.15,10.14,6.26,6.33,4.06,5.68,4.34,7.12,5.26
1503,士電,6.09,7.56,5.62,6.94,3.54,7.83,5.11,7.17,4.11
1504,東元,4.58,5.85,8.08,7.49,6.44,4.5,8.34,6.7,4.64
1506,正道,0.65,1.53,1.03,0.31,2.12,6.27,-0.03,-4.99,-6.21
1507,永大,6.85,9.4,7.41,9.69,5.25,9.03,7.28,6.13,4.16
1512,瑞利,1.16,-2.18,-7.18,-7.95,1.98,-13.75,-18.84,-53.95,-13.76
1513,中興電,0.17,4.34,5.6,6.82,0.38,3.94,3.89,6.82,2.64
1514,亞力,0.77,7.23,1.58,1.04,-0.63,0.27,4.02,3.73,3.6
1515,力山,0.28,0.25,1.99,7.5,1,0.48,3.41,6.92,6.58
1516,川飛,,,,,,,,,
1517,利奇,2.03,0.84,2.34,2.33,-3.18,-8.5,0.32,6.16,-4.15
1519,華城,3.6,-3.28,8.61,8.25,0.21,2.98,4.42,-1.39,0.72
1521,大億,5.4,10.91,8.64,6.02,8.05,10.08,7.67,7.34,7.43
1522,堤維西,6.13,5.65,6.87,6.36,5.89,6.79,4.87,3.98,0.72
1524,耿鼎,9.33,8.07,8.95,4.95,11.49,1.6,6.57,8.54,8.08
1525,江申,56.84,50.14,38.46,44.66,45.31,49.95,42.04,53.09,41.36
1526,日馳,0.23,5.69,14.61,1.64,14.1,-12.18,19.45,18.87,6.93
1527,鑽全,,,,,,,,,
1528,恩德,-6.82,3.28,2.69,0.86,4.22,-1.79,4.02,5.25,-0.06
1529,樂士,-1188.23,18.68,-34.44,-15.58,-60.67,27.63,6.19,2.73,7.23
1530,亞崴,4,3.12,4.51,2.09,5,-2.48,6.13,5.97,6.23
1531,高林股,2.93,1.14,6.85,3.09,8.76,1.78,10.3,10,6.34
1532,勤美,8.05,5.21,4.03,9.01,10.15,4.79,4.23,1.38,6.9
1533,車王電,6.68,4.69,1.85,3.51,4.43,-4.43,9.02,8.44,3.74
1535,中宇,5.21,2.97,3.39,3.12,2.29,1.1,1.49,2.69,1.94
1536,和大,20.55,18.16,21,16.22,22.08,15.04,20.73,18.34,17.65
1537,廣隆,11.99,11.64,13.85,12.21,14.71,10.45,13.47,11.01,11.32
1538,正峰新,-24.52,0.04,-15.59,-6.24,-39.99,12.69,-63.41,-31.76,-11.92
1539,巨庭,3.52,7.96,5.81,2.11,10.14,-3.68,6.66,5.08,3.51
1540,喬福,-21.96,8.93,4.74,-0.01,18.46,-18.26,20.86,25.42,1.89
1541,錩泰,9.81,10.35,10.78,5.58,12.89,-0.5,5.31,5.63,3.91
1558,伸興,12.67,7.22,16.08,13.95,18.14,-8.5,14.73,12.9,8.37
1560,中砂,,,,,,,,,
1565,精華,25.07,27.01,28.44,25.91,28.8,16.78,29.24,28.01,24.08
1566,捷邦,7.58,-0.23,0.43,0.88,3.96,0.75,0.96,1.72,1.7
1568,倉佑,7,6.43,6.06,4.63,8.87,3.04,7.66,4.62,7.51
1569,濱川,5.21,-4.02,5.88,8.86,10.14,9.78,5.9,7.44,6.68
1570,力肯,3.47,7.96,3.55,5.95,14.35,4.85,9.4,14.94,6.22
1580,新麥,13.57,6.49,13.89,14.64,14.17,8.38,11.26,14.01,11.52
1582,信錦,7.85,7.48,8.82,11.67,11.42,10.24,11.38,9.95,7.38
1583,程泰,7.04,4.05,2.72,2.07,6.13,-1.1,6.28,8.08,5.57
1584,精剛,,-4.81,5.27,0.51,-0.41,-5.28,-8.38,-4.49,-17.04
1586,和勤,3.28,-0.02,-7.28,-4.6,3.02,1.1,-0.91,2.66,1.99
1589,永冠-KY,22.63,15.54,16.46,9.27,12.77,4.98,11.75,3.67,-4.12
1590,亞德客-KY,14.15,19.35,20.65,19.62,12.47,22.26,27.41,23.22,22.96
1591,駿吉-KY,5.92,6.41,11.85,8.94,16.91,5.23,-2.4,0.04,-1.25
1592,英瑞-KY,1.14,7.98,8.9,8.84,5.43,6.06,3.9,5.99,5.61
1593,祺驊,16.89,8.91,12.84,12.36,15.16,5.48,13.76,17.44,15.73
1595,川寶,7.29,6.92,9.47,10.72,-13.91,8.37,15.07,7.76,46.11
1597,直得,8.11,9.13,12.31,4.48,8.57,4.75,16.17,19.67,18.94
1599,宏佳騰,18.38,9.5,4.72,12.83,8.82,4.39,3.55,6.12,8.39
1603,華電,16.36,13.38,9.76,19.52,-5.84,15.67,4.36,14.5,6.61
1604,聲寶,1.53,9.54,10.75,5.94,2.82,4.33,6.96,5.26,-3.88
1605,華新,1.13,2.83,2.93,3.85,3.08,2.28,1.71,7.34,3.49
1608,華榮,3.01,-0.18,-1.56,5.22,1.93,5.71,3.43,6.13,6.27
1609,大亞,-1.89,-4.51,1.02,3.24,0.35,0.8,2.51,5.77,1.8
1611,中電,-8.8,-0.55,-6.22,-5.27,-110.5,1.84,-10.3,-16.95,109.37
1612,宏泰,0.66,0.5,1.68,6.21,3.05,7.17,7.75,6.32,1.69
1613,台一(下市),-5.27,-0.62,0.22,-0.41,,,,,
1614,三洋電,5.09,4.77,8.24,6.93,1.85,2.64,4.85,4.51,4.96
1615,大山,-0.53,-1.87,5.72,4.81,6.43,1.32,6.38,7.09,5.29
1616,億泰,-3.15,-1.4,3.64,3.75,-3.49,-1.8,1.54,-5.02,-9.16
1617,榮星,3.05,0.21,1.31,3.24,7.12,0.06,4.72,6.68,2.08
1618,合機,14.55,-2.76,8.44,-0.21,2.3,-1.84,9.52,-1.18,5.2
1626,艾美特-KY,-4.7,1.22,6.06,-3.35,3.38,1.46,3.58,-5.9,-2.4
1701,中化,2.1,6.87,7.53,4.86,2.26,6.18,4.15,6.78,2.97
1702,南僑,7.29,7.77,8.27,7.33,6.29,5.62,6.57,5.75,5.22
1704,榮化,14.1,9.25,10.87,9.38,10.03,7.56,8.3,9.03,6.67
1707,葡萄王,15.31,14.1,12.57,14.48,15.25,12.92,13.64,14.69,15.88
1708,東鹼,-15.66,10.01,8.62,10.55,26.07,10.43,13.87,12.2,14.07
1709,和益,4.25,7.85,10.97,11.41,9.79,6.08,10.52,8.17,4.13
1710,東聯,-9.96,-2.76,-6.2,-5.42,0.89,6.36,0.15,12.12,4.15
1711,永光,4.99,6.77,5.3,6.23,1.6,3.97,2.35,5.01,4.65
1712,興農,4.72,3.82,3.42,2.19,4.18,3.3,4.44,3.63,2.03
1713,國化,,,,,,,,,
1714,和桐,-2.04,1.34,1.87,0.13,1.71,0.83,0.8,2.9,-0.29
1715,萬洲化學(下市),,,,,,,,,
1717,長興,9.35,6.52,8.82,7.52,4.39,5.32,3.01,3.97,6.04
1718,中纖,-8.29,-2.73,-3.14,-2.12,2.99,-0.36,-0.45,9.97,4.78
1720,生達,8.35,9.35,7.61,11.91,8.25,6.49,10.23,14.68,5.44
1721,三晃,1.34,3.37,7.98,2.54,9.94,1.29,-1.51,4.96,2.91
1722,台肥,21.04,2.22,9.93,5.81,-20.3,15.61,16.71,12.95,9.99
1723,中碳,16.52,19.14,18.04,19.5,23.59,15.62,17.75,19.42,21.93
1724,台硝,25.74,9.53,8.06,9.94,7.17,0.38,4.96,3.65,7.72
1725,元禎,1.56,0.93,2.39,3.88,2.04,1.08,1.47,4.24,1.47
1726,永記,10.55,13.58,14.2,14.59,13.07,11.81,11.11,8.52,10.02
1727,中華化,4.61,3.45,4.74,4.64,5.58,2.05,3.06,4.56,5.08
1729,必翔實業(下市),,,,,,,,,
1730,花仙子,7.82,6.87,8.51,9.97,7.92,8.71,9.13,10.87,7.29
1731,美吾華,6.52,3.96,4.14,9.35,7.39,5.67,4.9,8.69,2.34
1732,毛寶,-2.37,-0.44,-4.42,-4.1,-8.41,-2.28,0.65,2.31,4.25
1733,五鼎,15.7,13.97,12.76,0.31,-35.34,-9.16,13.74,4.62,9.47
1734,杏輝,10.28,-3.28,-0.49,-1.16,7.02,-1.74,1.78,2.63,3.91
1735,日勝化,4.57,2.48,3.54,2.22,1.61,0.21,0.9,3.21,2.87
1736,喬山,9.63,-1.34,1.03,3.18,8.95,-1.34,-5.41,1.47,5.35
1737,臺鹽,4.94,10.91,15.92,13.49,10.27,10.08,16.32,14.9,9.58
1742,台蠟,-12.71,-10.03,-9.12,-40.24,-39.69,2.67,0.31,1.44,4.38
1752,南光,,16.08,12.3,10.89,19.36,18.54,10.23,9.16,11.77
1762,中化生,17.52,6.57,0.04,4.18,9.51,-4.37,-6.34,17.26,13.9
1773,勝一,10.45,11.44,13.4,13.02,12.92,11.69,13.25,13.3,13.14
1777,生泰,,,,,,,,,
1781,合世,-24.46,-34.14,-12.81,-4.64,-8.71,-19.83,-12.06,-5.71,-14.02
1783,和康生,-44.04,-17.64,-3.98,-1.51,3.32,-4.26,7.25,7.29,3.13
1784,訊聯,1.89,1.24,-2.77,-1.46,-2.44,-0.96,-1.8,-1.52,0.5
1785,光洋科,-1.55,-9.11,9.38,-0.67,-3.62,0.05,1.24,0.31,1.18
1786,科妍,17.2,-1.15,1.35,-78.25,29.9,-4.3,1.32,1.47,20.26
1787,福盈科,8.93,8.32,8.22,5.75,8.09,6.07,7.94,7.87,7.2
1788,杏昌,7.4,7.43,5.42,7.48,8.96,8.49,8.49,7.21,9.77
1789,神隆,18.95,16.83,17.18,16.69,14.65,18.5,9.89,12.61,6.8
1795,美時,2.02,4.48,1.05,-2.3,-12.33,-5.04,2.21,3.07,-0.18
1799,易威,-54.2,-164.69,-74.06,-45.33,-101.32,-77.33,-60.32,-77.79,-104.79
1802,台玻,-12.09,-3.73,-5.61,-2.78,-3.2,0.06,3.68,6.73,7.34
1805,寶徠,874.66,-1228.63,-316.31,-288.54,-214.55,-812.83,-476.89,-393.31,22.21
1806,冠軍,-1.61,-11.29,9.32,-2.15,3.25,-23.82,4.46,4.29,0.3
1808,潤隆,,,,,,,,,
1809,中釉,1.49,6.34,8.22,2.69,-0.34,-6.78,4.38,2.28,-3.16
1810,和成,1.07,-2.87,1.26,21.42,-0.06,1.64,1.85,4.02,4.01
1813,寶利徠,24.49,19.79,29.59,11.99,2.85,-1.33,10,3.56,-10.76
1815,富喬,11.3,8.98,4.63,10.12,12.43,8.5,14.79,15.42,-0.08
1817,凱撒衛,11.21,9.23,10.03,11.69,13.11,9.73,11.27,11.71,12.68
1902,台紙,-0.19,4.26,0.63,5.54,-32.19,4.5,8.01,8.14,10.35
1903,士紙,-212.27,-339.79,-401.06,-68.54,-239.16,-206.61,-173.51,-15.99,-153.53
1904,正隆,0.63,2.1,4.72,3.74,2.42,3.47,3.24,2.75,4.01
1905,華紙,3.51,1.48,1.91,0.96,2.66,2.43,3.04,3.03,2.43
1906,寶隆,-0.03,-13.38,59.55,-4.17,202.98,10.62,58.75,16.41,7.38
1907,永豐餘,-0.39,-0.8,-0.73,2.26,0.05,-0.29,3.15,6.11,0.47
1909,榮成,2.49,3.47,6.75,2.14,15.66,9.93,9.31,8.86,6.11
2002,中鋼,-2.4,0.74,7.3,9.07,4.38,4.46,3.99,4.01,6.93
2006,東和鋼鐵,4.59,3.52,9.59,5.13,4.62,6.7,5.81,3.26,5.89
2007,燁興,-5,-1.98,-2.12,-5.89,-4.15,-1.21,-4.29,-2.44,-1.35
2008,高興昌,,,,,,,,,
2009,第一銅,,,,,,,,,
2010,春源,9.16,3.71,4.79,4.08,3.29,4.25,0.55,1.33,3.05
2012,春雨,1.13,0.08,2.11,3.8,5.2,0.68,3.89,1.89,3.63
2013,中鋼構,0.97,0.6,0.64,0.43,0.06,0.42,0.23,0.31,0.36
2014,中鴻,-7.96,0.04,8.94,9.51,4.33,6.93,3.3,4.25,10.58
2015,豐興,11.13,10.37,9.09,10.32,5.64,11.46,9.43,9.9,12.75
2017,官田鋼,-7.77,-2.79,10.99,2.86,4.14,12.94,3.11,4.63,7.7
2020,美亞,5.05,7.59,10.53,9.93,6.89,10.16,6.91,4.85,6.35
2022,聚亨,-12.49,-1.16,1.81,-0.88,-5.67,-0.69,-6.3,-1.76,3.41
2023,燁輝,-5.54,2.23,7.9,3.91,4.59,4.77,1.35,1.04,0.4
2024,志聯,1.7,,,,,,,,
2025,千興,-24.45,-4.06,0.81,5.43,5.77,6.32,-18.83,5.17,17.04
2027,大成鋼,-0.49,-1.11,1.5,0.46,3.43,1.7,2.45,1.58,1.11
2028,威致,,,,,,,,,
2029,盛餘,4.6,7.51,10.94,11.12,9.92,10.16,5.58,1.88,3.72
2030,彰源,-6.99,2.25,0.18,2.74,5.42,6.32,2.83,2.08,5.6
2031,新光鋼,-25.27,17.74,6.73,16.24,7.81,16.53,7.19,11.94,15.85
2032,新鋼,,,,,,,,,
2033,佳大,,,,,,,,,
2034,允強,2.44,3.65,4.7,4.09,5.44,4.37,3.99,4.91,3.68
2035,唐榮,-4.42,-2.81,9.1,4.48,3.6,,,,
2038,海光,-3.66,0.14,0.12,-1.32,10.02,-2.85,-1.69,-3.57,5.8
2049,上銀,3.25,4.82,9.12,7.69,10.12,6.65,13.88,16,13.76
2059,川湖,41.2,28.08,27.8,26.52,55.18,9.7,16.43,33.74,28.85
2061,風青,-5.76,0.02,-5.28,0.77,4.73,5.43,-2.65,3.84,2.94
2062,橋椿,11.64,13.06,8,13.48,13.33,12.1,0.3,0.52,1.4
2063,世鎧,10.36,8.75,12.16,10.72,0.28,9.34,14.68,15.1,10.65
2064,晉椿,-1.26,4.18,7.96,-1.32,10.44,-4.83,5.66,2.31,1.2
2066,世德,,,,,,,,,
2067,嘉鋼,-12.04,-2.96,6.86,-10.07,-5.65,-14.27,-7.25,1.41,0.05
2101,南港,7.27,7.55,16.31,10.09,4.28,7.62,6.55,3.86,4.27
2102,泰豐,6.41,6.93,0.24,-10.06,-1.55,-47.93,1.33,-6.4,-3.51
2103,台橡,0.96,3.67,6.52,3.74,0.79,4.04,-1.04,3.9,4.4
2104,中橡,5.37,8.1,6.25,12.95,9.5,9.95,16.52,12.43,6.55
2105,正新,11.68,13.73,12.88,10.2,8.07,6.71,6.07,3.73,3.12
2106,建大,10.81,8.88,10.9,10.42,11.7,2.8,0.07,1.73,-0.15
2107,厚生,31.73,6.88,11.47,17.71,33.04,0.27,10.18,33.87,-0.25
2108,南帝,11.83,9.93,11.96,4.83,5.73,5.48,4.94,7.14,9.88
2109,華豐,0.53,3.88,1.95,2.64,-6.17,0.8,0.71,-1.09,-72.13
2114,鑫永銓,22.14,21.21,24.15,16.92,27.39,5.1,21.87,25.77,25.78
2115,六暉-KY,9.52,10.61,12.7,12.48,12.93,12.72,11.19,8.75,8.66
2201,裕隆,3.21,2.13,2.5,2.12,-1.74,3.07,1.49,4.61,0.8
2204,中華,6.49,9.64,9.05,8.47,3.69,9.59,11.05,11.17,10.49
2206,三陽工業,-5.46,0.36,0.74,-3.64,-0.89,0.19,5.31,2.44,-2.2
2207,和泰車,5.01,7.54,6.92,7.36,6.22,7.51,5.99,7.16,5.56
2208,台船,3.63,0.89,-0.28,-22.93,-15.83,-46.24,-21.15,-53.6,-29.38
2221,大甲,11.49,5.58,3.86,9.46,14.56,5.82,9.91,11.37,10.27
2227,裕日車,13.58,11.5,13.71,11.39,17.01,14.63,20.65,21.4,25.44
2228,劍麟,17.18,16.4,15.32,14.38,15.6,10.75,8.32,13.6,18.24
2230,泰茂,0.73,0.36,-6.49,0.42,5.58,-10.22,-0.68,-3.19,-0.14
2231,為升,37.46,32.32,32.11,29,37.64,19.38,33.82,32.56,28.45
2233,宇隆,13.43,11.42,13.35,13.93,24.27,13.17,18.27,17.68,17.42
2235,謚源,,,,,,,,,
2301,光寶科,4.34,3.43,3.61,5.07,4.1,3.86,3.33,-6.11,4.24
2302,麗正,2.24,6.95,7.03,-1.81,-1.82,-16.3,-7.53,-4.39,-3.37
2303,聯電,9.34,0.61,6.98,7.79,6.65,6.11,5.59,9.21,4.83
2305,全友,4.23,4.41,-4.17,-14.36,22.95,-8.45,-4.36,381.14,-24.07
2308,台達電,9.28,8.16,8.15,9.93,8.68,8.01,7.92,9.14,7.76
2311,日月光,6.23,6.22,6.87,7.56,10.32,3.86,11.87,8.58,7.44
2312,金寶,3.42,1.58,1.28,0.59,0.39,0.76,0.77,0.13,-0.29
2313,華通,7.14,2.79,0.25,3.75,6.1,3.55,4.91,9.34,7.38
2314,台揚,1.03,2.57,1.67,1.88,2.48,3.3,3.2,1.36,0.85
2316,楠梓電,-16.78,-3.79,0.02,-7.16,12.45,-9.32,3.65,2.07,3.29
2317,鴻海,3.7,2.88,1.92,3.22,4.9,2.89,1.94,1.95,4.14
2321,東訊,-1.99,0.87,2.15,1.73,0.1,-4.89,0.86,-0.93,-3.59
2323,中環,-50.58,-13.86,-8.7,-15.15,-55.05,-23.42,-0.74,-12.74,-12.46
2324,仁寶,0.97,0.91,1,1.1,1.19,0.57,0.12,1,0.82
2325,矽品,-1.02,8.31,12.96,12.26,12.76,5.1,10.57,10.28,6.89
2327,國巨,11.41,11.07,12.27,14.32,19.74,11.14,15.49,24.35,31.25
2328,廣宇,0.73,-0.62,19.62,1.82,2.88,1.52,2.71,3.4,2.56
2329,華泰,7.59,5.55,4.75,1.98,0.14,-5.44,-3.96,-2.64,-8.45
2330,台積電,35.79,31.83,32.69,37.16,38.21,37.46,30.99,35.67,35.77
2331,精英,-0.11,1.88,-26.45,5.36,3.37,2.96,2.08,1.31,-3.04
2332,友訊,-14.93,-3.6,-8.47,-6.85,1.92,-4.57,-1.85,0.73,1.46
2337,旺宏,-29.7,-17.49,-13.31,8.93,10.39,3.07,9.39,20.29,24.4
2338,光罩,-0.32,-16.29,-4.74,-13.49,-21.93,-8.94,4.66,-0.27,-12.43
2340,光磊,10.67,8.56,19.51,19.68,13.93,11.82,11.98,13.73,10.42
2342,茂矽,-29.62,-29.59,-6.26,0.54,-0.86,-8.66,0.21,2.81,-0.1
2344,華邦電,8.31,7.7,6.12,6.15,7.6,6.59,8.67,16.61,13.55
2345,智邦,6.34,6.72,6.45,6.33,6.3,7.57,7.2,7.37,6.1
2347,聯強,0.45,1.56,1.34,1.34,1.46,1.49,1.65,1.87,1.65
2348,海悅,0.7,5.82,2.37,3.18,-0.13,18.39,24.68,24.34,23.05
2349,錸德,-30.77,-17.42,-14.89,-15.69,-38.45,-17.04,-16.64,-19.22,-43.82
2351,順德,5.17,7.5,8.12,8.32,9.07,6.75,7.41,8.67,7
2352,佳世達,0.75,1.62,2.53,4.47,4.67,3.88,4.15,3.64,3.82
2353,宏,0.35,0.08,0.96,0.42,-9.3,0.11,0.45,2.39,1.58
2354,鴻準,13.49,14.1,13.36,14.98,11.14,5.5,7.55,5.67,7.67
2355,敬鵬,10.65,10.55,10.36,9.65,11.02,6.41,6.53,7.93,4.33
2356,英業達,0.91,1.29,1.31,1.09,1.57,0.68,1.73,1.88,1.38
2357,華碩,3.42,3.49,3.99,5.07,3.91,3.37,2.07,5.1,3.55
2358,廷鑫,,-21.68,-3.01,-5.92,-7.56,3.14,1.86,0.71,0.86
2359,所羅門,12.85,3.18,3.2,2.26,7.23,-1.02,4.48,4.33,-2.16
2360,致茂,9.77,12.3,16.51,16.15,13.76,10.36,17.31,22.06,17.03
2361,鴻友科技(下市),,,,,,,,,
2362,藍天,3.43,1.46,5.83,0.7,4.17,0.78,8.21,2.53,3.81
2363,矽統,57.79,-115.19,-154.93,278.65,-283.15,-244.09,-162.49,136.01,-280.58
2364,倫飛,-8.06,-9.17,-15.29,-48.48,-22.22,-43.24,-17.44,-13.5,-55.24
2365,昆盈,0.62,-3.09,-1.62,-5.51,-22.15,-4.07,1.67,8.8,2.11
2367,燿華,3.84,-9.37,-22.78,-3.98,7.7,-6.36,0.76,4.17,11.37
2368,金像電,-0.82,-4.46,1.39,2.37,2.47,-4.27,1.07,-2.44,-0.19
2369,菱生,-1.49,0.76,1.76,11.04,2.74,2.92,2.14,2.28,1.33
2371,大同,-7.7,-4.05,-3.57,-2.54,-1.95,0.5,3.16,-0.72,-2.11
2373,震旦行,7.67,8.81,8.01,9.36,8.41,9.35,9.71,10.93,20.49
2374,佳能,2.04,-1.04,1.72,10.22,4.51,0.61,2.23,4.79,0.03
2375,智寶,1.45,-11.3,-3.49,0.1,1.88,3.39,12.4,7.08,7.98
2376,技嘉,2.64,4.14,3.54,5.46,4.14,2.01,4.08,6.48,5.42
2377,微星,4.4,4.91,4.11,5.46,4.49,5.59,2.83,5.54,4.39
2379,瑞昱,7.81,6.58,10.34,7.29,6.96,5.08,9.38,10.54,7.38
2380,虹光,-16.11,-21.97,-9.32,-11.77,-12.15,-28.96,-27.48,-25.33,-41.79
2382,廣達,1.8,1.83,1.69,1.77,1.53,1.23,1.69,1.45,1.28
2383,台光電,11.88,11.56,11.3,13.5,13.5,12.5,12.24,12.55,9.91
2384,勝華科技(下市),,,,,,,,,
2385,群光,6.06,3.19,4.58,3.7,6.56,3.59,4.73,5.71,6.2
2387,精元,7.9,5.36,3.41,3.97,4.99,7.16,0.07,1.62,-1.53
2388,威盛,-29.84,6.28,5.12,3.13,2.04,1.69,1.02,1.64,0.14
2390,云辰,26.9,13.67,-13.4,-25.41,1.08,-48.61,-36.43,-8.75,16.51
2392,正崴,0.76,0.13,0.06,0.88,1.92,0.53,2.02,2.29,0.79
2393,億光,7.32,6.4,6.24,6,5.99,4.65,5.37,4.06,3.51
2395,研華,13.76,13.48,13.58,14.06,12.87,12.04,15.11,14.21,13.91
2397,友通,9.92,15.42,13.39,12.55,13.71,8.51,12.67,13.78,9.56
2399,映泰,-11.07,-2.69,3.66,-5.96,1.04,-4.54,8.04,7.05,-0.58
2401,凌陽,11.51,0.13,1.12,2.19,2.98,21.49,1.54,4.08,0.01
2402,毅嘉,0.23,-4.08,-3.19,1.16,6.91,-5.97,-5.16,-6.15,0.22
2404,漢唐,5.33,8.04,9.31,13.14,10.44,5.45,10.09,14.54,9.32
2405,浩鑫,-1.26,-6.42,-0.95,2.96,-9.08,-8.33,3.42,-1.74,-8.39
2406,國碩,2.79,4.27,1.64,-4.41,-4.12,-8.38,-54.54,-3.86,-21.55
2408,南亞科,18.06,17.78,4.44,13.74,165.93,26.78,51.4,64.28,131.03
2409,友達,-9.81,-7.7,-0.71,5.69,9.77,10.7,11.64,10.13,5.2
2412,中華電,15.19,20.49,19.68,16.37,13.3,17.59,18.76,17.99,14.26
2413,環科,2.29,1.47,3.08,0.87,-3.69,-9.24,3.48,2.87,-11.34
2414,精技,1.28,1.95,1.41,1.51,0.99,1.81,1.56,1.74,1.02
2415,錩新,2.11,3.84,7.99,13.51,10.37,2.38,4.98,7.67,9.46
2417,圓剛,-12.02,-9.02,-3.3,-2.98,-0.63,-6.95,-2.8,1.27,-1.94
2419,仲琦,4.86,4.43,3.84,4.45,7.11,0.76,4.96,5.21,4.08
2420,新巨,20.78,16.16,16.96,13.71,24.57,3.13,22.35,20.18,17.63
2421,建準,6.25,2.21,5.6,6.22,6.67,5.05,7.36,6.42,5.05
2423,固緯,11.56,11.68,13.89,10.9,10.26,13.11,18.49,10.44,7.48
2424,隴華,-988.15,-818.41,-1152.71,-33050.94,-1389.52,-2108.57,-157.29,-4.29,-899.71
2425,承啟,2.44,0.91,0.84,0.62,3.06,-7.08,0.86,0.58,-0.71
2426,鼎元,3.59,4.29,6.6,2.34,20.7,-7.64,11.6,8,11.63
2427,三商電,1.7,1.38,2.52,4.14,0.87,1.5,4.11,5.04,0.31
2428,興勤,11.07,10.74,16.04,22.3,16.48,15.33,25.95,15.53,17.4
2429,銘旺科,-26.4,2.08,4.5,-0.05,-3.38,-6.04,-5.72,-6.09,-14.26
2430,燦坤,0.44,2.68,2.37,1.95,1.52,1.67,0.7,1.7,1.13
2431,聯昌,-2.37,1.25,3.44,2.83,5.55,0.79,1.07,0.27,-12.92
2433,互盛電,11.46,10.14,8.48,23.92,7.9,19.07,8.92,22.52,9.22
2434,統懋,-33.22,-104,-91.67,-63.01,20.23,-110.66,-21.24,-17.05,-66.85
2436,偉詮電,2.39,3.98,5.66,11.78,5.16,0.8,9.12,16.6,8.8
2437,旺詮(下市),9.49,6.73,10.51,6.99,9.6,3.37,,,
2438,翔耀,-2.73,0.82,-6.46,-0.5,-1.12,6.81,-24.61,-12.74,-30.29
2439,美律,8.15,1.68,8.69,18.58,12.2,7.07,10.06,9.49,20.83
2440,太空梭,-2.52,-3.59,0.12,1.98,2.04,1.62,1.81,5.55,5.37
2441,超豐,,,,,,,,,
2442,新美齊,3.8,-18.02,5.22,8.15,6.3,-6.53,1.44,-7.37,-7.15
2443,新利虹,-32.5,-36.53,-49.02,-41.32,-24.05,-37.49,-33.6,-41.31,-27.83
2444,友旺,18.2,7.42,6.66,1.58,-1.87,,,,
2448,晶電,-44.88,-27.07,-26.69,0.05,-2.52,-4.9,11,11.56,6.67
2449,京元電子,10.77,13.83,16.74,16.14,12.51,11.52,12.15,12.66,8.95
2450,神腦,3.55,2.97,2.83,2.97,2.92,1.77,2.8,2.57,2.09
2451,創見,12.13,11.04,14.32,8.75,17.91,10.09,15.52,13.01,12.36
2453,凌群,1.65,0.46,2.63,0.45,2.59,1.76,1.17,1.97,2.29
2454,聯發科,7.18,7.8,8.96,9.94,7.35,11.95,4.08,8.02,16.82
2455,全新,,,,,,,,,
2456,奇力新,11.12,12.03,4.77,5.07,6.09,10.9,6.85,9.54,10.82
2457,飛宏,-1.95,-7.7,-7.52,-1.99,4.28,1,0.19,2.68,-4.09
2458,義隆,10.62,7.83,8.91,12.42,9.79,8.83,15.65,18.5,12.8
2459,敦吉,3.22,3.19,2.75,3.8,3.55,4.33,4.13,4.78,3.88
2460,建通,1.3,-2.1,2.32,1.53,2.5,-2.28,-1.47,0.01,2.84
2461,光群雷,2.97,2.65,2.79,4.71,5.88,0.63,2.71,5.01,2.83
2462,良得電,4.91,0.08,1.72,3.35,7.91,-4,2.66,3.23,0
2464,盟立,6.28,4.97,6.06,3.96,6.81,-1.84,6,3.29,5.16
2465,麗臺,-4.01,-6.39,-6.84,-3.98,-12.53,13.31,-1.25,-0.26,-16.92
2466,冠西電,-15.98,-13.76,2.98,-1.92,7.11,-13.78,0.52,2.43,5.12
2467,志聖,-59.02,5.45,4.77,6.78,4.75,3.74,10.52,9.82,7.57
2468,華經,5.49,2.28,4.36,2.01,3.85,2.09,3.36,2.48,2.84
2471,資通,13.51,6.5,-5.57,13.34,25.45,-20.74,14.77,-0.54,17.16
2472,立隆電,5.41,10.63,4.74,5.36,7.86,1.01,7.6,9.81,6.22
2474,可成,30.1,24.69,22.04,21.57,39.67,14.34,22.13,26.94,25.22
2475,華映,-270.88,-40.29,3.96,1.47,6.15,18.72,15.31,2.48,-1.11
2476,鉅祥,9.11,6.86,10.2,8.53,12.87,2.52,7.72,10.83,7.82
2477,美隆電,7.97,8.94,8.99,8.96,11.03,10.4,9.35,9.68,10.03
2478,大毅,5.13,6.82,5.49,5.15,6.69,3.97,3.45,5,5.84
2480,敦陽科,7.08,6.76,7.77,8.77,5.39,6.82,8.3,7.23,6.87
2481,強茂,3.59,5.63,4,4.67,4.58,4.38,7.15,8.9,-30.53
2482,連宇,-13.3,4.41,1.77,-0.22,2.96,-16.49,-5.16,-6.77,-6.13
2483,百容,5.92,9.8,9.38,9.03,15.34,0.11,10.02,15.5,8.55
2484,希華,7.86,1.48,11.27,5.43,13.22,1.95,6.78,6.84,4.61
2485,兆赫,7.76,5.42,3.06,1.82,5.61,-6.29,3.98,2.92,0.57
2486,一詮,-13.72,-2.7,-1.79,-0.93,-3.24,-8.14,0.84,-3.66,-5.56
2488,漢平,11.08,13.51,13.3,12.43,16.72,7.86,9.53,11.4,6.35
2489,瑞軒,14.57,26.37,5.24,3.69,0.05,-13.98,-8.01,2.38,-2.9
2491,吉祥全,77.12,-12.92,-13.2,-13.55,6.88,-1.27,41.78,-3.58,1.14
2492,華新科,8.05,9.33,10.99,13.63,12.26,8.55,8.63,14.61,15.19
2493,揚博,,,,,,,,,
2495,普安,18.69,7.74,12.48,11.93,23.88,-2.3,4.37,8.87,17.34
2496,卓越,,8.88,-34.62,0.4,41.04,28.14,19,17.5,15.19
2497,怡利電,-0.41,1,2.03,-2.5,0.9,-6.03,-2.77,-5.04,-1.6
2498,宏達電,-13.13,-17.65,-16.22,-8.05,-13.91,-13.99,-12.09,-19.86,-62.26
2499,東貝,0.41,0.17,1.41,0.33,-28.8,-10.4,0.49,-8.35,-106.5
2501,國建,14.89,12.34,18.2,17.16,15.17,13.33,7.13,8.7,13.75
2504,國產,-2.47,-1.04,-4.79,-4.86,-73.71,77.19,1.67,1.5,-3.27
2505,國揚,9.42,-75.96,2.94,-172.81,14.6,7.79,11.61,-616.63,-169.08
2506,太設,-5.76,5.5,10.53,28.69,-14.74,15.96,-11.42,1.3,-8.81
2509,全坤建,18.65,6.77,-42.79,-3.19,-6.77,-4.44,-1.4,5.93,6.15
2511,太子,17.1,6.15,9.25,7.52,20.03,6.94,12.73,8.7,18.05
2514,龍邦,73.22,-261.67,-58.61,83.52,-41.21,66.57,73.03,77.57,41.04
2515,中工,-22.48,1.56,-0.5,6.27,4.15,1.19,4.62,3.81,1.01
2516,新建,-0.46,2.55,-0.39,9.06,-5.4,-1.88,-9.46,-1.18,-11.83
2520,冠德,12.05,4.62,7.02,9.17,3.23,3.09,4.25,7.09,0.71
2524,京城,9.73,12.43,-9.67,29.11,30.43,14.01,8.3,20.32,26.16
2527,宏璟,121.86,4.25,-21.24,81.92,-47.48,-81.28,-132.61,225.6,28.76
2528,皇普,,,,,,,,,
2530,華建,23.39,24.57,-2579.21,-23.08,-1385.47,-52.79,-1171.22,-267.91,-3270.38
2534,宏盛,,,,,,,,,
2535,達欣工,2.84,4.86,3.95,2.33,9.72,3.85,3.97,3.37,5.21
2536,宏普,,,,,,,,,
2537,聯上發,,,,,,,,,
2538,基泰,-488.51,33.27,-41,-285.4,-28.11,-36.03,114.81,132.99,77.69
2539,櫻花建,,,,,,,,,
2540,愛山林,41.28,5.29,21.65,33.39,14.76,4.62,18.21,-27.32,2.63
2542,興富發,29.59,31.01,13.2,14.55,12.1,8.75,9.77,17.43,1.75
2543,皇昌,-0.41,3.26,3.15,2.02,1.39,2.13,-1.27,-0.87,0.62
2545,皇翔,31.69,15.56,18.42,21.29,-109.83,38.13,-10.96,1.56,3.88
2546,根基,-0.27,2.55,2.02,4.32,0.85,2.3,5.57,4.4,1.9
2547,日勝生,-46.45,-34.78,-425.34,-107.61,-50.36,-72.11,-26.33,-13.01,7.02
2548,華固,18.59,-14.57,-5.57,22.18,24.23,12.67,19.13,22.93,13.25
2596,綠意,389.83,-25.29,42.69,34.57,17.3,13.08,12.49,15.8,37.77
2597,潤弘,7.16,3.56,2.93,10.55,9.12,5.28,5.15,4.38,3.46
2601,益航,-21.8,-22.08,-2.21,-29.2,-5.44,12.21,-7.02,6.56,15.69
2603,長榮,-10.98,-13.43,-1.87,-3.6,-3.11,0.92,7.36,9,0.48
2605,新興,30.91,28.07,15.12,10.85,12.96,18.9,21.57,1.34,16.65
2606,裕民,10.6,-44.23,-32.02,0.42,12.8,-0.97,6.35,23.57,15.96
2607,榮運,10.71,11.05,12.65,9.11,10.6,9.41,9.38,11.76,16.09
2608,大榮,12.81,14.98,17.77,11.19,11.21,8.65,13.03,15.42,11.62
2609,陽明,-12.72,-13.48,-17.31,-15.73,-5.99,-2.98,-1.34,3.53,1.27
2610,華航,1.88,4.18,-0.5,1.4,-3.46,-10.51,4.62,7.28,3.02
2611,志信,-6.16,0.73,5.01,-5,-23.57,-10.77,-3.62,18.63,-0.56
2612,中航,12.07,9.69,4.15,2.56,-10.38,-9.36,-4.58,8.36,16.68
2613,中櫃,3.08,0.42,4.81,-0.75,2.54,-1.28,2.56,3.25,3.72
2614,東森,-44.97,-9.87,13.42,14.58,-10.25,-2.57,-1.76,-0.34,64.95
2615,萬海,-1.82,0.31,1.77,0.37,5.32,-1.46,5.75,8.07,3.74
2616,山隆,1.38,1.86,2.47,2.64,2.09,8.39,1.75,1.96,0.81
2617,台航,-1.31,1.59,-1.17,-2.65,-11.37,2.65,4.71,21.99,32.65
2618,長榮航,1.31,3.06,3.59,6.05,-3.25,-1.94,3.93,10.49,0.91
2634,漢翔,5.34,7.64,7.77,6.61,8.42,1.89,6.66,8.78,7.24
2636,台驊投控,2.8,0.54,2.03,1.79,0.99,1.27,2.6,2.95,2.2
2637,慧洋-KY,14.91,30.85,0,0.8,19.59,1.63,-5.45,6.66,11.06
2640,大車隊,6.08,10.53,5.83,9.24,9.12,13.12,15.67,12.33,11.48
2641,正德,22.18,-7.5,-2.01,1.88,6.48,-6.06,0.38,4.12,-297.53
2642,宅配通,-0.53,7.14,3.13,1.23,1.04,7.01,6.37,2.66,0.15
2701,萬企,,,,,,,,,
2702,華園,1.79,6.32,7.04,2.31,2.45,1.98,2.84,1.42,-7.01
2704,國賓,7.18,12.43,6.14,18.4,10.06,14.02,10.59,22.98,10.25
2705,六福,-15.45,-8.96,-17.52,-11.58,-7.02,-11.53,-14.83,-18.16,-75
2706,第一店,,,,,,,,,
2707,晶華,19.1,14.84,12.06,11.86,16.52,13.56,15.12,14.79,16.92
2712,遠雄來,,,,,,,,,
2718,晶悅,,,,,,,,,
2719,燦星旅,-5.4,-0.59,-2.16,-1.24,-8.5,-3,-6.12,-5.56,-4.61
2722,夏都,,,,,,,,,
2723,美食-KY,6.43,6.75,6.87,8.8,9.13,8.93,8.92,9.78,9.43
2724,富驛-KY,-32.95,-31.19,-26.68,-116.71,-119.38,-25.18,,,-49.98
2726,雅茗-KY,3.76,3.81,6.66,9.62,7.05,8.45,8.83,8.75,5.27
2727,王品,-5.24,1.96,2.11,2.85,1.04,3.19,3.61,3.28,1.61
2729,瓦城,5.37,8.68,8.8,9.38,4.53,8.38,8.51,9.12,5.91
2731,雄獅,0.84,1.65,1.67,1,0.23,1.75,2.1,1.89,0.99
2732,六角,7.58,4.21,6,8.55,9.59,2.89,7.04,8.9,6.9
2734,易飛網,-1.29,-1.09,-0.92,-3.05,-15.8,1.83,-0.74,-5.73,-25.95
2801,彰銀,,,,,,,,,
2809,京城銀,,,,,,,,,
2812,台中銀,,,,,,,,,
2816,旺旺保,,,,,,,,,
2820,華票,,,,,,,,,
2823,中壽,,,,,,,,,
2832,台產,,,,,,,,,
2833,台灣人壽(下市),,,,,,,,,
2834,臺企銀,,,,,,,,,
2836,高雄銀,,,,,,,,,
2838,聯邦銀,,,,,,,,,
2841,台開,867.61,44.67,402.97,-199.34,95.11,18.44,59.7,-117.1,399.67
2845,遠東銀,,,,,,,,,
2847,大眾銀行(下市),,,,,,,,,
2849,安泰銀,,,,,,,,,
2850,新產,,,,,,,,,
2851,中再保,,,,,,,,,
2852,第一保,,,,,,,,,
2855,統一證,,,,,,,,,
2856,元富證,,,,,,,,,
2867,三商壽,,,,,,,,,
2880,華南金,,,,,,,,,
2881,富邦金,,,,,,,,,
2882,國泰金,,,,,,,,,
2883,開發金,,,,,,,,,
2884,玉山金,,,,,,,,,
2885,元大金,,,,,,,,,
2886,兆豐金,,,,,,,,,
2887,台新金,,,,,,,,,
2888,新光金,,,,,,,,,
2889,國票金,,,,,,,,,
2890,永豐金,,,,,,,,,
2891,中信金,,,,,,,,,
2892,第一金,,,,,,,,,
2901,欣欣,,,,,,,,,
2903,遠百,5.29,2.8,1.03,2.06,4.12,2.5,1.27,4.13,6.15
2904,匯僑,22.73,26.44,20.71,16.9,17.92,19.14,20.34,23.05,23.84
2905,三商,-10.1,4.14,19.89,14.7,-2.74,-10.33,28.81,17.32,-8.26
2906,高林,-2.69,1.08,-0.29,0.02,4.74,-1.17,1.78,0.62,0.77
2908,特力,1.18,3.18,1.34,1.76,1.2,3.16,1.43,1.74,2.55
2910,統領,13.37,5.14,1.28,21.27,-0.19,14.31,43.49,27.35,-55.31
2911,麗嬰房,0.61,0.54,-6.24,-3.47,6.39,-1.55,-5.96,-6.63,32.08
2912,統一超,2.87,4.75,4.77,5.06,3.68,5.17,5.06,5.39,40.23
2913,農林,79.47,73.05,34.25,123.53,-38.51,28.78,27.12,4.63,22.2
2915,潤泰全,104.78,83.35,25.53,98.25,148.99,19.72,52,142.8,37.08
2916,滿心,11.53,5.18,1.14,-2.95,10.87,,,,
2923,鼎固-KY,49.81,16.57,65.23,19.49,32.21,16.58,-18.43,8.43,1.92
2924,東凌-KY,3.63,0.06,0.08,0.29,4.22,-8.04,-4.04,-20.37,-11.49
2926,誠品生活,11.99,12.18,9.39,11.24,6.76,12.18,8.53,11.24,7.67
2929,淘帝-KY,18.94,19.93,20.09,2.71,10.79,14.28,20.24,14.99,12.95
3002,歐格,12.37,11.83,12.85,20.32,14.84,23.4,7.49,9.61,6.4
3003,健和興,10.05,11.84,12,10.7,17.19,12.12,16.3,17.17,14.29
3004,豐達科,16.8,13.36,14.19,11.35,15.14,7.91,10.17,12.63,11.22
3005,神基,7.16,7.01,7.5,8.77,15.84,7.85,8.21,10,8.26
3006,晶豪科,2.65,6.95,7.59,3.33,7.94,4.05,12.85,8.07,8.37
3008,大立光,43.52,43.8,36.74,48.63,53.81,45.19,41.67,52.08,53.5
3010,華立,2.91,3.78,1.97,2.61,2.36,3.18,2.68,3.56,3.61
3011,今皓,-1.94,-6.3,-1.32,4.76,8.58,-9.41,-3.68,-10.32,-13.39
3013,晟銘電,-0.23,-4.08,4.11,6.39,8.41,0.98,3.88,8.69,3.48
3014,聯陽,11.59,10.21,11.36,15.23,9.16,12.01,12.61,14.54,9.78
3015,全漢,7.23,1.28,1.45,2.49,2.89,0.56,-0.23,6.73,1.4
3016,嘉晶,-2.44,1.77,3.33,-2.56,0.18,1.93,5.58,6.27,7.66
3017,奇鋐,3.2,3.29,2.91,3.29,3.47,3.42,3.38,3.62,2.73
3018,同開,-16.98,0.19,-2.66,1.23,2.8,1.83,0.34,0.84,11.03
3019,亞光,-1.89,0.64,2.41,3.03,0.92,0.81,3.78,6.07,1.81
3021,鴻名,5.86,3.77,7.17,6.12,4.79,2.9,7.2,6.08,4.15
3022,威強電,14.12,19.86,18.74,17.39,16.43,16.99,14.89,13.74,6.2
3023,信邦,6.65,9.27,9,9.1,8.37,8.77,10.21,10.01,8.42
3024,憶聲,-14.16,-4.9,-6.57,6.27,117.33,0.96,-1.22,-2.89,11.61
3025,星通,3.54,2.71,3.97,7.75,7.37,-23.24,9.61,-1.81,11.77
3026,禾伸堂,1.09,5.22,3.67,3.67,3,4,4.1,7.14,11.2
3027,盛達,4.99,3.35,7.29,4.38,-12.05,-8.68,-11.38,-4.66,-79.25
3028,增你強,1.6,2.15,0.9,1.01,1.27,1.36,1.16,2.02,1.58
3029,零壹,2.45,1.95,3.59,5.04,4.14,1.14,3.25,4.98,3.44
3030,德律,4.68,14.55,18.65,8.84,11.31,10.09,17.66,22.2,13.61
3031,佰鴻,-12.84,2.18,12.64,7.92,8.73,6.02,11,11.59,13.63
3032,偉訓,8.65,8.46,8.22,4.66,7.18,3.29,3.66,4.64,1.99
3033,威健,1.14,1.25,0.94,0.73,0.74,0.92,0.83,1.69,1.27
3034,聯詠,12,11.13,11.36,10.21,11.19,8.51,10.38,12.54,11
3035,智原,-4.77,5.91,8.74,3.82,2.51,36.4,9.88,9.77,3.65
3036,文曄,1.84,1.48,1.45,1.6,0.44,1.31,1.35,1.51,1.17
3037,欣興,5.13,-1.42,-1.32,-1.89,4.42,0.69,-1.25,-1.9,4.33
3038,全台,7.89,6.66,4.13,4.6,8.55,-5.82,4.66,4.5,3.56
3040,遠見,28.16,103.08,41.82,102.87,23.84,1592.53,52.94,16.74,14.21
3041,揚智,1.61,-2.64,-11.65,-10.52,-44.91,-15.1,-11.03,-12.31,-22.26
3042,晶技,10.2,10.72,9.28,10.37,11.66,15.06,7.97,10.02,10.84
3043,科風,-9.07,-28.65,-6.36,-3.44,11.92,-5.77,-28.22,5.37,6.88
3044,健鼎,7.35,6.74,6.51,8.4,10.92,8.76,9.8,10.62,8.86
3045,台灣大,12.34,12.92,14.48,14.02,11.26,13.73,13.77,13.77,7.69
3046,建,-6.97,-21.19,-43.41,-19.79,-51.67,-22.31,-10.58,2.75,-8.99
3047,訊舟,2.23,1.19,4.83,-1.86,1.97,-4.01,-0.74,-1.45,-6.67
3048,益登,0.43,0.19,0.34,0.61,0.05,0.31,0.46,0.64,0.46
3049,和鑫,-8.86,-74,-149.58,24.04,38.35,6.55,1.66,-22.95,43.58
3050,鈺德,20.72,9.78,14.93,14.53,-3.06,13.7,29.59,31.59,-11.21
3051,力特,-0.45,-17.35,-11.92,-28.71,16.72,-16.4,-2.78,2.25,-20.09
3052,夆典,6.9,1.22,1.64,0.12,2.62,0.48,0.5,0.37,17.03
3054,立萬利,-44.52,55.47,20.84,33.01,3.01,43.22,-24.88,30.95,29.11
3055,蔚華科,65.62,5.31,3.56,1.41,5.24,0.16,2.14,1.77,1.65
3056,總太,15.71,-92.52,24.22,-18.8,-18.6,-7.88,25.93,23.38,-218.05
3057,喬鼎,0.28,-8.69,-10.09,-7.8,-21.31,-25.47,-13.25,-19.24,-79.12
3058,立德,-2.33,1.59,1.72,2.91,1.4,0.28,-0.15,-2.92,-0.05
3059,華晶科,1.09,-1.96,0.04,0.41,2.56,1.17,-0.67,-0.39,0.33
3060,銘異,6.16,0.99,3.31,2.67,3.36,1.92,0.31,0.99,-0.3
3062,建漢,4.76,3.54,3.1,2.06,4.21,0.84,1.89,1.8,1.65
3064,泰偉,-224.64,60.35,-305.35,-526.55,-593.22,-1657.47,-764.26,-1069.63,584.06
3066,李洲,-37.38,-17.46,-45.35,-26.44,-28.64,-3.05,-6.73,-6.48,5.34
3067,全域,-7.53,-47.54,-12.65,-2.9,14.68,-7.69,-3.22,-14.58,-7.17
3068,美磊,6.03,8.65,11.72,15.53,15.12,12.91,10.15,24.52,11.32
3071,協禧,2.39,0.6,4.76,6.44,3.58,6.05,7.42,9.15,5.88
3073,凱柏實業,-174.69,-61.3,10.33,2.82,-51.88,-50.63,-30.14,-56.44,-42.64
3078,僑威,11.69,9.84,11.57,12.96,16.86,6.38,12.41,13.47,11.35
3083,網龍,-97.79,-48.45,-22.78,-22.6,1.4,0.26,0.25,-9.69,-65.35
3085,新零售,12.44,-2.38,-3.28,-10.74,-36.99,-37.02,-21.5,-22.65,-66.09
3086,華義,-39.57,-4.82,-253.4,-141.61,-258.13,-96.23,-153.22,-95.92,-87.66
3088,艾訊,7.84,8.31,7.18,7.63,7.37,2.67,79.87,8.84,4.54
3089,遠昇,-91.31,-62.22,-942.46,-47.07,-3.98,-22.74,-213.26,-8.67,3.93
3090,日電貿,4.48,4.02,4.99,4.17,5.16,6.6,4.89,7.77,8.94
3092,鴻碩,5.49,5.12,9.7,10.29,15.67,11.05,14.83,13.12,12.19
3093,港建,17.99,10.63,8.62,9.29,2.72,0.56,7.6,3.18,0.67
3094,聯傑,22.46,22.52,22.33,17.31,28.98,8.09,23.83,22.75,11.51
3095,及成,1.3,-33.43,-91.41,-230.19,12.75,5.67,4.2,4.55,30.76
3105,穩懋,22.25,25.5,19.75,28.31,17.52,15.13,19.51,26.83,24.03
3114,好德,0.09,-3.91,-0.42,1.5,5.75,-3.48,5.56,4.66,4.07
3115,寶島極,-2.74,-2.49,1.44,-1.77,0.05,5.3,-2.17,6.24,5.56
3118,進階,,,,,,,,,
3122,笙泉,8.89,6.19,6.48,-3.3,6.36,-0.6,-4.07,-12.65,1.8
3126,,,,,,,,,,
3128,昇銳,3.74,0.32,1.91,-0.98,3.9,-3.58,-0.83,1.29,6.39
3130,一零四,21.09,47.49,26.98,23.07,12.82,19.82,21.86,23.4,17.34
3131,弘塑,21.48,18.75,14.67,11.99,26.6,14.56,24.82,21.51,6.98
3141,晶宏,4.79,13.84,15.78,8.31,6.09,1.56,4.92,13.13,8.6
3144,新揚科,0.44,0.54,3.54,5.67,8.89,3.21,7.32,9.49,6.71
3149,正達,-74.91,2.69,-0.76,-27.25,-36.4,2.18,5.15,-2.52,-1.07
3152,璟德,,,,,,,,,
3162,精確,-1.47,-12.68,-8.8,-50.78,-42.04,-23.27,1.33,0.13,-68.62
3163,波若威,-9.77,5.6,7.4,12.4,10.42,6.18,-5.13,-3.85,-2.39
3164,景岳,-46.22,-6.18,-0.31,-6.93,-180.37,-1.86,28.63,14.27,-13.73
3167,大量,-8.9,10.37,7.26,7.98,9.59,2.39,11.52,12.51,10.2
3169,亞信,12.79,6.74,9.68,11.35,10.27,11.71,14.84,15.96,13.66
3171,新洲,1.79,4.77,6.19,4.75,3.78,1.21,2.78,4.04,1.62
3176,基亞,-161.1,-109.13,-170.49,-150.39,-138.69,-107.46,-82.63,-87.17,-129.44
3188,鑫龍騰,,,-56.67,-25.82,-35.84,8.9,9.6,3.95,5.71
3189,景碩,14.54,9.59,10.44,9.94,8.54,2.75,1.29,4.49,0.25
3191,和進,15.02,-48,-58.1,-195.7,-59.14,-15.09,-23.37,-2.16,64.05
3202,樺晟,0.55,-2.33,1.07,3.3,4.82,-1.86,0.12,-2.63,-7.81
3205,佰研,29.15,25.3,22.53,2.03,12.24,-14.85,-9.29,-27.17,-53.33
3206,志豐,2.72,6.25,4.23,-1.64,3.65,3.96,4.42,3.8,0.73
3207,耀勝,-8.23,0.35,1.78,1.79,-0.81,-12.99,-8.92,-8.86,-21.74
3209,全科,2.2,1.02,1.08,0.89,0.59,0.93,0.13,0.96,1.49
3211,順達,3.53,2.57,2.94,2.54,2.8,2.57,1.26,3.88,2.7
3213,茂訊,,6.18,8.1,8.43,22.5,13.6,16.66,9.23,13.8
3217,優群,4.28,5.26,8.74,18.78,16.01,7.04,15.21,22.23,14.28
3218,大學光,7.29,2.54,9.64,4.35,16.88,4.16,11.9,14.57,12.94
3219,倚強,-6.75,8.76,3.52,-53.88,-78.78,-111.26,13.37,4.92,-0.56
3221,台嘉碩,7.46,8.06,7.93,1.82,4.29,-4.09,2.96,4.3,3.42
3224,三顧,-0.44,-3.08,-4.05,-5.93,-0.37,-2.03,1.85,-1.62,3.08
3226,至寶電,19.64,13.1,11.97,6.94,19.11,1.71,11.6,12.31,13.75
3227,原相,6.75,2.46,2.58,2.9,5.84,7.41,14.54,16.76,15.04
3228,金麗科,,,,,,,,,
3229,晟鈦,-8.91,-0.58,-45.88,-59.76,-30.19,-14.74,16.77,-3.67,-14.92
3230,錦明,0.32,-15.09,-19.54,-10.07,-0.97,-8.1,-8.88,-24.41,-73.3
3231,緯創,-0.07,0.28,0.42,0.3,0.69,0.32,0.42,0.43,0.61
3232,昱捷,-10.78,-5.21,-11.84,-8.29,-8.52,-4.69,3.99,4.03,1.33
3234,光環,20.12,16.4,13.6,-2.97,-7.08,-24.97,-30.9,-63.65,-33.01
3236,千如,4.58,5.01,8.42,6.37,6.25,4.77,8.45,9.95,7.77
3252,海灣,1668.59,-15.69,-42.25,21.46,-56.53,-44.45,4.83,-14.69,-36.29
3257,虹冠電,12.64,11.75,24.76,14,8.43,2.26,18.15,13.16,2.78
3259,鑫創,-29.06,-13.03,-23.37,-12.83,3.74,-19.28,-36.51,-16.9,7.61
3260,威剛,2.34,2.46,1.74,6.01,10.41,9.79,4.07,8.98,0.18
3264,欣銓,12.35,8.3,15.67,16.84,14.95,12.62,13.46,19.57,18.53
3265,台星科,-33.2,-13.36,11.89,7.21,62.49,36.62,-14.43,12.26,55.52
3266,昇陽,0.72,-2.16,-7.27,-16.23,27.58,-2.12,-3.43,-10.93,17.86
3268,海德威,-2.64,-8.71,1.2,-7.91,-0.34,-16.06,0.58,-4.98,-5.23
3272,東碩,8.12,3.55,5.06,3.42,9.21,0.18,7.58,6.05,2.55
3276,宇環,0.5,-4.67,-3.5,8.62,13.54,0.33,2.81,2.02,1.56
3284,太普高,2.82,4.1,4.93,6.26,14.8,25.77,6.42,9.45,2.09
3285,微端,2.11,1.57,3.66,2.48,7.17,-0.06,5.34,0.94,1.25
3287,廣寰科,-13.52,-18.87,-15.36,-3.05,-1.01,-7.21,-20.02,-8.69,4.21
3288,點晶,-58.87,-46.15,-92.12,-46.86,-42.41,-17.6,-16.65,1.75,21.73
3289,宜特,13.42,14.52,14.22,7.27,3.53,5.56,9.9,4.64,6.69
3290,東浦,-2.33,-5.77,-3.05,0.91,9.45,2.27,0.18,1.52,1.06
3291,遠翔科技股份有限公司(下櫃),,,,,,,,,
3293,鈊象,20.45,29.18,29.16,22.08,26.53,20.25,28.21,32.45,27.86
3294,英濟,1.31,-5.87,2.4,5.11,5.7,-2.66,4.13,9.78,2.77
3296,勝德,3.57,-5.12,5.34,3.8,10.52,-3.6,-0.14,1.7,1.41
3297,杭特,6.56,8.5,2.11,-13.67,-15.41,-33.48,-12.9,-24.75,-27.88
3299,帛漢,10.88,11.8,12.62,11.93,15.75,12.41,14.22,12.39,13.8
3303,岱稜,6.66,6.92,8.54,5.46,8.21,0.55,-14.56,5.11,9.33
3305,昇貿,2.32,5.85,6.99,5.64,2.36,2.02,2.19,1.56,1.22
3306,鼎天,1.57,1.97,8.7,1.11,-10.02,-3.97,-3.04,-3.21,-5.49
3308,聯德,-6.6,15.73,-2.4,-13.28,-2.31,-12.39,-3.75,1.85,-9.94
3310,佳穎,11.77,10.09,4.94,-7.6,97.2,-3.3,-3.39,1.14,11.14
3311,閎暉,-1.03,-11,0.27,-3.35,-4.29,-12.18,-5.22,1.45,-0.12
3312,弘憶國際,-6.49,0.48,1.61,0.77,-0.02,0.48,-14.47,1.92,1.37
3313,斐成,-27.7,-8.58,-10.93,-4.91,-17.72,-20.87,-1.7,4.87,-2.33
3315,宣昶(下市),,,,,,,,,
3317,尼克森,1.15,1.28,4.36,1.06,4.52,1.39,1.28,8.19,3.16
3322,建舜電,-6.41,-4.88,-6.98,-2.61,-3.02,-5.75,-1.62,-6.35,-5.18
3323,加百裕,1.3,0.22,-0.12,2.11,2.95,0.76,3.61,2.9,2.53
3324,雙鴻,4.72,7.76,9.07,9.31,11.39,0.65,5.93,7.21,1.89
3325,旭品,4.32,0.34,-0.82,2.58,7.63,-6.62,-14.22,-2.85,-5.4
3332,幸康,5.88,11.12,8.82,13.01,7.41,14.3,17.72,17.68,13.34
3338,泰碩,7.68,2.79,4.95,7.61,9.48,-1.96,3.86,3.8,-1.36
3339,泰谷,-195.22,-52.04,-36.46,-66.99,-4.59,-22.85,-13.04,0.91,-0.91
3354,律勝,3.79,-14.47,-10.21,-3.11,30.39,-35.52,8.89,17.23,15.8
3356,奇偶,11.77,9.54,10.59,2,6.85,-23.97,-3.23,-1.45,-15.68
3360,尚立,0.2,0.73,0.39,0.89,0.78,0.56,0.13,-0.97,-3.08
3362,先進光,-13.16,-1.26,1.64,8.3,14.02,-3.09,13.51,14.82,2.8
3363,上詮,-22.38,34.05,0.12,7.1,7.11,9.47,5.2,6.18,-7.12
3372,典範,,,,,,,,,
3373,熱映,7.97,8.9,8.99,2.43,-8.77,0.29,6.75,2.71,-2.38
3374,精材,,,,,,,,,
3376,新日興,18.35,11.15,9.79,11.12,20.25,4.04,10.79,11.62,6.05
3379,彬台,5.8,-16.28,-2.53,-24.08,11.97,-26.5,-17.15,-16.28,19.64
3380,明泰,-2.14,1.5,4.84,1.91,2.37,3.61,2.88,3.31,1.61
3383,新世紀,-204.11,-104.88,-121.05,-98.22,-413.37,-85.28,-45.08,-37.09,-39.08
3388,崇越電,3.57,3.24,4.32,5,3.4,4.24,4.05,5.48,4.39
3390,旭軟,5.4,-7.3,-4.5,-8.5,11.26,-14.79,7.26,12.48,-5.24
3402,漢科,0.19,6.06,6.84,5.01,4.85,3.92,7.56,5.62,6.71
3406,玉晶光,-5.46,-27.36,-16.53,5.44,14.93,0.53,10.46,13.19,21.37
3416,融程電,13.19,14.32,16.59,12.35,11.57,8.62,8.78,9.17,11.24
3419,譁裕,-1.11,-6.96,1.76,6.78,8.94,1.77,2.12,1.48,-23.07
3428,光燿科,20.56,17.99,5.42,12.14,16.84,-4.36,20.81,25.35,6.43
3431,長天,-36.76,-35.35,-11.89,-10.06,-39.53,169.81,-40.24,-42.18,-63.31
3432,台端,1.8,-0.74,0.15,-4.2,18.07,-50.59,17.43,12.67,-17.49
3434,哲固,3.08,1.29,2.5,2.27,5.45,-3.4,1.41,-0.24,2.64
3437,榮創,6.5,2.3,-2.52,2.13,1.38,-1.43,0.16,6.06,0.67
3438,類比科,-2.08,1.54,-4.24,-7.96,0.67,-6.1,-2.52,-1.92,-3
3441,聯一光,3.98,-8.13,-15.35,-5.36,3.94,-7.07,0.17,3.29,0.57
3443,創意,8.58,7.19,5.26,5.65,5.63,5.94,6.44,4.86,10.22
3444,利機,5.73,3.26,6.03,3.52,6.92,4.31,4.6,5.94,6.44
3450,聯鈞,17.77,14.85,15.83,12.13,15.06,6.69,11.27,11.47,11.84
3452,益通,-12.78,-0.22,-11.83,-72.61,-27.63,-16.72,-13.15,-13.99,-241.71
3454,晶睿,7.74,8.33,12.18,9.21,13.2,3.49,8.19,8.44,8.48
3455,由田,12.47,-13.13,-11.7,15.74,22.38,-21.51,15.38,5.91,10.1
3465,祥業,-11.67,-60.29,-28.66,1.77,21.08,-28.4,-55.19,-128.62,-125.05
3466,致振,-8.65,-0.56,1.12,-5.27,4.79,-2.31,-5.04,-13.51,-13.59
3474,華亞科(下市),3.86,-14.43,-16.29,6.38,,,,,
3479,安勤,7.11,7.37,7.77,5.94,4.02,2.48,3.48,7.33,5.16
3481,群創,-8.25,-15.21,-5.2,4.11,12.16,13.78,14.34,11.01,5.43
3483,力致,4.83,-1.22,3.24,3.49,7.63,-2.63,-3.09,2.06,3.06
3484,崧騰,6.99,5.3,3.51,6.41,5.25,4.55,3.81,5.08,4.58
3489,森寶,-19.88,5.33,3.56,15.86,12.13,-3.67,6.14,8.55,-22.89
3490,單井,6.13,32.72,-9.17,-21.13,-26.71,-46.7,11.59,12.63,-14.74
3491,昇達科,13.15,10.45,13.41,14.11,19.5,15.07,18.31,9.57,4.79
3494,誠研,-1.25,3.02,-6.05,-15.98,-15.79,-16.04,-6.02,-35.75,-64.56
3498,陽程,12.37,15.7,0.97,-14.44,4.18,2.03,10.42,3.36,-0.26
3499,環天科,0.22,-12.6,0.67,-3.46,11.01,-9.87,12,3.62,-8.64
3501,維熹,12.45,14.41,11.43,12.81,18.69,9.23,12.49,12.67,7.73
3504,揚明光,1.55,-7.05,-7.68,-2.86,-2.25,-7.75,-4.26,-3.25,0
3508,位速,-32.6,-26.54,-85.2,-78.75,-68.36,-68.64,-33.92,4.25,38.88
3511,矽瑪,-5.97,-6.23,-11.83,-25.94,-7.32,-13.72,-5.96,-2.35,-23.86
3512,能緹,5.92,-23.27,-21.2,-5.6,-13.39,-12.78,1.87,0.26,-4.91
3514,昱晶,8.82,10.69,2.02,-118.2,-10.23,-22.82,-10.65,0.05,-9.62
3515,華擎,2.86,4.17,0.95,3.35,0.47,4.82,3.4,7.26,4.81
3516,亞帝歐,-33.72,-7.82,-9.07,-9.76,-61.82,3.12,-0.02,4.24,-1.06
3518,柏騰,-48.42,-27.95,-70.87,-34.41,-64.39,-43.47,-27.99,-36.38,-39.66
3519,綠能,-0.55,7.37,3.36,-35.11,-19.75,-8.66,-17.33,-1.23,2.78
3520,振維,-6.04,-9.43,-7.17,-5.55,-13.89,-11.01,-6.25,-12.7,-16.41
3521,鴻翊,,,,,,,,,
3522,宏森,-12.4,-2.63,0.19,-2.5,-9.1,-6.57,-20.17,-21.84,7.87
3523,迎輝,-114.36,-67.18,-76.48,-94.51,-153.99,-110.11,-130.4,1340.16,-754.53
3526,凡甲,12.65,13.42,13.32,23.38,29.41,7.34,13.61,9.21,12.09
3527,聚積,4.29,8.44,9.24,8.45,5.54,4.57,2.2,7.16,6.31
3528,安馳,,,,,,,,,
3529,力旺,42.57,51.9,37.94,42.12,43.22,44.89,40.82,50.48,36.56
3531,先益,3.09,2.6,3.55,7.64,7.88,6.08,10.48,9.92,7.86
3532,台勝科,5.85,5.34,9.09,4.76,7.83,9.88,17.14,21.37,21.42
3533,嘉澤,9.85,4.35,3.44,8.78,13.18,9.17,8.86,12.25,6.27
3535,晶彩科,11.04,-8.28,-4.73,-18.02,15.48,-38.39,-18.62,-12.85,0.54
3536,誠創,-5.55,-4.27,-5.84,-2.62,13.59,2.61,1.76,0.58,-1.77
3537,堡達,0.92,0.85,0.99,1.93,4.33,0.86,3.89,6.01,4.56
3540,曜越,3.72,3.67,2.03,3.01,1.87,3.51,2.52,4.53,2.6
3541,西柏,14.66,10.07,15.73,12.78,16.54,9.34,13.71,14.44,12.32
3545,敦泰,1.07,-4.29,2.4,3.04,5.42,-0.18,1.34,4.26,-9
3546,宇峻,12.62,12,11.05,17.97,25.39,9.65,22.02,16.67,20.24
3548,兆利,5.36,5.27,8.46,8.27,4.56,7.15,6.72,6.2,5.56
3550,聯穎,1.53,-0.35,5.54,2.18,4.49,0.66,3.71,4.56,3.72
3551,世禾,7.49,7.52,11.42,4.78,4.82,6.16,11.66,12.92,4.91
3552,同致,11.96,14.51,11.77,11.12,10.84,4.09,6.95,3.82,6.85
3553,,,,,,,,,,
3555,重鳥鵬,-183.94,16.45,26.6,-12.24,7.71,6.24,27.67,15.37,90.31
3556,禾瑞亞,19.9,19,16.65,14.46,14.28,18.35,21.49,20.53,12.23
3557,嘉威,-12.57,-21.05,-16.7,-25.39,-18.12,-223.01,-194.92,-439.34,-985.72
3558,神準,9.92,9.32,8.91,7.48,7.94,5.52,4.13,5.64,6.41
3559,全智科(下市),,,,,,,,,
3561,昇陽光電,2.8,8.11,2.52,-21.78,-26.15,-25.25,-15.48,-9.2,-11.46
3562,頂晶科,-1.46,-22.81,-65.33,-19.44,-10.86,-94,-31.26,-3.15,-43.52
3563,牧德,16.6,18.97,21.62,28.74,26.17,25.94,30.85,31.09,37.53
3564,其陽,7.04,4.17,8.71,4.14,4.55,-16.87,-9.89,-7.26,-2.18
3567,逸昌,,,,,,,,,
3570,大塚,10.85,6.12,5.87,11.47,10.99,4.54,-2.65,6.61,6.72
3573,穎台(下市),,,,,,,,,
3576,新日光,1.99,1.84,-20.76,-62.2,-115.25,-59.46,-26.04,-69.05,-17.27
3577,泓格,13.74,6,13.89,24.59,16.55,7.73,11.01,16.33,11.74
3579,尚志,-10.98,1.44,0.12,-20.33,-8.24,-3.46,-4.67,-1.9,-0.79
3580,友威科,-9.97,-18.93,-23.5,5.66,3.51,-10.49,8.82,23.67,18.05
3581,博磊,13.29,2.3,7.74,1.61,10.57,0.72,5.04,15.78,2.99
3583,辛耘,8.87,8.96,9.59,6.55,8.34,2.7,8.09,9.74,13.63
3584,介面光電(下市),,,,,,,,,
3587,閎康,16.25,14.66,17.72,17.57,13.08,6.91,15.96,11.27,15.52
3588,通嘉,7.53,8.87,6.68,8.33,9.83,0.74,0.89,4.95,0.83
3591,艾笛森,-17.65,-4.25,-5.44,2.27,-2.89,-3.2,-4.41,-6.51,-15.29
3593,力銘,-44.91,-17.26,-19.59,-2.37,-64.98,-17.44,0.33,7.73,3.05
3594,磐儀,7.17,0.04,1.51,-8.06,6.73,-21.76,9.49,58.64,-12.97
3596,智易,4,4.22,7.87,5.77,4.37,1.04,4.66,3.86,2.48
3598,奕力(下市),4.23,1.22,,,,,,,
3605,宏致,3.56,0.28,1.26,5.35,7.12,-1.37,1.94,4.34,-0.44
3607,谷崧,5.3,-12.21,-6.19,-3.32,-0.87,-16.48,-6.36,0.66,-6.02
3609,東林,-40.85,-7.46,4.49,-0.55,-30.31,0.21,4.63,2.24,1.04
3611,鼎翰,19.11,15.35,17.59,14.39,15.89,13.46,18.51,16.84,17.57
3615,安可,-3.23,-10.98,1.23,16.1,5.38,2.17,8.28,8.19,3.77
3617,碩天,8.26,7.63,11.57,9.66,12.06,3.06,11.33,10.11,4.39
3622,洋華,-443.45,-12.94,-9.12,-11.66,-7.13,-35.61,5.87,27.71,5.46
3623,富晶通,,,,,,,,,
3624,光頡,2.45,4.41,9.54,-0.02,4.65,-4.33,10.15,8.13,4.28
3625,西勝,3.6,0.72,7.5,11.88,9.79,4.57,6.91,7.03,5.9
3628,盈正,6.19,-3.1,6.44,1.24,9.79,-0.62,3.32,4.23,6.16
3629,地心引力,-62.48,-32.99,-123.02,-123.43,-207.04,-78.71,-230.31,-69.91,-77.22
3630,新鉅科,-54.67,-85.8,-55.78,-56.06,-18.43,-22.24,-62.22,-80.47,-82.84
3631,晟楠,-223.79,10.89,-6.37,0.2,5.18,-27.11,1.25,2.18,-0.12
3632,研勤,1.77,-4.44,-9.56,-26.58,-10.32,-18.64,-5.36,0.12,-4.41
3642,駿熠電,-16.68,-30.15,-23.77,-16.34,-45.21,-23.4,-44.06,-56.82,-44.75
3645,達邁,3.13,-13.93,9.39,23.96,19.12,16.81,10.65,17.91,13.69
3646,艾恩特,-3.76,1.83,13.87,9.12,7.7,6.21,-2.18,4.59,13.42
3652,精聯,4.19,-1.7,2,3.52,2.16,-1.4,1.58,4.85,0.81
3653,健策,0,4.81,9.17,3.5,11.06,0.59,9.96,11.41,3.23
3658,漢微科(下櫃),,,,,,,,,
3661,世芯-KY,8.52,0.92,-29.78,-2.82,4.7,4.87,7.92,6.12,11.11
3662,,,,,,,,,,
3663,鑫科,-9.37,1.94,2.74,1.85,0.87,-0.12,1.63,2.27,0.39
3664,安瑞-KY,-13.85,-35.99,-27.46,-15.73,21.5,-32.17,-65.71,0.14,10.86
3665,貿聯-KY,9.15,8.08,9.17,10.59,11.34,8.4,8.11,6.79,7.14
3666,光耀,12.37,4.73,0.65,-2.26,7.72,-16.31,6.91,13.67,6.56
3669,圓展,-2.11,0.87,8,10.73,4.89,0.84,2.77,7.65,-3.7
3673,TPK-KY,2.95,0.24,-14.63,2.61,1.2,2.88,1.46,2.85,1.8
3675,德微,8.12,6.91,9.69,8.58,10.77,8.17,11.28,10.11,9.18
3679,新至陞,12.12,9.47,15.48,15.54,16.87,12.47,10.4,11.63,9.05
3680,家登,4.87,-5.4,1.43,0.77,8.34,19.84,-15.1,-0.49,2.45
3682,亞太電,11.63,-25.72,-41.58,-39.4,-37.73,-26.85,-18.45,-22.24,-47.64
3684,榮昌,17.82,8.77,12.89,8.83,21.6,6.86,15.45,14.74,11.62
3685,元創精密,-186.12,-1.82,24.83,3.09,7.7,-13.48,-4.96,1.31,63.34
3686,達能,,,,,,,,,
3687,歐買尬,-17.1,-10.8,-30.93,-31.49,-40.42,-24.2,-10.63,-5.11,-18.52
3689,湧德,2.41,1.07,1.9,5.14,8.69,4.95,6.88,6.31,4.48
3691,碩禾,14.63,13.43,9.77,18.1,0.5,1.75,5.04,3.32,-17.33
3693,營邦,5.75,1.7,0.95,5.11,7.16,-6.15,-10.11,-3.66,-3.32
3694,海華,3.16,0.94,0.2,2.44,1.13,-1.84,1.7,1.47,0.16
3698,隆達,0.93,-0.52,-3.43,-0.93,-16.65,0,1.62,1.32,1.43
3701,大眾控,-5.56,0.63,1.26,1.56,1.02,7.65,0.79,-0.08,-1.98
3702,大聯大,0.87,1.28,1.16,1.31,0.24,1.55,1.39,1.38,1.19
3703,欣陸,5.19,-0.3,-6.79,3.8,8.4,5.06,6.23,9.6,-5.53
3704,合勤控,-1.63,2.72,0.48,-1.13,2.87,-6.45,-2.22,0.52,-4.11
3705,永信,19.42,9.85,19.71,6.39,6.48,10.78,8.6,6,6.12
3706,神達,3.15,1.79,5.32,6.32,7.62,5.03,4.55,5.6,6.1
3707,漢磊,-28.19,-11.01,-6.71,-10.55,-8.31,-7.72,-1.43,-0.35,0.5
4102,永日,,,,,,,,,
4103,百略,9.04,7.05,9.14,12.77,9.53,4.02,10.89,12.93,9.57
4104,佳醫,6.53,8.74,5.45,6.11,4.96,8.6,6.5,6.01,5.17
4105,東洋,74.3,30.75,36.98,22.72,36.22,23.37,26.2,26.6,52.01
4106,雃博,8.71,9.26,6.31,6.13,3.01,5.63,9,4.09,3.9
4107,邦特,19.32,26.12,27.46,22.87,25.32,14.62,20.5,25.77,23.97
4108,懷特,-687.82,-1967.51,-848.56,-433.88,-623.72,-546.12,-317.48,-196.4,-564.76
4109,穆拉德加捷,6.35,5.11,0.74,-4.66,4.11,2.33,-8.2,-16.91,-144.5
4111,濟生,0.66,4.13,6.94,8.41,10.37,8.44,7.75,8.77,6.29
4113,聯上,,,,,,,,,
4114,健喬,-2.49,35.4,1.35,1.3,-4.34,0.14,-5.34,1.99,4.04
4119,旭富,17.5,24.31,25.16,19.81,13.2,15.65,13.97,11.45,17.77
4120,友華,2.67,13.4,5.83,6.36,10.2,13.16,8.74,12.14,0.99
4121,優盛,-2.81,-0.73,-2.04,-0.85,6.53,-4.17,2.85,3.09,1.02
4123,晟德,15.23,-1.81,-1.43,5.82,-1.62,-0.55,-0.45,1,4.09
4126,太醫,24.65,22.98,20,18.63,16.45,14.34,12.39,17.01,10.44
4127,天良,-1.24,2.2,-4.7,-11.25,-16.23,-10.26,-211.49,69.08,-1.98
4128,中天,4.93,-26.72,-15.73,-9.29,-18.43,212.98,-32.52,71.46,-79.39
4129,聯合,6.79,23.47,10.88,-3.02,9,-0.99,15.54,4.63,4.63
4130,健亞,2.52,24.71,5.08,7.05,1.69,13.94,62.87,28.6,39.91
4131,晶宇,,,,,,,,,
4133,亞諾法,9.06,12.44,11.85,7.76,16.79,9.91,13.92,13.8,11.93
4137,麗豐-KY,29.74,29.37,21.05,18.25,15.11,12.93,20.8,19.33,17.54
4138,曜亞,9.38,10.36,9.15,9.96,9.59,10.02,10.06,9.42,9.6
4139,馬光-KY,-6.13,-8.35,-7.75,-4.83,-6.33,0.15,3.23,4.34,8.09
4141,龍燈-KY,11.18,12.96,2.99,-1.87,7.93,-8.11,-5.99,0.62,4.07
4142,國光生,-264.22,-328.73,-94.37,-83.79,-71.91,-259.81,-297.84,-49.54,-143.57
4144,康聯-KY,3.56,10.61,6.81,8.59,5.17,12.02,7.67,11.03,6.07
4152,台微體,-1289.87,-1747.33,-1565.55,-2408.25,-2134.09,-1347.73,-1898.95,-1671.62,-2118.36
4153,鈺緯,8.28,-1.42,8.35,-6.39,-37.69,-33.85,12.66,-100.46,-26.14
4154,康樂-KY,-9.27,5.7,-7.86,21.12,-12.27,-9.05,-6.3,-5.46,-13.33
4157,太景*-KY,-625.82,-547.69,-70.63,-267.14,-101.34,-453.11,184.07,-537.08,-4986.85
4160,創源,-13.46,-0.15,-4.4,1.76,-8.01,7.34,0.56,4.11,0.14
4161,聿新科,7.88,-6.52,8.48,-0.91,4.48,-21.86,3,-2.52,-6.16
4162,智擎,-2147.05,-2710.91,64,-3287.46,76.49,-1146.26,-121.79,-12.28,70.31
4163,鐿鈦,17.76,15.42,21.04,13.24,18.19,4,9.48,11.41,8.22
4164,承業醫,12.78,1.25,2.3,3.81,15.41,12.63,4.38,4.92,-32.7
4168,醣聯,-1724.52,-12970.64,-28280.85,,-95172.22,-6798.84,-42950.56,,-36676.11
4171,瑞基,-27.16,-16.61,-4.35,-25.46,-64.02,-41.05,6.69,-16.98,-76.63
4173,久裕,1.93,1.66,3.2,0.91,2.46,0.15,0.53,-1,1.98
4174,浩鼎,,,-126.74,,-770922.3,,-76488.52,,-3586580
4175,杏一,2.86,2.87,2.54,2.19,2.35,1.76,1.31,2.4,2.84
4180,安成藥,-52.19,-121.81,-89.41,-111.3,227.67,-213.31,200.38,-17.72,-86
4188,安克,,,,,,,,,
4192,杏國,-989.03,-3315.35,-3481.4,-3400.12,218.31,-3442.87,-2764.41,-3140.4,-3405.59
4198,環瑞醫,-91.31,-123.16,-88.23,-147.47,-113.14,-99.79,-80.76,-106.46,-74.64
4205,中華食,,,,,,,,,
4207,環泰,1.28,1.28,4.6,4.69,8.5,8.92,2.08,8.68,3.8
4303,信立,5.49,4.72,2.33,6.62,0.23,1.87,934.77,0.85,-12.61
4304,勝昱,-37.07,5.12,-13.23,-15.77,-10.97,-13.48,-17.43,-13.76,-22.58
4305,世坤,,,,,,,,,
4306,炎洲,1.12,1.67,-0.63,-0.76,-2.06,-0.34,2.75,2.54,6.29
4401,東隆興,11.38,12.18,12.19,11.79,10.6,12.91,12.44,11.37,8.06
4402,福大,-36.51,-19.53,-24.59,117.01,-16.03,-30.57,-41.59,-38.42,13.3
4406,新昕纖,,,,,,,,,
4413,飛寶企業,,,,,,,,,
4414,如興,-51.42,-5.81,-2.78,-14.97,-18.59,-18.32,-15.07,2.44,-5.32
4415,台原藥,275.02,-746.94,-679.67,-135.4,-304.01,-944.53,-97.98,-590.18,-468.32
4416,三圓,-1.04,-19.87,-171.95,-76.12,27.81,-58.05,-194.04,-334.02,-88.83
4417,金洲,6.71,12.79,17.98,19.2,9.33,9.95,7.5,4.77,10.69
4419,元勝,,,,,,,,,
4420,光明,,,,,,,,,
4426,利勤,24.04,34.31,15.79,33.69,27.31,9.47,12.53,13.19,8
4429,聚紡,-12.83,6.72,-2.32,-0.62,-0.79,-2.66,0.92,-8.17,-25.64
4430,耀億,3.92,6.67,1.84,-0.5,9.99,6.12,-1.92,-4.82,3
4432,銘旺實,7.57,8.89,7.5,4.14,4.9,1.38,6.84,3.92,0.33
4433,興采,3.52,1.71,5.41,0.07,0.31,-2.38,2.32,0.25,1.83
4502,健信,6.37,0.18,2.8,0.2,2.75,6.02,9.86,4.46,3.07
4503,金雨,-6.39,12.74,8.21,0.23,1.22,11.38,14.11,15.51,4.28
4506,崇友,6.11,15.94,16.04,15.68,10.45,29.56,14.51,16.47,13.1
4510,高鋒,-2.88,0.15,5.93,5.47,1.03,-1.11,3.22,7.9,-1.56
4513,福裕,-7.15,-7.21,-2.71,-7.82,-0.93,-0.93,-4.35,4.69,3.18
4523,永彰,5.85,-3.04,2.27,4.67,-2.97,-12.31,-2.63,-7.02,-8.9
4526,東台,0.31,-1.03,1.97,-1.18,1.59,-5.8,-1.28,1.33,-4.49
4527,方土霖,10.85,4.89,8.43,10,10.43,6.18,6.58,7.01,8.12
4528,江興鍛,11.24,10.05,9.09,10.18,12.39,14.76,14.48,13.91,11.19
4529,淳紳,-2932.83,-1231.31,-18.19,-2997.7,-13016.56,-845.94,-1850.27,-6262.48,-8486.09
4530,宏易,-868.63,-296.26,-340.15,2224.41,5.88,-180.9,-28.65,-29.66,-17.59
4532,瑞智,3.11,6.89,10.16,7.25,5.23,5.42,6.26,3.74,5.01
4533,協易機,-0.05,5.07,5.06,5.01,0.81,-3.47,4.72,3.18,3.05
4534,慶騰,6.38,-0.52,5.77,7.94,8.53,-1.59,2.06,10.94,2.83
4535,至興,6.78,8.25,7.23,7.56,8.06,7.33,7.63,8.05,5.59
4536,拓凱,8.37,11.62,11.07,11.35,16.24,1.16,13,8.88,5.69
4541,晟田,,,,,,,,,
4542,科嶠,-33.79,-44.45,-13.87,-23.32,12.7,-16.37,25.54,18.35,4.56
4549,桓達,14.65,25.2,12.36,14.17,25.35,11.05,24.39,18.68,18.72
4550,長佳,1.01,5.52,10.42,3.82,0.73,-6.23,5.97,3.79,7.87
4609,唐鋒,-3.71,-0.58,0.18,4.38,-12.4,-29.47,-22.84,0.75,-4.21
4702,中美實,-6.88,-14.34,-10.41,-12.44,-450.69,-12.95,-27.44,-15.05,-630.25
4703,,,,,,,,,,
4706,大恭,10.69,8.09,11.78,9.45,9.3,7.06,9,9.99,4.87
4707,磐亞,2.83,10.82,11.25,19.93,16.56,,,,
4711,永純,6.23,8.68,10.57,7.23,9.51,7.84,2.68,5.1,2.83
4712,南璋,-51.5,-12.91,-17.56,-5.28,-12.11,-13.34,-36.27,-8.27,-17.31
4714,永捷,-2.34,4.71,3.64,15.38,2.65,0.17,0.13,-2.67,-3.6
4716,大立,6.36,1.91,4.39,2.08,3.9,-0.07,1.48,3.94,1.49
4720,德淵,2.53,2.76,3.18,2.34,3.72,-0.86,2.47,1.76,0.52
4721,美琪瑪,4.3,6.32,6.28,3.7,7.63,1.33,10.34,5.09,3.16
4722,國精化,8.74,8.65,7.93,6.66,6.38,4.29,6.41,7.81,5.13
4725,信昌化,,,,,,,,,
4726,永昕,,,,,,,,,
4728,雙美,-123.8,9.39,-81.68,8.57,23.59,7.84,9.19,8.5,9.14
4729,熒茂,9.5,10.37,8.35,9.04,3.26,12.83,22.13,24.45,14.56
4733,上緯企業(下市),,,,,,,,,
4735,豪展,6.14,7.11,3.02,8.99,9.52,8.44,10.32,11.08,6.84
4736,泰博,16.05,19.68,18.06,10.52,14.22,5.91,7.38,18.02,18.47
4737,華廣,8.17,3.76,9.25,12.19,13.64,6.77,6.92,10.79,8.19
4739,康普,2.65,12.63,4.27,3.21,1.82,7.35,7.21,9.17,9.12
4743,合一,,,,4463.77,-2841.64,,,-6945.32,-4005.73
4745,合富-KY,21.63,6.78,5.67,4.32,6.73,4.37,8.91,3.86,5.82
4746,台耀,12.69,14,16.27,12.54,17.56,8.91,17.92,6.22,4.28
4747,強生,,,,,,,,,
4755,三福化,6.92,4.88,10.28,7.71,6.68,8.08,10.35,11.54,8.7
4903,聯光通,2.05,-2.55,-4.67,-5.79,2.28,-10.74,-4.46,-4.25,5.4
4904,遠傳,8.22,12.6,13.03,13.75,9.03,12.62,13.3,12.48,9.07
4905,台聯電,225.03,459.07,256.63,448.66,-16.07,206.91,1461.58,1718.25,1178.27
4906,正文,-0.1,1.51,4.06,5.47,4.13,4.88,1.31,5.64,-2.58
4907,富宇,,,,,,,,,
4908,前鼎,,,,,,,,,
4909,新復興,15.54,13.93,9.69,9.9,16.47,0.61,11.9,7.08,5.96
4911,德英,,,,,,,,,
4912,聯德控股-KY,6.42,-8.09,5.45,7.17,1.52,3.46,7.7,8.59,7.08
4915,致伸,2.56,2.99,3,3.04,2.99,3.25,3.34,4.13,2.93
4916,事欣科,-4.66,6.02,5.29,7.96,3.91,0.87,4.52,1.03,0.6
4919,新唐,3.65,4.26,11.7,6.7,6.19,4.29,10.3,8.49,6.3
4924,欣厚-KY,-30.08,-22.32,-20.26,-7.46,-5.35,-10.04,-4.48,-3.24,-1.62
4927,泰鼎-KY,6.66,5.49,5.92,4.25,-3.07,2.72,0.17,0.23,0.12
4930,燦星網,-0.81,0.77,0.92,0.43,-0.64,-0.83,-2.83,-1.62,0.33
4933,友輝,7.38,2.29,5.56,4.82,7.54,-3.84,3.56,3.11,1.03
4934,太極,8.05,8.8,3.95,-31.45,-13.67,-22.85,-30.89,-1.07,-13.62
4935,茂林-KY,13.6,13.14,15.34,15.32,7.73,6.05,5.81,4.7,2.23
4938,和碩,1.65,1.6,1.78,1.7,1.63,1.62,1.43,1.08,0.99
4939,亞電,-11.31,-11.86,-8.8,4.72,12.43,5.59,8,9.28,6.14
4942,嘉彰,-6.04,5.62,7.65,6.02,2,3.5,5.88,1.33,4.96
4944,兆遠,-94.65,-58.9,-69.95,-32.97,-32.99,-35.43,-58.14,-31.13,-43.75
4946,辣椒,-213.55,-15.87,-36.68,-20.41,7.95,2.45,70.64,2.46,15.53
4947,昂寶-KY,20.77,14.29,23.18,22.52,19.7,12.85,18.13,22.06,18.96
4950,牧東,-57.45,52.46,6.12,12.09,50.89,-78.17,-57.25,-17.33,-115.94
4952,凌通,11.09,11.08,15.81,12.08,9.93,7.97,13.75,11.45,11.23
4953,緯軟,-7.77,1.97,1.72,2.12,3.95,2.15,3.76,3.66,5.81
4956,光鋐,-13.9,-16.32,3.17,7.88,5.12,0.72,7.2,8.2,3.82
4958,臻鼎-KY,9.95,2.02,2.05,6.42,4.79,2.02,1.24,5.42,6.55
4960,奇美材,3,-15.41,-18.68,-16.48,-6.9,-16.39,-9,-11.42,-6.65
4965,商店街,2.94,1.59,1.66,0.65,0.68,-1.75,-20,-104.32,-220.24
4966,譜瑞-KY,13.48,15.27,15.65,14.52,14.15,15.8,17.26,24.59,16.44
4971,IET-KY,8.12,10.32,14.73,9.5,12.03,9.07,17.9,14.09,16.38
4972,湯石照明,12.73,13.23,11.25,11.16,6.48,8.16,9.43,13.81,16.66
4973,廣穎,5.44,3.32,2.82,1.57,5.09,0.49,0.25,2.2,-1.2
4974,亞泰,5.04,0.39,8.52,10.61,10.87,6.44,9.41,8.55,8.02
4976,佳凌,,,,,,,,,
4977,眾達-KY,16.56,16.35,17.65,14.86,18.94,17.94,16.45,0.07,21.91
4979,華星光,14.34,9.57,-6.19,-21.57,-18.48,-38.58,-43.99,-24.63,-55.26
4984,科納-KY,16.94,24.04,24.92,25.84,13.29,4.54,1.45,1.73,-31.49
4987,科誠,9.13,11.2,9.76,10.22,12.8,8.29,16.25,12.59,10.63
4991,環宇-KY,16.95,3.64,17.16,26.05,17.12,23.87,14.4,21.28,15.22
4994,傳奇,1.33,-16.65,3.08,-30.83,-5.29,-29.99,-22.16,-31.24,-54.76
4995,晶達,8.84,7.45,8.04,8.4,6.06,7.34,11.88,8.64,7.17
4999,鑫禾,23.43,10.69,15.95,19.67,23.6,5.66,15.9,17.65,18.89
5007,三星,15.21,15.18,16.26,16.33,16.4,15.33,14.08,17.66,15.29
5009,榮剛,1.36,0.82,3.65,3.61,6.36,1.49,2.81,1.85,0.25
5011,久陽,,,,,,,,,
5013,強新,4.86,5.78,4.28,5.72,4.86,6.11,3.32,2.85,4.9
5014,建錩,-1.86,-3.77,0.83,0.89,8.49,0.73,-4.15,5.01,0.7
5015,華祺,10.28,7.37,9.97,3.74,11.53,3.81,10.95,10.05,7.8
5016,松和,5.42,5.3,9.24,9.34,7.52,8.04,7.21,8.67,7.54
5102,富強,8.91,4.62,9.88,8.14,6.74,11.12,12.81,12.69,9.41
5201,凱衛,17.89,-18.91,-23.89,12.91,16.32,-35.07,4.35,8.58,21.04
5202,力新,12.13,-0.61,23.4,8.69,7.08,4.57,16.04,8.53,6.16
5203,訊連,27.62,17.83,13.58,7.96,22.53,8.17,15.53,17.51,16.02
5205,漢康,-4240.4,-1590.14,-36.49,-21.17,-39.79,-27,-120.34,-25.54,3.08
5206,坤悅,27.09,-11.1,-13.88,23.52,-27.79,21.09,4.8,4.21,3.24
5209,新鼎,5.43,5.93,6.29,5.76,7.73,9.87,8.67,4.24,3.48
5210,寶碩,12.54,-46.02,18.84,-1.26,14.12,-20.65,-21.71,-33.26,1.57
5211,蒙恬,9.7,9.95,8.8,8.49,9.34,7.63,7.18,6.59,4.79
5212,凌網,7.79,-14.15,3.65,12.04,10.08,-20.39,3.95,19.93,5.47
5213,亞昕,20.83,5.44,-56.1,-148.16,26.24,-71.04,-47.29,-118.37,24.51
5215,科嘉-KY,10.26,1.37,3.85,5.2,13.7,-10.4,1.57,7.11,6.57
5225,東科-KY,2.96,0.95,-1.02,4.43,2.3,0.6,-2.47,2.55,4.6
5227,立凱-KY,-26.33,-31.15,-5.43,19.85,-8.39,-28.22,-36.9,13.95,-65.64
5230,雷笛克光學,6.81,7.59,7.43,10.94,14.37,9,15.92,13.04,8.82
5234,達興材料,6.73,6.72,8.54,11.03,12.24,10.67,9.9,13.17,14.15
5243,乙盛-KY,3.46,3.98,3.45,3.45,3.18,3.39,4.13,4.8,3.74
5251,天鉞電,9.01,5.57,12.95,6.86,8.46,1.91,-4.06,-21.36,-18.46
5255,美桀,1.6,1.79,5.74,9.48,10.71,9.05,12.43,13.81,11.23
5259,清惠,,,,,,,,,
5263,智崴,4.15,5.67,-4.83,8.45,24.27,14.07,15.58,16.93,21.83
5264,鎧勝-KY,17.52,10.95,6.64,4.87,10.49,5.39,4.75,7.15,2.9
5266,,,,,,,,,,
5269,祥碩,16.45,15.03,13.96,18.18,18.98,16.52,-1.91,25.76,18.93
5272,笙科,,,,,,,,,
5274,信驊,31.23,31.2,30.16,30.6,39.62,22.69,28.51,31.22,29.34
5276,達輝-KY,8.64,7.14,7.48,6.06,11.74,5.23,9.35,1.78,-13.35
5278,尚凡,-48.87,-20.88,-34.38,-26.13,-20.55,-21.38,-7.27,3.19,10.26
5284,jpp-KY,10.01,13.47,14.36,11,15.91,13.3,22.24,16.48,12.06
5285,界霖,4.99,5.44,4.55,7.03,10.49,3.73,8.6,10.05,9.71
5287,數字,40.64,29.39,58.16,47.14,46.46,30.42,97.64,33.7,34.47
5288,豐祥-KY,12.01,11.67,9.75,10.14,13.66,9.95,11.14,10.43,13.68
5289,宜鼎,13.99,11.61,8.94,9.07,10.26,7.63,11.71,14.38,12.49
5291,邑昇,-3.78,0.19,0.09,-1.35,-3.35,-3.76,4.77,-0.55,-13.05
5301,寶得利,0.5,0.12,-5.8,-31.48,-66.67,-32.32,-21.08,-42.03,-81.97
5302,太欣,-18.85,-22.39,-17.87,-10.79,-9.92,109.35,-56.91,-78.04,-78.72
5304,鼎創達,-91.96,-31.65,-13.89,-75.03,2.87,-111.57,20.71,-0.46,-12.04
5305,敦南,-1.79,0.88,5.74,6.07,3.26,3.6,6.11,8.3,0.98
5306,桂盟,18.73,19.82,18.6,22.8,23.66,22.09,20.95,21.65,18.35
5309,系統電,-35.22,0.07,-4.14,-6.02,-57.8,-26.59,-4.08,-7.44,-30.18
5310,天剛,6.83,-7.34,-31.45,-1.79,-8.69,-2.81,2.36,-2.66,3.68
5312,寶島科,12.01,15.29,12.98,16.74,8.22,14.27,6.96,12.81,8.16
5314,世紀,-33.36,-37.75,-88.38,-54.65,-60.78,-107.59,-73.9,-37.52,135.18
5315,光聯,17.65,15.25,17.86,14.34,19.87,2.25,9.01,7.62,3.93
5317,凱美,-22.38,4.43,-44.98,1.47,-1.39,8.22,34.74,19.85,28.8
5321,友銓,2.29,4.16,3.78,1.97,9.05,-6.83,-1.3,2.83,-30.01
5324,士開,-162.91,-123.54,26.81,-117.88,-36.82,-24.99,0.12,-23.85,13.47
5328,華容,6.13,5.04,5.76,11.18,6.52,3.62,-7.8,13.14,-2.4
5340,建榮,-9.49,-5.75,2.38,4.04,4.44,4.57,9.91,9.77,7.4
5344,立衛,,,,,,,,,
5345,天揚,174.86,-141.96,99.79,46.89,-236.21,72.66,-138.2,3.66,-584.95
5347,世界,15.96,21.77,23.46,20.02,20.56,18.37,16.68,18.1,19.09
5348,系通,-10.68,-34.17,-47.08,-37.91,-8.27,,,,
5349,先豐,8.6,7.56,9.13,-0.8,-1.64,-3,2.5,0.26,2.09
5351,鈺創,-5.54,-3.97,-4.15,-9.92,-7.42,-14.79,-8.63,-6.51,-5.83
5353,台林,-1.15,2.87,3.95,1.69,4.88,-5.81,4.62,6.72,2.08
5355,佳總,-5.1,-11.81,-1.37,-3.95,6.54,-4.56,-2.63,-11.46,-8.75
5356,協益,7.59,5.81,6.22,5.31,5.55,6.03,6.13,5.31,2.36
5364,力麗店,26.09,-4.56,4.58,9.33,6.07,-8.17,-5,-1.84,-6.59
5371,中光電,3.56,2.32,2.15,4.06,5.07,2.27,2.18,3.01,5.28
5381,合正,0.94,115,9.94,5.86,10.89,6.4,-321.23,2.57,1.88
5383,金利,-16.01,-16.68,-11.85,-9.2,-8.52,-11.11,-3.59,2.85,-1.23
5384,捷元(下櫃),,,,,,,,,
5386,青雲,,,,,,,,,
5388,中磊,3.77,3.2,3.74,4.42,4.53,2.75,3.42,3.7,3.6
5392,應華,-0.62,3.8,2.59,0.75,-0.83,3.88,0.56,4.73,0.52
5395,圓方創新(下櫃),,,,,,,,,
5398,慕康生醫,-37.37,-11.88,2.56,-0.03,8.76,16.61,5.8,3.97,-16.47
5403,中菲,15.41,15.95,17.94,7.47,11.54,16.26,15.48,17.37,11.39
5410,國眾,5.73,5.29,5.15,3.39,4.5,4.85,3.86,3.32,5.21
5425,台半,12.06,9.23,7.85,8.13,10.28,8.4,8.94,11.07,10.02
5426,振發,8.92,9.26,12.07,7.22,12.96,-4.33,6.32,5.34,-6.69
5432,達威,,,,,,,,,
5434,崇越,4.93,5.21,4.88,5.52,5.71,4.56,3.78,5.31,3.19
5438,東友,1.79,3.6,3.86,15.44,5.71,4.39,10.71,15.51,5.85
5439,高技,,,,,,,,,
5443,均豪,3.87,5.68,15.77,2.55,-0.53,2.5,1.61,1.77,10.04
5450,寶聯通,-1.95,3.3,-1.84,-0.79,2.04,-6.36,1.7,-1.13,4.67
5452,佶優,0.62,0.21,-0.73,0.8,2.05,-0.84,1.44,0.41,-1.07
5455,昇益,,,,,,,,,
5457,宣德,7.39,-3.2,-3.42,-1.31,1.73,-4.37,2.54,2.97,4.55
5460,同協,10.03,7.72,8.47,3.23,6.24,3.84,6.95,2.63,1.92
5464,霖宏,-0.9,-11.54,5.74,-7.81,19.73,-40.05,2.08,3.88,-2.74
5465,富驊,0.37,2.8,0.29,3.6,14.8,4.95,4.59,9.05,3.6
5466,泰林(下櫃),,,,,,,,,
5468,凱鈺,-13.23,-36.22,-17.83,-39.69,-59.84,-46.1,-45.29,-102.33,-74.03
5469,瀚宇博,0.44,0.3,1.67,3.88,3.44,1.41,0.67,3.01,3.19
5471,松翰,8.94,4.41,11.99,8.69,8.12,4.33,9.1,9.09,5.01
5474,聰泰,,,,,,,,,
5475,德宏,-53.19,-20.8,-39.24,-24.26,-47.83,8.94,3.94,0.28,5.48
5478,智冠,1.74,3.33,2.9,2.05,2.43,4.42,1.8,2.73,1.42
5480,統盟,3.89,2.63,4.66,5.05,3.26,2.74,0.36,4.03,2.76
5481,華韡,-19521.88,23.38,-65.27,873.81,26423.44,3230.31,-1803.09,-563.33,-504.03
5483,中美晶,0.56,2.92,3.88,-18.17,-8.02,-2.98,0.92,4.89,3.38
5484,慧友,-14.04,0.93,4.79,4.41,-6.87,-14.34,-5.79,-25.06,-36.62
5487,通泰,9.03,9.08,12.87,9.44,10.7,1.01,10.18,8.79,8.72
5488,松普,2.27,3.48,0.84,6.07,5.23,3.43,-2.61,-1.46,-2.08
5489,彩富,16.58,11.42,7.2,1.91,20.36,1.72,10.84,13.15,5.65
5490,同亨,14.87,12.92,8.85,13.36,22.8,11.51,11.96,-5.54,1.35
5491,,-2.08,-10.4,-5.53,-0.41,47.81,1.09,-4.3,-6.66,
5493,三聯,5.78,3.96,6.84,7.6,5.64,1.73,3.82,4.98,3.69
5498,凱崴,1.4,-0.69,0.95,1.81,17.43,-9.39,1.8,1.85,14.88
5505,和旺(下櫃),,,,,,,,,
5506,,,,,,,,,,
5508,永信建,,,,,,,,,
5511,德昌,5.37,6.64,2.95,3.56,12.37,4.66,6.3,4.29,11.89
5512,力麒,-7.19,4.2,7.96,2.21,5.15,22.68,-3.48,3.09,-0.27
5514,三豐,47.08,2088.8,757.28,1858.41,115.46,2316.5,-1070.82,635.78,114.02
5515,建國,-7.59,-0.62,1.06,1.47,1.27,0.92,2.18,3.35,4.36
5516,雙喜,,,,,,,,,
5519,隆大,7.9,1.13,19.69,4.67,13.37,9.92,10.15,2.01,19.08
5520,力泰,2.4,8.73,6.41,7.84,4.42,7.57,4.79,5.29,1.91
5521,工信,1.26,0.59,1.69,2.66,3.37,1.51,1.12,-0.19,-45.34
5522,遠雄,25.13,14.47,23.38,16.04,-17.28,5.86,13.86,14.51,7.03
5523,豐謙,-2884.8,-1806.09,-3494.7,4.87,10.19,4.57,14.63,9.01,13.13
5525,順天,-6.27,-6.47,2.41,14.85,4.2,-18.6,7.26,6.64,31.13
5529,志嘉,-726.78,-80.94,-2517.73,-47.37,-163.34,-32.12,-80.98,-203.79,-4.38
5530,龍巖,17.45,23.7,27.98,37.37,24.37,24.03,34.15,49.86,33.17
5531,鄉林,12.23,11.77,-40.97,0.94,17.09,-26.89,-47.92,8.31,22.09
5533,皇鼎,9.85,18.99,15.82,5.22,11.46,3.71,7.86,6.28,9.75
5534,長虹,25.08,21.74,29.15,161.12,75.03,61.83,37.8,40.82,41.59
5536,聖暉,4.29,4.19,5.13,5.17,6.32,7.53,8.23,6.85,6.82
5538,東明-KY,1.78,5.38,6.6,6.52,12.22,9.78,4.72,10.18,11.04
5601,台聯櫃,,,,,,,,,
5603,陸海,2.85,5.76,4.93,3.91,2.72,3.48,4.36,4.8,2.17
5604,中連貨,86.46,7.09,6.68,5.85,9.48,1.94,1.31,3.16,23.9
5607,遠雄港,6.73,12.02,14.74,19.1,10.4,15.51,11.25,30.65,14.79
5608,四維航,-3.52,-39.17,-28.63,-20.78,-34.9,-34.02,-48.64,-24.45,-114.49
5609,中菲行,0.32,1.5,2.33,1.7,1.21,1.06,1.27,1.35,1.03
5701,劍湖山,-16.95,-19.78,-24.87,61.5,-37.19,-27.29,-32.37,40.91,-36.57
5703,亞都,12.88,1.47,-1.5,-7.98,15.58,4.03,-2.91,-14.91,7.68
5704,老爺知,,,,,,,,,
5706,鳳凰,1.66,6.67,4.04,7.22,5,4.49,6.24,7.48,3.74
5820,日盛金,,,,,,,,,
5871,中租-KY,17.29,18.48,19.95,19.94,17.86,23.01,22.24,25.34,22.56
5878,台名,7.75,13.79,10.94,13.54,9.48,12.83,11.68,20.5,10.4
5880,合庫金,,,,,,,,,
5902,德記,1.52,0.37,1.84,3.16,1.47,0.83,1.82,3.15,0.28
5903,全家,1.88,1.13,3,3.31,1.52,0.8,2.64,2.94,2.2
5904,寶雅,,,,,,,,,
5905,南仁湖,-2.19,6.17,7.87,11.46,-7.86,7.24,2.16,12.94,-2.83
5906,台南-KY,-29.49,-7.99,-22.96,-12.12,-9.65,-8.79,-6.65,-1.4,8.07
5907,大洋-KY,11.29,-4.04,10.12,-5.82,17.26,6.11,-0.89,-12.38,21.41
6005,群益證,,,,,,,,,
6015,宏遠證,,,,,,,,,
6016,康和證,,,,,,,,,
6020,大展證,,,,,,,,,
6021,大慶證,,,,,,,,,
6022,大眾證券(下櫃),,,,,,,,,
6023,元大期,,,,,,,,,
6024,群益期,,,,,,,,,
6101,寬魚國際,-57.8,-7.66,-742,-303.96,-224.32,-58.55,5458.2,14.96,-10.16
6103,合邦,0.23,1.13,0.52,-0.26,0.55,1.49,1.29,1.43,2.18
6104,創惟,14.85,10.52,13.05,13.72,14.1,-4.9,12.79,11.21,8.32
6105,,,,,,,,,,
6107,華美電子,0.36,2.95,4.19,-0.26,0.2,-2.31,0.03,,
6108,競國,12.57,3.5,5.06,6.76,7.97,4.59,4.84,1.88,1.49
6109,亞元,6.13,3.57,6.46,3.19,8.83,4.17,5.55,3.78,2.4
6111,大宇資,-35.37,-72.52,13.8,-2.89,-38.78,17.31,12.75,-4.49,-25.47
6112,聚碩,2.35,2.62,2.61,2.64,2.62,2.28,2.52,2.69,3.39
6113,亞矽,-6.73,-0.18,-0.57,17.55,0.15,-5.22,-2.37,-1.46,-2.93
6114,久威,19.08,9.86,10.8,8.36,17.05,8.84,11.11,9.93,-17.53
6115,鎰勝,8.55,5.34,13.2,10.75,12.21,1.64,9.86,9.39,4.36
6116,彩晶,-35.82,-25.62,-17.47,33.79,35.52,29.39,22.08,32.56,27.17
6117,迎廣,-9.95,-7.94,-6.31,-1.49,-16.86,-17.2,-13.77,-4.86,90.03
6118,建達,0.78,0.33,-0.74,0.24,0.48,-0.63,0.07,0.43,0.57
6120,達運,-2.46,-0.99,1.01,1.55,1.21,1.7,1.27,1.57,0.83
6121,新普,4.94,4.81,4.74,4.9,4.83,4.74,4.44,4.27,4.57
6122,擎邦,2.94,2.65,-0.97,-3.8,-1.51,3.54,-0.04,4.72,-3.68
6123,上奇,4.41,4.54,2.53,2.75,2.85,1.2,4.83,4.87,5.59
6124,業強,-1.14,-12.33,52.04,-2.32,1.9,-20.82,-9.34,-10.67,-5.84
6125,廣運,1.07,0.95,4.49,-13.06,-12.05,-37.57,-14.93,3.25,-2.96
6126,信音,-36.34,0.27,1.48,5.12,5.76,4.87,4.51,5.92,1.83
6127,九豪,1.38,4.32,1.88,6.88,0.57,5.51,1.62,3.87,1.09
6128,上福,25.04,19.63,21.07,17.14,20.51,10.97,15.41,4.47,82.58
6129,普誠,-1.12,0.69,4,-2.82,-1.78,-7.29,-4.84,-3.68,0.55
6130,星寶國際,2.46,4.73,-10.08,-2.3,14.2,-3.85,-7.01,-32.15,-7.19
6131,悠克,-819,-77.67,-110.32,-4.13,-217.18,-123.03,-161.56,2353.31,-125.76
6133,金橋,0.75,-3.07,3.63,0.47,2.93,-3.44,3.28,5.22,3.08
6134,萬旭,-4.31,0.33,2.73,3.69,4.27,3.14,7.01,3.3,1.8
6135,,,,,,,,,,
6136,富爾特,6.45,16.76,15.63,98.35,-2.59,39.03,-1.42,54.6,17.67
6138,茂達,7.63,6.82,5.16,6.84,3.12,5.03,6.32,8.14,6.97
6139,亞翔,0.06,1.83,3.23,2.31,3.63,2.77,3.7,0.93,3.79
6140,訊達,-2.21,-4.32,-0.16,-1.99,-1.69,-2.88,0.35,1.6,1.46
6141,柏承,-22.2,-10.24,-5.21,-4.57,0.59,5.8,6.86,4.95,4.52
6142,友勁,-5.34,28,-5.35,-4.66,0.85,-6.62,-0.93,-8.46,-9.53
6143,振曜,5.8,-7.41,7.33,-0.92,18.05,-13.94,5.61,1.68,2.45
6144,得利影,2.72,-1.69,-4.36,0.12,-18.46,-4.97,1.71,2.51,2.36
6145,勁永,0.25,1.62,-1.68,-0.45,0.57,-5.25,-6.7,-6.43,-171.46
6146,耕興,22.87,23.46,26.37,22.45,25.05,20.94,24.96,23.59,23.31
6147,頎邦,10.14,5.4,9.91,12.16,17.01,6.24,11.78,14.06,15.96
6148,驊宏資,-1.42,0.2,0.19,1.57,-72.2,-3.46,-3.88,1.29,15.54
6150,撼訊,-14.9,1.16,1.02,0.59,-0.45,-8.12,3.08,11.86,5.56
6151,晉倫,9.75,8.36,7.82,6.32,8.16,8.24,6.37,5.2,4.59
6152,百一,-1.94,-2.74,-1.99,0.63,1.18,0.2,0.36,-3.49,-6.52
6153,嘉聯益,6.75,-3.74,1.21,1.15,2.72,-2.72,0.01,2.14,0.96
6154,順發,1.12,2.37,1.74,2.25,1.45,2.96,1.49,1.8,1.74
6155,鈞寶,9.69,8.44,14.26,6.71,20.78,-20.1,17.6,22.26,1.22
6156,松上,3.82,3.19,2.96,3.52,3.62,1.03,6.47,2.99,0.58
6158,禾昌,9.68,4.8,8.16,8.7,8.48,4.39,2.53,9.87,0.32
6160,欣技,12.56,14.47,6.79,0.25,1.85,-23.17,-11.93,-1.45,8.56
6161,捷波,-7.85,10.21,3.11,7.87,11.96,9.26,12.22,13.76,27.91
6163,華電網,-11.69,-8.13,-4.04,-5.96,8.86,-7.69,-7.35,9.78,3.94
6164,華興,2.02,3.62,24.25,2.18,2.14,4.36,6.31,2.01,-1.89
6165,捷泰,-13.6,-26.9,-14.88,-45.12,-14.84,-256.74,-18.95,254.38,-271.53
6166,凌華,4.49,2.76,3.96,2.14,8.11,1.02,4.46,5.71,2.87
6167,久正,4.91,7.37,6.64,5.29,11.66,5.83,6.98,5.61,6.09
6168,宏齊,-2.7,-10.29,-20.71,3.27,4.95,-2.15,9.43,14.93,6.12
6169,昱泉,-84.13,-45.48,-75.04,-118.65,-37.35,-78.18,-4.78,20.65,-39.61
6170,統振,1.95,0.43,-1.72,1.01,1.86,-0.58,-0.34,0.15,0.89
6171,亞銳士,,,,,,,,,
6172,互億,,,,,,,,,
6173,信昌電,2.96,10.95,10.34,9.01,7.19,8.8,11.53,12.42,12.78
6174,安,6.06,6,11.85,7.79,12.7,0.14,6.99,7.51,3.32
6175,立敦,-1.04,2.36,0.15,4.32,6.2,3.06,7.02,27.15,7.8
6176,瑞儀,7.75,3.67,5.92,10.11,7.69,5.84,5.95,5.38,5.37
6177,達麗,18.37,15.14,20.52,6.8,13.98,-33.12,24.56,4.53,19.58
6179,亞通,19.86,3.97,8.6,6.55,7.51,6.47,5.95,7.63,2.33
6180,橘子,0.11,0.8,-3.1,-14.43,-1.72,2.41,1.56,-4.36,0.98
6182,合晶,-4.25,-5.64,-5.56,-5.67,-100.35,0.96,3.89,6.78,6.84
6183,關貿,-0.38,16.5,18.56,18.27,13.13,16.93,24.96,21.83,10.38
6184,大豐電,-4.15,-20.35,-12.42,-7.93,-4.26,10.43,17.65,17.44,28.48
6185,幃翔,21.45,19.93,18.63,21.84,26.51,15.13,13.09,14.47,14.14
6186,新潤,,,,,,,,,
6187,萬潤,0.98,3.4,19.94,21.52,12.06,6.18,21.73,21.55,10.38
6188,廣明,3.98,5.05,6.36,4.21,8.99,3.7,6.68,-1.28,6.3
6189,豐藝,2.81,2.88,1.93,1.76,3.05,0.47,2.11,2.65,2.21
6190,萬泰科,-5.37,1.28,4.37,4.34,2.12,2.71,3.3,3.03,2.2
6191,精成科,-3.32,1.15,1.2,3.33,4.07,-0.5,1.23,3.21,3.72
6192,巨路,14.73,9.27,11.27,10.31,11.86,13,7.4,10.37,12.44
6194,育富,-9.78,-18.85,-26.92,-73.84,12.2,-5.34,-12.06,-3.37,-1.59
6195,詩肯,,,,,,,,,
6196,帆宣,3.37,3.33,1.68,2.55,3.45,3,2.61,2.92,4.24
6197,佳必琪,2.6,3.93,7.81,9.22,11.26,6.77,8.29,9.82,1.62
6198,凌泰,-78.68,-111.75,319.36,-67.94,-68.07,-127.09,-36.22,2.41,-54.38
6199,天品,88.37,16.17,3.19,7.75,28.86,22.28,44.92,40.3,21.11
6201,亞弘電,3.67,5.27,11.11,7.88,10.15,2.36,5.97,6.08,11.36
6202,盛群,19.88,18.51,18.47,19.32,19.1,17.04,19.77,21.05,22.1
6203,海韻電,10.77,11.22,12.07,10.32,14.04,-4.91,8.37,10.11,7.93
6204,艾華,1.9,-0.39,14.42,8.01,10.08,4.83,14.23,10.79,4.37
6205,詮欣,7.44,6.45,8.8,21.76,9.8,4.48,9.81,11.79,3.99
6206,飛捷,19.95,16.4,17.43,12.17,16.73,8.2,13.8,11.73,10.86
6207,雷科,2.33,6.01,8.31,6.48,11.45,9.68,9.77,9.79,11.25
6208,日揚,0.75,11.91,8.38,11.27,7.09,8.35,12.61,14.29,7.8
6209,今國光,-6.11,-0.67,-3.95,4.21,0.08,0.21,-5.54,-3.22,-6.7
6210,慶生,,,,,,,,,
6211,,,,,,,,,,
6212,理銘,,,,,,,,,
6213,聯茂,4.45,5.61,4.37,5.03,4.39,5.77,5.56,6.51,5.59
6214,精誠,6.1,2.54,4.26,16.84,4.09,8.99,5.93,7.24,6.09
6215,和椿,2.74,3.27,5.54,-9.11,8.17,-0.05,9.66,2.01,-1.94
6216,居易,19.92,17.67,25.26,21.86,19.59,12.36,24.27,18.86,23.1
6217,中探針,12.75,1.67,7.67,8.02,13.79,4.31,9.18,9.92,6.3
6218,豪勉,3.86,6.99,8.35,2.09,9.59,2.78,4.39,7.25,7.65
6219,富旺,23.78,-91.33,-137.32,13.58,11.35,-46.72,5.22,-8.95,19.59
6220,岳豐,-5.59,2.35,5.77,9.52,3.44,3.22,4.21,6.09,0.11
6221,晉泰,3.16,3.07,3.38,1.74,3.06,2.35,3.5,4.22,2.29
6222,上揚,-229.06,-21.21,-147.27,-469.96,-18.84,-17.36,173.83,-236.16,-674.45
6223,旺矽,1.9,6.01,11.48,14.34,11.64,9.45,4.76,2.54,-3.5
6224,聚鼎,24.95,22.46,28.21,24.04,22.83,18.21,21.62,23.85,21.57
6225,天瀚,-169.15,-61.09,-140.23,-107.74,-926.1,-762.85,-382.5,-871.84,-507.58
6226,光鼎,-8.42,-6.77,7.29,5.47,13.88,1.71,7.74,2.81,-4.69
6227,茂綸,2.34,3.5,1.91,-0.86,0.83,3.16,1.04,2.75,2.55
6228,全譜,-70.95,-15.26,-66.53,-21.55,-63.03,-37.55,-59.65,-49.94,1.37
6229,研通,-0.55,0.14,2.12,3.81,1.01,-2.12,2,3.5,0.87
6230,超眾,12.29,12.51,15.57,8.99,14.81,7.4,5.29,9.14,6.29
6231,系微,4.67,-9.7,-11.59,-9.56,8.13,0.92,4.46,4.03,9.17
6233,旺玖,-21.31,-27.32,-12.15,-14.77,1.04,-37.65,-5.47,-8.15,-8.08
6234,高僑,70.1,3.58,-4.86,-1.74,7.2,-6.6,10.12,8.09,2.37
6235,華孚,10.51,7.45,6.1,5.49,184.67,-1.11,-1.49,3.55,7.86
6236,康呈,-6.12,-17.67,-15.04,-44.37,-19.28,-74.33,-21.14,-46.8,-7.72
6237,驊訊,-11.27,-3.7,15.02,41.12,7.27,-32.34,259.49,-7.16,-7.17
6238,勝麗,20.02,18.53,16.94,13.08,26.95,20.19,19.56,20.27,20.94
6239,力成,10.1,8.85,9.97,10.41,10.53,9.21,10.13,9.93,9.89
6240,松崗,-18.39,-36.85,4.48,43.42,2.81,-7.78,-2.41,-6.96,-76.39
6241,易通展,-10.06,3.51,-7.43,-106.12,1.58,-28,-31.86,-40.21,
6242,立康,14.03,,,,,,,,
6243,迅杰,-19.82,-20.01,-28.39,-24.48,-7.19,-53.83,-22.62,-13.81,-6.5
6244,茂迪,4.24,8.49,3.43,-19.58,-19.01,-19.93,-12.37,-5.42,-15.79
6245,立端,6.64,4.55,5.28,7.04,7.77,3.72,3.53,6.62,7.16
6246,臺龍,0.93,8.64,4.7,4.32,59.34,1.39,4.11,4.57,-0.26
6247,淇譽電,1.45,-2.5,0.81,0.91,5.42,-3.85,-14.84,-1.61,-9.1
6248,沛波,,,,,,,,,
6250,,,,,,,,,,
6251,定穎,0.06,0.13,0.23,-1.41,1.44,0.4,1.25,0.51,-1.79
6257,矽格,13.3,9.72,13.42,15.84,13.81,10.49,13.19,13.5,18.48
6259,百徽,-16.05,-315.39,-13.75,-16.88,-3.66,-25.87,-4.07,-34.81,-12.89
6261,久元,11.74,15.45,13,10.06,10.43,5.08,16.53,17.76,15.13
6263,普萊德,21.64,21.19,23.08,19.42,21.77,20.3,22.64,22.3,24.55
6264,富裔,-10.21,-1080.02,-821.33,-9.7,29.05,20.98,-3052.4,2.18,4.75
6265,方土昶,0.36,-0.43,0.44,-0.31,0.75,-3.4,0.39,-0.14,-0.92
6266,泰詠,24.5,4.11,0.8,0.45,8.07,-0.17,6.04,6.75,6.54
6269,台郡,14.85,11.25,2.99,12.66,16.64,5.71,9.89,15.03,12.81
6270,倍微,1.38,1.05,1.06,1.09,1.15,0.74,0.76,1.07,0.95
6271,同欣電,13.22,11.78,12.82,10.98,15.28,4.86,11.04,18.27,15.07
6274,台燿,5.62,7.08,6.92,5.49,7.59,7.93,6.66,6.38,4.06
6275,元山,-1.65,1.99,4,2.33,0.82,0.89,5.06,2.46,0.7
6276,安鈦克,-18.75,-7.19,-11.47,-3.3,2.79,-7.14,-0.2,1.97,-9.25
6277,宏正,13.87,17.78,14.07,17.06,14.88,15.2,12.78,15.24,15.35
6278,台表科,2.7,3.06,0.65,2.2,1.63,1.23,2.93,4.54,3.07
6279,胡連,21.69,18.94,19.23,22.27,27.75,26.01,24.04,23.99,21.78
6281,全國電,,,,,,,,,
6282,康舒,2.94,3.05,2.9,2.05,2.58,1.24,1.8,3.44,0.4
6283,淳安,1.51,5.4,3.11,12.91,17.86,14.97,1.8,2.98,0.74
6284,佳邦,-1.81,-7.44,0.24,8.44,3.77,-5.09,5.92,5.55,0.72
6285,啟,3.55,3.9,3.07,4.54,3.89,4.52,4.04,3.48,2.62
6286,立錡(下市),,,,,,,,,
6287,元隆,,,,,,,,,
6289,華上,-276.37,-55.62,-84.63,-127.96,-91.84,-156.43,100.05,-60.87,-142.22
6290,良維,8.32,7.22,2.59,5.45,8.63,1.16,4.26,3.37,5.25
6291,沛亨,-19.39,-16.83,1.21,0.32,-21.24,-19.29,-15.19,-20.49,-22.21
6292,迅德,3.51,7.66,9.39,12.92,13.22,6.08,9.64,9.78,8.69
6294,智基,18.57,32.3,37.05,26.51,15.59,26.99,37.02,21.59,23.89
6298,崴強,-3.15,3.97,4.51,12.99,8.66,3.62,8.26,11.97,9.83
6404,通訊-KY,-6.25,-14.71,-24.64,-25.72,-87.66,-75.33,-183.05,-131.17,-197.55
6405,悅城,-15.62,-10.52,-5.94,-4.74,20.45,-22.54,8.7,8.59,7.51
6409,旭隼,17.55,16.36,19.38,15.96,18.69,14.47,14.28,12.68,13.98
6411,晶焱,13.05,7.92,11.01,8.81,23.24,8.41,18.14,17.06,19.96
6412,群電,5.92,3.2,4.2,1.42,9.89,3.76,5.9,6.44,5.9
6414,樺漢,7.43,7.37,7.48,6.87,6.65,5.07,6.69,2.62,2.26
6415,矽力-KY,30.13,18.11,19.04,20.47,23.53,19.88,23.02,20.3,20.76
6419,京晨科,-14.82,-25.08,-13.01,0.89,18.34,-10.47,-6,-21.75,7.37
6422,君耀-KY,12.13,8.24,11.91,11.61,12.65,6.07,7.15,8.26,8.37
6426,統新,-11.48,5.8,19.32,9.26,29.52,19.63,17.11,7,10.65
6431,光麗-KY,-126.34,-57.48,-180.62,-103.88,-177.5,-86.03,-98.8,-162.64,-294.61
6449,鈺邦,13.38,8.43,13.98,10.95,15.4,3.09,12.12,11.37,10.7
6451,訊芯-KY,20.91,22.16,28.11,14.09,30.85,7.7,7.91,-1.97,1.02
6452,康友-KY,27.97,22.22,19.52,20.07,21.63,23.35,23.42,23.01,19.39
6504,南六,9.37,8.12,9.01,9.77,11.17,8.89,7.09,8.19,9.47
6505,台塑化,8.33,8.39,18.33,12.99,14.97,13.75,8.68,14.51,13.9
6506,雙邦,4.49,15.66,9.54,6.15,7.23,7.01,6.9,2.85,4.94
6508,惠光,3.1,9.48,7.12,5.45,7.65,4.28,8.24,9.21,4.38
6509,聚和,3.9,4.82,4.19,-0.73,3.54,-0.43,3.89,1.49,3.64
6603,富強鑫,-1.32,6.04,3.76,2.26,3.34,4.09,4.52,6.14,4.43
6605,帝寶,8.7,9.92,6.1,3.09,10.67,2.06,7.35,10.36,5.18
6609,瀧澤科,6.53,2.3,2.82,0.04,6.9,-5.09,6.29,7.52,8.03
6702,復航(下市),,,,,,,,,
6803,崑鼎,13.09,17.73,17.33,18.45,14.44,16.8,18.45,17.28,15.4
8011,台通,2.98,0.19,0.38,4.17,8.74,7.31,2.42,1.85,-2.89
8016,矽創,9.52,10.2,9.24,10.43,10.91,8.1,8.94,9.37,10.4
8021,尖點,12.42,6.88,6.84,8.17,7.88,7.83,6.87,6.85,7.27
8024,佑華,2.79,-11.92,9.26,0.21,4.04,-10.32,8.87,-1.27,1.11
8032,光菱,2.26,2.37,2.63,2.14,3.06,-0.51,5.19,3.38,3.45
8033,雷虎,-51.61,0.16,-19.43,-16.35,-97.33,-11.14,-12.81,-5.83,-13.15
8034,榮群,-5.68,-28.95,-55.74,-14.41,21.68,-39.4,76.5,96.11,20.12
8038,長園科,-25.89,3.57,8.71,-85.25,-241.03,-1251.07,-634.52,-1004.53,-969.28
8039,台虹,4.47,5.32,5,5.63,6.46,4.29,6.98,8.7,5.59
8040,九暘,-2.63,-1.55,-1.25,-20.37,-6.14,-10.12,0.71,2.66,6.34
8042,金山電,17.34,16.01,13.09,20.59,13.53,18.67,13.05,16.97,4.93
8043,蜜望實,1.48,3.3,4.12,0.62,3.77,-3.83,1.46,5.21,3.24
8044,網家,3.72,4.02,2.96,2.68,2.21,2.94,1.99,-0.2,-3.47
8046,南電,-1.44,-4.2,-3.11,-12.38,11.63,-14.53,-2.58,-6.07,-6.99
8047,星雲,2.1,-2.39,3.16,7.18,2.32,7.62,3.28,4.13,2.3
8048,德勝,8.74,9.77,7.64,7.1,16.72,6.74,11.42,13.27,13.91
8049,晶采,8.71,8.72,14.18,8.4,14.63,8.73,14.17,10.75,11.22
8050,廣積,12.14,14.63,14.64,11.79,8.28,7.36,6.45,10.41,2.35
8053,,,,,,,,,,
8054,安國,1.97,-0.16,12.55,-1.29,-2.44,-5.8,18.85,3.03,-2.85
8059,凱碩,1.32,7.89,-9.56,0.13,-5.23,-12.41,-16.84,-10.39,-13.79
8064,東捷,2.79,-2.26,0.54,4.61,7.55,1.32,-0.99,-1.33,0.22
8066,來思達,2.71,2.62,3.17,3.44,3.32,2.71,3.69,5.33,3.77
8067,志旭,-10.5,-1.39,-2.77,-3.24,-112.31,4.19,-3.66,0.37,-57
8068,全達,1,-0.45,2.93,5.6,2.19,0.43,-0.17,0.13,0.1
8069,元太,27.37,-10.87,21.75,11.45,25.66,4.89,21.63,24.48,-1.44
8070,長華,4.26,13.3,3.39,6.25,4.57,13.25,5.15,5.72,3.05
8071,能率網通,0.37,-2.04,2.11,-0.96,0.42,0.57,2.09,1.83,0.08
8072,陞泰,4.73,4.44,5.01,1.27,-1.85,-3.47,0.72,0.96,-7.58
8074,鉅橡,12.71,11.92,13.57,11.86,15.57,7.18,12.78,14.45,11.46
8076,伍豐,8.13,2.92,9.28,10.97,4.02,1.16,6.16,8.76,6.17
8077,洛,-7.94,-4.71,-22.73,-10.27,-17.94,3.34,-0.92,3.38,10.36
8079,誠遠科技(下櫃),,,,,,,,,
8080,奧斯特,-71.47,-11.1,5.42,-13.43,-19.44,-48.42,-32.82,-50.42,-48.3
8081,致新,11.97,10.22,9.61,10.45,12.96,9.59,8.79,8.89,5.22
8082,,,,,,,,,,
8083,瑞穎,,,,,,,,,
8084,巨虹,7.39,-1.5,1.79,0.39,2.56,-5.87,0.54,-0.12,5.84
8085,福華,-17.53,-16.87,-4.77,56.09,-12.65,-10.12,-0.24,5.09,5.48
8086,宏捷科,,,,,,,,,
8087,華鎂鑫,-4.14,1.96,1.19,5.87,-1.26,1.89,12.24,17.43,-10.38
8088,品安,,,,,,,,,
8091,翔名,6.58,8.92,7.93,11.67,13.77,14.15,14.6,43.24,18.41
8092,建暐,-19.95,-0.48,-9.52,-7.21,-7.14,-5.18,-8.85,-11.42,-0.66
8093,保銳,-3.68,6.3,2.57,3.36,-7.21,-16.65,-1.38,10.07,-0.8
8096,擎亞,0.47,0.11,0.1,-1.17,1.13,0.12,0.81,0.23,-0.33
8097,常珵,-175.99,84.76,13.52,-18.84,-3.44,-20.23,-3.52,-7.32,500.46
8099,大世科,2.58,2.02,2.53,2.23,3.44,2.93,4.42,2.37,3.35
8101,華冠,-2.26,-3.81,-5.99,-6.57,-11.77,-5.48,0.1,-4.91,-8.44
8103,瀚荃,3.69,4.31,9.28,9.2,14.44,4.39,9.1,9.64,1
8105,凌巨,3.65,4.6,7.21,0.94,8.79,3.54,6.73,6.09,2.91
8107,大億金茂,14.68,10.73,16.17,12.54,-52.71,14.49,22.33,203.23,28.38
8109,博大,30.89,30.44,35.43,18.58,46.42,-2.52,38.43,32.7,27.05
8110,華東,3.97,-4.03,4.54,4.73,12.15,2.79,4.06,10.04,10.81
8111,立,-15.5,-12.11,-6.02,-8.5,0.07,0.35,1.91,6.12,-3.24
8112,至上,0.46,0.36,1.27,1.13,1.03,1.19,1.08,1.07,1.31
8114,振樺電,18.15,15.99,21.04,10.7,19.79,8.2,12.49,22.55,9.69
8121,越峰,-29.63,-19.09,-9.4,-14.87,-52.71,-12.96,5.06,-2.49,-7.65
8131,福懋科,,,,,,,,,
8147,正淩,9.07,5.4,6.17,7.68,7.22,4.86,3.99,5.52,9.53
8150,南茂,11.75,7.83,6.99,5.35,13.15,52.19,7.08,3.66,3.7
8155,博智,9.46,9.54,10.06,7.36,10.37,7.36,13.3,14.54,14.64
8163,達方,1.49,1.11,1.61,3.44,3.58,2.25,3.15,3.84,3.7
8171,天宇,-10.14,-6.36,-3.94,-11.01,0.42,-8.61,-7.72,-11.52,-20.9
8176,智捷,7.56,2.97,3.91,3.09,2.32,0.2,1.81,4.33,7.13
8182,加高,3.78,2.93,0.33,3.06,5.94,3.23,7.35,5.93,2.79
8183,精星,-3.18,-1.3,1.54,4.69,5.73,2.83,6.89,4.97,5.3
8201,無敵,-67.31,8.99,-14.87,-18.11,-18.91,-11.17,-9.97,-3.48,-7.54
8210,勤誠,13.35,9.48,11.87,10.57,13.84,10.12,7.95,5.81,9.18
8213,志超,4.12,3.52,2.08,3.92,5.25,2.67,3.04,3.56,3.02
8215,明基材,0.7,-2.39,-2.21,-10.27,1.73,5.02,2.79,6.07,4.89
8222,寶一,,,,,,,,,
8234,新漢,5.09,3.37,4.12,2.22,4.91,-3,5.77,2.88,2.68
8240,華宏,1.36,-2.24,-5.94,-3.71,-18.43,0.09,-2.73,0.86,3.99
8249,菱光,0.39,2.05,6.33,9.83,3.84,5.29,6.12,8.99,0.02
8255,朋程,16.15,15.84,17.32,10.72,19.38,9.98,15.79,16.43,15.81
8261,富鼎,-2.64,2.2,14.1,1.51,0.72,-5.68,2.02,3.88,4.13
8266,中日新(下櫃),,,,,,,,,
8271,宇瞻,3.47,6.07,4.09,5.19,5.2,4.95,3.39,3.26,4.68
8277,商丞,-6.72,-27.4,-16.96,-12.52,-38.77,-29.06,-7.41,-3.76,-14.71
8287,英格爾,1.68,0.9,2.05,2.3,2.11,-0.74,4.62,-147.37,-494.89
8289,泰藝,0.94,-0.03,3.08,1.71,4.43,-7.47,5.02,2.37,1.39
8291,尚茂,,,,,,,,,
8299,群聯,10,9.39,9.19,12.16,13.32,13.41,15.16,14.32,12.11
8341,日友,34.33,31.27,34.41,33.48,35.79,34.84,53.2,38.96,37.24
8349,矬,3.5,4.38,4.27,4.54,6.8,6.19,6.69,6.38,7.33
8354,冠好,-2.48,0.26,9.65,-1.42,17.54,-15.38,7.73,61.25,1.11
8358,金居,-6.12,4.63,9.43,12.65,18.43,19.24,19.72,13.36,14.26
8374,羅昇,-5.23,-2.64,0.48,2.89,2.1,3.51,5.5,5.52,4.22
8383,千附,12.72,17.47,16.04,15.17,17.39,12.89,15.16,15.94,15.58
8390,金益鼎,-16.68,2.31,1.5,-1.92,-0.14,-3.58,4.38,2.14,1.16
8401,白紗科,6.39,-2.34,4.68,-10.63,9.18,1.2,6.98,9.39,7.54
8403,盛弘,1.97,4.89,6.13,6.95,3.25,3.89,7.28,6,1.79
8404,百和興業-KY,14.02,16.16,14.9,10.54,13.92,11.64,11.2,9.95,9.07
8406,金可-KY,25.41,23.65,24.28,27.2,17.35,24.67,12.94,16.85,9.82
8409,商之器,34.68,-94.89,-42.9,-21.13,3.7,-29.32,-44.44,-35.35,8.73
8410,森田,,,,,,,,,
8411,福貞-KY,3.01,7.72,6.56,9.55,5.33,6.67,2.39,3.42,3.52
8416,實威,29.59,18.02,20.21,18,26.66,17.49,22.25,20.46,28.6
8418,捷必勝-KY,-17.82,-11.33,-9.55,-19.08,20.36,-21.45,-12.94,-28.29,-45.75
8420,明揚,,,,,,,,,
8421,旭源,2.96,5.97,9.8,2.47,7.35,-2.69,2.96,1.89,0.15
8422,可寧衛,41.29,47.64,44.39,46.33,46.32,51.35,53.15,48.27,44.19
8423,保綠-KY,7.38,-30.33,1.46,2.11,15.69,6.03,11.38,14.15,7.3
8424,惠普,15.6,12.84,14.27,13.66,14.97,16.41,17.19,19.88,17.96
8426,紅木-KY,15.78,10.34,15.68,14.28,16.04,4.5,6.14,12.04,12.07
8427,基勝-KY,6.94,14.53,139.61,-64,5.49,8.44,-12.29,-51.63,0.51
8429,金麗-KY,16.75,19,18.2,14.55,25.32,14.35,11.16,6.08,6.68
8431,匯鑽科,-26.09,-29.35,-19.12,-9.51,-5.94,-14.13,-16.77,-10.67,-10.6
8432,東生華,,,,,,,,,
8433,弘帆,14.08,13.14,14.08,10.76,13.74,8.41,12.18,12.86,8.89
8435,鉅邁,15.96,11.01,14.57,15,16.22,13.83,17.26,13.32,14.56
8436,大江,13.79,13.06,17.06,20.36,15.19,14.7,17.5,19.19,17.83
8443,阿瘦,7.52,2.88,0.61,-3.5,2.98,-9.05,-9.7,-3.52,6.36
8446,華研,25.55,19.9,20.18,14.25,16.62,20.58,16.39,19.18,25.35
8450,霹靂,25.38,19.02,27.62,14.79,31.81,3.29,6.72,12.17,-17.94
8454,富邦媒,3.77,4.9,4.44,3.73,3.81,4.09,4.59,3.03,3.66
8905,裕國,4.38,1.38,3.69,16.53,17.79,12.13,9.99,11.98,9.71
8906,花王,-0.97,-1.89,-14.08,2.84,-8.21,-12.41,-9.54,6.4,-3.13
8908,欣雄,,,,,,,,,
8913,全銓,17.56,18.15,580.1,298.1,-26.35,9046.51,-8.86,85.67,-71.97
8916,光隆,3.51,-0.81,6.16,8.41,4.78,-46.73,8.19,9.17,8.19
8917,欣泰,7.34,9.81,16.43,13.27,7.53,11.33,17.02,14.97,8.4
8921,沈氏,,,,,,,,,
8923,時報,9.64,9.27,3.99,5.86,9.12,5.45,5.74,-0.06,14.8
8924,大田,1.02,-15.03,-7.38,3.49,-0.87,-14.33,-13.16,110.99,7.95
8925,,,,,,,,,,
8926,台汽電,51.3,63.67,69.65,80.48,116.23,40.48,116.67,120.67,28.04
8927,北基,1.24,2.76,3.26,-2,2.58,1.2,1.35,2.78,2.11
8928,鉅明,11.33,13.24,0.77,-8.01,3.92,4.95,2.26,6.08,5.06
8929,富堡,6.75,6.43,4.98,29.97,2.48,22.45,1.3,7.02,3.39
8930,青鋼,-13.59,-1.87,7.04,3.77,8.23,50.92,9.61,8.53,7.22
8931,大汽電,7.41,6.58,4.32,11.02,5.91,1.99,7,12.68,4.31
8932,宏大,-6.91,3.16,5.43,-2.46,-8.32,-8.7,2.28,-7.31,-6.48
8933,愛地雅,4.36,2.53,-4.87,1.82,4.41,-5.26,1.17,1.26,-0.95
8934,衡平,15,9.12,-3.24,5.49,8.92,5.28,-13.49,3.27,9.45
8935,邦泰,-27.32,-2.51,-26.09,-94.06,-32.29,-3.62,-27.57,-18.26,-23.32
8936,國統,-26.78,4.54,-2.68,-28.44,-89.75,1.88,-9.73,-15.16,-17.49
8937,合騏,-8.58,4.71,-0.06,-16.18,2.46,-30.02,5.84,3.18,-16.57
8938,明安,6.3,3,-0.99,1.96,9.17,4.08,3.67,2.69,6.25
8940,新天地,11.08,14.25,-9.22,-37.94,13.96,7.83,-7.8,-52.09,12.63
8941,關中,-7.09,1.03,1.98,3.6,1.75,1.13,9.54,27.99,-4.54
8942,森鉅,23.44,23.7,25.06,16.07,28.45,1.39,23.17,-42.29,15.48
8996,高力,17.96,11.91,13.94,9.52,10.51,0.77,3.74,4.6,3.75
910069,新曄(下市),,,,,,,,,
9103,美德醫療-DR,,,,,,,,,
910322,康師傅-DR,,,,,,,,,
910482,聖馬丁-DR,,,,,,,,,
9105,泰金寶-DR,1.29,,,,,,,,
9106,新焦點(下市),,,,,,,,,
910708,琱j健-DR,,,,,,,,,
910801,金衛-DR(下市),,,,,,,,,
910861,神州-DR,,,,,,,,,
9110,越南控-DR,,,,,,,,,
911608,明輝-DR,-28.23,,,,,,,,
911609,揚子江(下市),,,,,,,,,
911611,中泰山(下市),,,,,,,,,
911612,滬安電力(下市),,,,,,,,,
911613,特藝-DR,-108.82,,,,,,,,
911616,杜康-DR,-327.17,,,,,,,,
911619,耀傑-DR,-237.42,,,,,,,,
911622,泰聚亨-DR,-10.63,,,,,,,,
911626,MSH-DR(下市),,,,,,,,,
911868,同方友友-DR,,,,,,,,,
912000,晨訊科-DR,,,,,,,,,
912398,友佳-DR,,,,,,,,,
9136,巨騰-DR,,,,,,,,,
913889,大成糖(下市),,,,,,,,,
9157,陽光能源-DR,,,,,,,,,
9188,精熙-DR,,,,,,,,,
9802,鈺齊-KY,1.35,6.99,8.77,5.3,9.83,11.23,9.26,4.52,6.48
9902,台火,-14.29,1.98,26.76,76.47,-9.74,-100.78,18.52,6.26,1.45
9904,寶成,1.68,4.46,2.95,5.8,5.95,2.48,3.73,6.93,5.29
9905,大華,5.12,7.14,7.95,8.48,9.6,8.89,7.36,8.44,8.24
9906,欣巴巴,6.35,-17.06,9.02,11.21,1.11,3.1,8.98,7.02,14.68
9907,統一實,-4.25,2.36,5.05,2.98,2.58,2.58,1.33,3.18,0.09
9908,大台北,9.97,8.08,24.96,39.16,12.65,22.18,15.56,37.6,10.46
9910,豐泰,7.92,6.48,9.03,8.26,6.76,5.61,8.23,8.29,7.68
9911,櫻花,11.57,12.37,12.97,12.29,12.47,11.42,10.15,13.11,15.35
9912,偉聯,-4.31,-4.65,0.08,0.04,0.12,0.54,0.13,0.33,3.3
9914,美利達,10.03,8.36,7.74,7.9,9.61,6.29,2.77,6.14,-0.95
9917,中保,14.44,14.38,14.1,13.21,-22.57,22.79,17.49,15.31,12.23
9918,欣天然,9.46,13.44,15.16,7.04,12.66,14.58,13.1,14.23,9.53
9919,康那香,1.36,-0.57,2.44,0.64,-47.19,0.61,2.89,8.14,0.37
9921,巨大,6.46,5.96,5.69,4.67,5.12,3.82,5.04,4.81,1.06
9924,福興,9.31,9.11,10.87,9.8,9.14,5.1,7.57,8.34,6.27
9925,新保,10.47,12.73,29.63,15.32,9.09,,26.85,15.86,10.12
9926,新海,12.9,13.67,16.07,21.2,12.31,13.21,15.87,25.13,14.13
9927,泰銘,6.48,6.79,7.31,8.94,10.51,9.2,7.23,9.18,11.12
9928,中視,-6.25,-31.35,-30.91,-36.01,-42.72,-11.04,-56.91,-51.69,-20.22
9929,秋雨,-108.56,-97.41,200,-1.91,2.64,-5.29,0.13,3.51,2.75
9930,中聯資源,11.71,8.55,9.95,8.19,8.96,10.56,9.01,12.06,10.2
9931,欣高,14.14,28.2,15.1,6.99,13.61,14.34,16.98,15.53,10.24
9933,中鼎,2.89,3.43,3.09,3.74,2.47,2.93,7.01,3.01,2.88
9934,成霖,1.62,1.3,3.81,-18.68,2.69,3.18,5.7,4,2.6
9935,慶豐富,1.76,1.93,1.58,1.76,2.05,0.81,6.47,5.35,5.42
9937,全國,,,,,,,,,
9938,百和,12.18,15.22,13.92,12.81,14.24,14.61,13.51,14.65,12.34
9939,宏全,1.83,5.37,9.93,8.77,2.85,8.74,7.28,9.17,1.42
9940,信義,6.96,-4.2,10.18,9.98,29.54,3.93,15.55,19.67,16.18
9941,裕融,5.32,10.83,8.79,10.45,9.42,11.75,11.98,12.08,11.91
9942,茂順,12.91,15.38,17.53,15.6,17.08,13,18.08,19.72,14.96
9943,好樂迪,20.96,28.34,26.99,21.71,17.37,23.11,21.93,26.03,25.03
9944,新麗,-3.8,4.3,4.57,0.28,-1.53,1.48,4.37,0.57,-1.05
9945,潤泰新,32.68,75.63,17.42,69.55,75.81,18.08,44.57,94.89,228.55
9946,三發地產,16.03,24.39,11.07,5,20.94,21.06,1.11,20.19,29.73
9949,琉園,-8.59,-7.02,-8.74,-16.94,0.21,-10.57,-10.9,-11.92,3.18
9950,萬國通,0.29,0.37,1.6,-0.41,2.48,-5.14,-4.34,-9.7,-18.03
9951,皇田,18.22,17.62,16.39,13.9,17.5,12.33,12.39,11.82,11.91
9955,佳龍,-15.35,-1.66,3.34,-3.01,-27.85,-4.22,-8.39,1.59,-5.7
9958,世紀鋼,9.57,2.14,7.9,-2.62,3.21,2.47,0.55,5.67,3.67
9960,邁達康,5.08,0.14,1.22,2.72,-21.68,5.92,6.3,7.65,4.88
9962,有益,-3.1,,,,,,,,
