1101,台泥,1.13,0.14,1.33,1.59,1.24,0.56,1.47,1.32,1.73
1102,亞泥,0.28,0.13,0.84,0.67,1.15,0.17,1.17,1.37,1.17
1103,嘉泥,4.43,-1.35,-0.49,0.93,0.91,-0.68,0.06,0.31,4.93
1104,環泥,2.98,2.13,3.15,2.2,2.99,1.73,2.43,2.14,2.32
1108,幸福,1.31,2.11,1.9,1.67,0.87,0.39,0.21,-0.15,-2.74
1109,信大,0.84,-0.18,1.02,0.49,1.23,0.53,1.99,1.71,3.35
1110,東泥,0.26,1.34,0.21,-0.1,-0.21,0.29,-0.38,0.18,0.63
1201,味全,-8.06,-1.29,-3.97,-0.21,-4.38,0.66,0.04,0.52,7.72
1203,味王,-0.93,1.7,1.91,2.19,2.39,1.67,2.14,2.87,1.61
1210,大成,-0.04,2.56,2.68,2.89,2.31,2.48,1.88,3.18,3.31
1213,大飲,-1.91,0.73,1.04,1.01,-0.57,0.76,-0.81,1.72,-1.39
1215,卜蜂,4.26,4.66,4.99,5.01,6.45,6.08,4.77,4.89,5.67
1216,統一,0.98,2.74,3.07,2.76,0.85,2.91,3.14,3.81,14.42
1217,愛之味,-0.6,-0.57,-0.95,0.48,2.78,-0.43,-0.58,1.03,2.17
1218,泰山,1.31,1.54,2.22,3.97,-4.27,0.04,-0.13,8.39,0.44
1219,福壽,1.34,1.03,1.11,0.96,0.89,0.94,-0.14,0.76,2.06
1220,台榮,1.44,1.42,2.33,1.78,1.53,0.38,0.97,1.47,0.45
1225,福懋油,14.35,2.69,2.67,2.39,3.11,2.19,2.01,2.5,0.12
1227,佳格,4.49,6.27,3.03,4.53,5,4.06,1.51,5.03,4.54
1229,聯華,0.46,1.67,2.87,3.37,2.3,2.04,2.72,5.19,2.76
1231,聯華食,3.98,4.32,2.63,4.04,5.18,2.34,2.37,4.5,4.26
1232,大統益,6.11,4.58,7.47,5.51,7.02,4.37,5.49,6.69,5.68
1233,天仁,5.11,3.43,3.01,2.3,3.27,3.17,2.9,3.57,2.83
1234,黑松,0.3,0.5,3.85,1.34,0.6,0.5,0.4,1.69,0.52
1235,興泰,1.7,5.21,2.79,4.94,-1.5,1.31,2.01,5.41,0.12
1236,宏亞,2.44,1.68,-2.13,0.88,3.6,-0.39,-1.88,0.82,1.79
1256,鮮活果汁-KY,1.25,4.38,8.28,10.58,2.28,4.66,10.36,10.05,1.89
1258,其祥-KY,2.92,4.93,3.88,5.29,1.68,3.01,2.07,0.85,-0.76
1259,安心,1.04,1.98,3.92,3.31,1.18,2.26,2.87,3.26,1.32
1262,綠悅-KY,4.07,3.85,4.51,4.49,5.28,4.78,1.71,0.82,0.06
1264,德麥,4.93,4.44,4.62,4.89,5.46,4.57,4.62,4.85,4.53
1301,台塑,2.09,1.96,3.58,4.06,4.03,3.14,3.12,5.28,3.78
1303,南亞,1.56,1.58,2.52,2.61,7.89,3.08,2.63,4.87,4.99
1304,台聚,0.77,0.89,1.4,0.86,0.64,0.91,0.68,1.07,0.67
1305,華夏,4.06,2.57,5.79,4.11,7.72,4.76,3.21,3.58,4.55
1307,三芳,3.14,4.46,2.98,3.62,3.51,3.78,2.97,2.49,1.3
1308,亞聚,1.44,1.08,2.24,1.65,2.37,1.56,1.84,1.57,0.93
1309,台達化,-0.69,1.47,0.4,-1.36,3.08,2.68,-1.91,6.63,6.45
1310,台苯,1.26,6.08,3.25,5.9,5.19,5.53,1.32,5.15,1.91
1312,國喬,0.88,3.04,1.7,2.97,4.55,3.71,0.97,5.72,4.75
1313,聯成,-2.67,0.18,1.72,1.46,2.72,1.67,1.3,6.59,2.51
1314,中石化,-0.1,-1.36,-1.34,-0.02,-0.86,2.55,5.51,1.09,1.9
1315,達新,0.59,0.44,0.16,2.5,1.26,-0.01,0.08,2.61,-0.32
1316,上曜,-1.67,-1.88,-1.81,-1.8,-1.4,-1.79,-1.72,1.9,15.31
1319,東陽,3.54,3.18,2.65,2.87,3.69,2.52,2.92,2.95,3.14
1321,大洋,-0.69,0.07,0.3,0.68,-1.36,-1.44,-0.81,1.85,-1.28
1323,永裕,4.19,3.12,3.58,4.5,3.24,2.31,2.99,3.91,3.39
1324,地球,1.51,1.75,2.16,1.07,1.54,7.43,-1.42,-0.25,0.09
1325,恆大,1.48,1.78,1.58,0.53,1.91,0.08,0.69,0.85,0.85
1326,台化,1.87,1.99,3.92,4.4,2.44,3.06,2.25,4.72,3.95
1333,恩得利,-6.66,-4.61,-1.67,-0.7,-3.98,-4.75,-11.45,-11.81,-10.81
1336,台翰,-1.45,-2.01,-4.49,-3.36,-0.69,0.73,2.89,2.3,1.73
1337,再生-KY,1.7,1.1,1.39,1.32,0.17,0.68,0.66,0.6,-0.05
1338,廣華-KY,3.12,2.82,2.2,2.33,3.22,2.88,2.75,2.99,3.29
1339,昭輝,3.37,1.65,1.69,0.61,5.67,-0.49,3.5,3.19,2.28
1340,勝悅-KY,3.96,3.03,4.7,4.3,3.15,1.6,4.16,4.53,3.36
1402,遠東新,0.36,0.32,0.68,0.53,0.96,0.51,0.62,1.45,0.64
1409,新纖,-0.13,0.45,0.61,0.64,0.57,0.17,0.79,1.19,0.66
1410,南染,2.03,2.29,2.65,1.94,2.53,1.24,2.37,1.9,1.93
1413,宏洲,3.88,-0.4,-1.83,-2.91,-2.6,,,,
1414,東和,,,,,,,,,
1416,廣豐,-1.27,7.36,13.53,2.6,-2.8,2.81,1.19,-0.95,1.59
1417,嘉裕,-1.66,-2.88,2.29,-2.21,-1.41,-3.67,-2.15,-2.53,-4.03
1418,東華,-12.68,-5.29,-6.5,-14.27,-19.36,-21.19,-45.81,-71.58,-102.91
1419,新紡,-0.27,-0.17,-0.15,2.27,0.21,-0.66,-0.15,2.18,13.25
1423,利華,,,,,,,,,
1432,大魯閣,-3.24,3.5,-1.66,-5.5,-1.69,-3.05,-3.49,-3.33,4.55
1434,福懋,1.09,1.09,0.73,3.4,0.55,0.62,3.94,1.1,0.6
1435,中福,-0.45,-0.66,-0.04,0,0.05,-0.11,0.32,0.59,-0.72
1436,華友聯,0.22,-1,1.74,0.84,0.34,1.31,2.52,2.45,3.88
1437,勤益控,-0.45,1.32,5.59,1.21,0.77,2.62,0.93,1.4,1.06
1438,裕豐,,,,,,,,,
1439,中和,,,,,,,,,
1440,南紡,0.88,0.1,0.77,0.85,0.54,0.46,1.05,0.88,0.6
1441,大東,-3.03,-3.41,-9.49,-10.64,-8.47,-14.86,-5.11,-16.43,-21.74
1442,名軒,2.49,0.17,2.43,8.19,0.18,4.35,3.08,1.01,1.84
1443,立益,-6.39,-11.4,-3.55,-6.73,1.43,-13.8,-4.5,-3.17,-14.52
1444,力麗,0.52,0,0.49,-1.68,1.72,-1.2,0.25,0.79,0.01
1445,大宇,0.97,0.68,1.39,0.72,0.47,-0.04,-0.15,0.69,0.17
1446,宏和,-2.08,0.15,0.78,1.95,0.8,-1.54,0.11,0.16,-1.05
1447,力鵬,-0.57,-1.8,0.64,-1.84,2.22,-1.41,-1.93,0.41,1.06
1449,佳和,-1.19,-9.38,-6.57,-2.54,-0.23,-1.93,-2.63,3.59,7.07
1451,年興,2.58,2.31,2.08,1.69,1.26,1.28,-0.5,0.97,1.7
1452,宏益,1.48,1.55,1.67,2.71,2.43,2.5,2.19,2.27,1.93
1453,大將,-0.85,0.55,-0.54,-0.08,-1,-0.79,-0.76,0.19,-1.36
1454,台富,0.93,0.47,1.67,0.7,0.33,0.33,0.46,0.41,-0.04
1455,集盛,0.28,0.21,0.67,0.4,1.5,2.82,-2.77,2.31,2.36
1456,怡華,17.08,-2.44,-0.33,-0.31,,,,,
1457,宜進,-0.02,0.53,0.63,0.14,-0.23,0.26,0.12,3.18,5.93
1459,聯發,-0.49,-0.59,-0.4,-0.74,-11.16,-1.65,0,3.12,1.18
1460,宏遠,3.86,2.41,1.76,2.28,4.52,0.92,0.78,1.1,1.66
1463,強盛,1.49,1.56,1.64,1.87,22.82,11.16,2.48,6.81,0.11
1464,得力,2.45,2.2,1.49,1.85,2.69,1.99,1.57,2.07,1.74
1465,偉全,0.77,0.63,0.51,0.32,1.81,-0.43,1.44,0.47,-0.26
1466,聚隆,-0.22,-2.54,-1.26,-0.76,-1.05,1.11,-0.81,-1.49,1.02
1467,南緯,-1.34,0.23,0.51,2.02,-2.29,-2.61,-2,2,-0.76
1468,昶和,-1.38,-0.11,0.7,-2.66,-1.43,-1.17,-0.51,-3.96,-3.21
1469,理隆,-0.61,-0.35,-0.46,-1.07,-2.36,-2.32,-0.24,-0.32,-1.79
1470,大統染,,,,,1.66,,,,1.65
1471,首利,-5.27,-4.01,-3.4,-4.55,-7.39,-6.35,-6.92,-4.72,-11.48
1472,三洋紡,-5.48,22.36,-5.74,-1.11,2.39,-6.44,0.47,-11.94,5.91
1473,台南,0.2,4.2,0.18,2.03,-1.08,1.47,-0.56,1.75,-0.35
1474,弘裕,0.5,1.73,1.77,1.21,1.92,1.25,1.39,1.51,1.72
1475,本盟,75.82,-4.71,-8.48,-13.02,-40.4,-11.64,-12.65,-12.17,-188.15
1476,儒鴻,10.76,4.89,5.76,6.38,9.46,1.79,5.59,6.8,7.35
1477,聚陽,5.15,6.81,3.23,4.71,2.39,3.58,2.46,6.19,3.28
1503,士電,1.45,1.69,1.37,1.69,0.95,1.83,1.3,1.82,1.1
1504,東元,1.12,1.28,1.89,1.64,1.55,0.96,1.93,1.49,1.07
1506,正道,0.18,0.46,0.31,0.08,0.65,1.7,-0.01,-1.2,-1.61
1507,永大,3.05,3.86,3.07,3.88,2.14,3.16,2.91,2.29,1.31
1512,瑞利,1.09,-1.5,-4.14,-5,2.16,-8.82,-9.85,-28.99,-15.89
1513,中興電,0.07,1.93,1.8,2.72,0.19,1.33,1.3,2.72,1.2
1514,亞力,0.25,2.96,0.54,0.36,-0.2,0.08,1.18,1.35,1.69
1515,力山,0.1,0.08,0.83,3.25,0.39,0.18,1.48,5.1,4.69
1516,川飛,,,,,,,,,
1517,利奇,0.46,0.16,0.44,0.42,-0.64,-1.7,0.07,1.31,-0.87
1519,華城,2.37,-1.08,5.31,3.58,0.09,1.08,1.85,-0.55,0.48
1521,大億,4.39,8.39,6.37,4.62,8.26,7.25,6.76,6.7,6.24
1522,堤維西,3.56,3.47,4.19,3.91,3.54,4.04,2.88,2.39,0.43
1524,耿鼎,3.47,2.6,2.92,1.56,4.04,0.49,2.04,2.61,2.66
1525,江申,4.93,3.81,3.64,3.79,4.01,3.77,3.9,3.95,3.26
1526,日馳,0.08,1.82,6.21,0.62,5.59,-4.37,9.76,10.59,3.62
1527,鑽全,,,,,,,,,
1528,恩德,-2.16,1.12,1.15,0.39,1.62,-0.67,1.85,3.12,-0.03
1529,樂士,-44.65,5.91,-4.41,-1.92,-18.65,3.25,1.35,0.34,5.68
1530,亞崴,1.38,0.83,1.55,0.66,1.85,-0.85,2.33,2.35,2.39
1531,高林股,0.41,0.19,0.96,0.55,1.14,0.28,1.46,1.42,0.99
1532,勤美,1.92,0.94,0.73,2.08,1.71,0.91,0.94,0.3,1.33
1533,車王電,1.77,1.21,0.49,0.95,1.12,-1.07,2.57,2.5,1.15
1535,中宇,3.68,2.04,1.95,1.88,1.56,0.61,1.06,2.16,2.33
1536,和大,7.91,6.47,7.76,5.94,8.2,4.76,5.43,5.1,4.53
1537,廣隆,6.14,5.33,7.14,6.84,7.62,4.87,7.73,6.56,6.72
1538,正峰新,-5.14,0.01,-3.7,-1.58,-11,3.97,-22.69,-8.76,-4.05
1539,巨庭,2.1,5.68,4.08,1.56,7.22,-2.58,4.46,3.28,2.04
1540,喬福,-2.03,0.93,0.5,0,1.53,-1.93,2.34,2.86,0.17
1541,錩泰,5.09,7.23,7.3,4.78,9.3,-0.33,3.85,5.3,3.35
1558,伸興,4.13,2.01,6,6.1,5.56,-1.83,5.78,5.44,2.98
1560,中砂,,,,,,,,,
1565,精華,9.33,8.52,9.51,9.94,9.8,4.6,9.14,10.44,7.61
1566,捷邦,6.58,-0.17,0.35,0.83,3.62,0.64,0.84,1.69,1.58
1568,倉佑,2.78,2.46,2.34,2.18,4.76,1.6,4.27,2.64,4.04
1569,濱川,1.76,-1.02,1.87,3.96,4.62,3.51,2.37,2.99,3.02
1570,力肯,0.88,2.35,0.73,1.8,5.43,1.36,2.94,5.72,1.51
1580,新麥,9,2.9,8.45,10.04,9,3.61,7.51,10.11,7.65
1582,信錦,3.27,2.71,3.8,5.84,4.69,3.72,4.78,4.36,2.57
1583,程泰,2.4,1.02,0.84,0.63,2.09,-0.32,2.17,3.05,2.19
1584,精剛,,-0.63,0.77,0.07,-0.08,-1.34,-2.12,-0.96,-3.18
1586,和勤,1.65,-0.01,-2.84,-2.34,1.44,0.46,-0.32,1.15,0.87
1589,永冠-KY,4.36,2.74,3.11,1.58,2.23,0.73,2.09,0.66,-0.65
1590,亞德客-KY,2.94,4.14,5.72,5.2,3.1,5.78,9,6.86,5.1
1591,駿吉-KY,1.94,2.11,4.23,3.47,6.62,1.67,-0.81,0.01,-0.34
1592,英瑞-KY,0.47,3.96,4.14,3.89,2.12,2.88,2.02,2.51,1.5
1593,祺驊,4.63,1.98,3.29,3.74,3.91,1.19,3.37,5.9,4.48
1595,川寶,0.55,0.74,1.03,1.09,-1.31,1.3,2.73,1.42,9.41
1597,直得,1.57,1.49,2.46,0.8,1.64,0.9,4.46,5.75,5.69
1599,宏佳騰,9.87,3.92,1.58,9.54,3.35,1.54,1.13,3.11,4.86
1603,華電,2.66,1.43,1.37,3.61,-0.7,1.85,0.6,2.46,0.8
1604,聲寶,0.42,3.27,4.67,1.73,0.77,1.26,2.41,1.77,-1.03
1605,華新,0.66,1.41,1.64,2.22,1.87,1.31,1.01,5.2,2.15
1608,華榮,0.89,-0.04,-0.35,1.2,0.46,1.37,0.97,1.42,1.54
1609,大亞,-0.88,-1.96,0.52,1.67,0.17,0.4,1.36,3.31,1.07
1611,中電,-1.16,-0.07,-0.78,-0.65,-16.81,0.29,-1.55,-2.76,17.03
1612,宏泰,0.11,0.08,0.31,1.18,0.56,1.42,1.55,1.22,0.32
1613,台一(下市),-22.11,-2.45,1.07,-1.77,,,,,
1614,三洋電,1.12,1.38,2.6,1.75,0.38,0.59,1.24,1.27,1.03
1615,大山,-0.17,-0.67,2.14,2.11,2.8,0.43,3.06,3.42,2.64
1616,億泰,-1.44,-0.55,1.64,1.56,-1.45,-0.65,0.64,-2.34,-4.36
1617,榮星,1.28,0.08,0.51,1.47,3.44,0.03,2.4,3.67,1.23
1618,合機,3.42,-0.28,1.36,-0.02,0.29,-0.18,1.7,-0.14,0.7
1626,艾美特-KY,-3.43,1.24,8.29,-2.36,2.82,1.45,4.82,-4.35,-1.76
1701,中化,0.55,1.87,1.99,1.23,0.59,1.73,1.13,1.88,0.9
1702,南僑,5.22,5,6.01,5.47,4.81,3.87,5.31,4.98,4.24
1704,榮化,5.47,3.38,4.32,3.73,4.28,3.15,3.53,4.04,2.73
1707,葡萄王,7.7,6.4,6.86,7.38,7.13,4.37,5.7,6.04,7.36
1708,東鹼,-3.18,1.99,1.69,2.12,5.16,1.84,2.58,2.25,2.47
1709,和益,1.33,2.7,3.63,2.9,2.72,1.89,3.01,2.21,1.2
1710,東聯,-1.89,-0.54,-1.43,-1.76,0.39,2.8,0.06,5.9,1.63
1711,永光,1.5,1.93,1.64,1.77,0.47,1.15,0.67,1.4,1.38
1712,興農,3.77,2.93,2.57,1.61,2.9,2.29,3.16,2.55,1.36
1713,國化,,,,,,,,,
1714,和桐,-1.13,0.63,0.98,0.06,1.03,0.45,0.42,1.6,-0.16
1715,萬洲化學(下市),,,,,,,,,
1717,長興,3.98,2.46,3.94,3.43,2.14,2.34,1.47,2.25,3.24
1718,中纖,-0.73,-0.21,-0.3,-0.17,0.27,-0.03,-0.04,1.13,0.48
1720,生達,2.01,2.04,1.83,2.77,1.9,1.4,2.41,3.75,1.17
1721,三晃,0.62,1.59,3.08,0.88,3.4,0.47,-0.47,1.88,1.11
1722,台肥,2.09,0.13,0.55,0.37,-1.21,1.01,0.95,0.74,0.57
1723,中碳,3.01,3.45,3.61,4,4.48,3.79,4.04,4.74,4.82
1724,台硝,6.37,2.26,2.25,2.79,1.9,0.1,1.41,0.91,2.07
1725,元禎,1.4,0.78,2.08,3.44,1.98,0.98,1.37,4.2,1.25
1726,永記,2.83,3.02,3.44,3.4,3.33,2.54,2.56,2.09,2.48
1727,中華化,1.81,1.21,1.64,1.68,2.3,0.78,1.23,2.04,2.32
1729,必翔實業(下市),,,,,,,,,
1730,花仙子,3.85,3.01,3.31,4.04,3.45,3.4,3.36,4.16,3.13
1731,美吾華,1.31,0.79,0.83,2.05,1.65,1.23,1.13,2.1,0.51
1732,毛寶,-0.8,-0.13,-1.41,-1.29,-2.84,-0.81,0.25,0.83,1.48
1733,五鼎,4.01,3.43,3.37,0.07,-7.26,-2.27,3.5,1.37,2.72
1734,杏輝,1.71,-0.42,-0.06,-0.16,1.1,-0.24,0.25,0.38,0.61
1735,日勝化,2.44,1.08,1.87,1.18,0.98,0.12,0.49,2.06,1.84
1736,喬山,6.41,-0.67,0.51,1.97,6.76,-0.71,-2.78,0.87,4.22
1737,臺鹽,0.56,1.16,1.97,1.69,1.13,1.1,1.9,1.87,1.06
1742,台蠟,-3.36,-2.62,-1.99,-10.7,-10.31,0.53,0.06,0.28,0.69
1752,南光,,3.23,2.46,2.06,3.27,3.02,1.67,1.62,2.43
1762,中化生,3.42,0.94,0.01,0.8,1.63,-0.67,-0.7,3.57,2.66
1773,勝一,4.12,4.12,5.02,4.99,5.16,4.59,5.12,5.63,5.24
1777,生泰,,,,,,,,,
1781,合世,-5.02,-5.53,-4.44,-2.09,-2.82,-5.92,-3.51,-2.03,-4.65
1783,和康生,-3.38,-1.38,-0.41,-0.17,0.44,-0.51,1.09,0.98,0.44
1784,訊聯,0.22,0.14,-0.33,-0.2,-0.29,-0.12,-0.22,-0.19,0.07
1785,光洋科,-3.31,-20.63,14.26,-0.84,-3.53,0.05,1.06,0.3,1.37
1786,科妍,1.13,-0.06,0.07,-5.33,2.43,-0.24,0.1,0.09,1.94
1787,福盈科,3.03,2.77,3.2,2.08,3.17,2.39,3.44,3.34,2.99
1788,杏昌,3.66,3.28,2.55,3.64,4.26,3.8,4.07,3.57,4.59
1789,神隆,2,1.73,1.75,1.65,1.44,1.65,0.82,1.04,0.59
1795,美時,0.34,0.73,0.19,-0.37,-2.12,-0.86,0.43,0.61,-0.04
1799,易威,-5.23,-4.17,-5.53,-6.22,-10.73,-6.95,-6.25,-7.88,-7.54
1802,台玻,-2.76,-0.76,-1.33,-0.68,-0.77,0.01,0.85,1.69,1.89
1805,寶徠,23.18,-4.44,-3.18,-2.22,-3.83,-2.32,-3.25,-2.43,7.67
1806,冠軍,-0.34,-1.5,1.79,-0.38,0.58,-3.02,0.83,0.84,0.06
1808,潤隆,,,,,,,,,
1809,中釉,0.23,0.9,1.34,0.38,-0.05,-0.92,0.64,0.4,-0.5
1810,和成,0.32,-0.68,0.33,5.71,-0.02,0.37,0.47,0.99,1.1
1813,寶利徠,2.13,1.86,2.08,0.74,0.23,-0.14,0.93,0.33,-0.94
1815,富喬,1.88,1.58,0.78,1.97,2.08,1.47,2.47,2.78,-0.01
1817,凱撒衛,4.95,3.09,3.68,4.38,5.3,3.04,4.19,4.48,5.06
1902,台紙,-0.05,0.68,0.11,0.9,-6.25,0.58,0.96,1.04,1.36
1903,士紙,-1.28,-1.77,-2.26,-0.38,-1.5,-1.65,-1.74,-0.54,-1.91
1904,正隆,0.3,0.87,1.99,1.71,1.14,1.61,1.54,1.39,1.94
1905,華紙,1,0.41,0.57,0.28,0.86,0.75,0.91,0.97,0.83
1906,寶隆,0,-1.02,4.75,-0.55,22.65,0.47,3.63,0.91,0.44
1907,永豐餘,-0.14,-0.27,-0.26,0.82,0.02,-0.11,1.23,2.57,0.2
1909,榮成,1.03,1.6,3.46,1.06,8.28,4.65,3.91,4.35,3.22
2002,中鋼,-0.47,0.15,1.65,2.08,1.1,1.12,1.03,1.1,1.9
2006,東和鋼鐵,1.54,0.91,2.96,1.29,1.22,2.1,1.74,1.11,2.28
2007,燁興,-2.68,-0.98,-1.08,-2.93,-2.21,-0.73,-2.45,-1.56,-0.81
2008,高興昌,,,,,,,,,
2009,第一銅,,,,,,,,,
2010,春源,3.43,1.33,1.92,1.48,1.13,1.54,0.22,0.55,1.17
2012,春雨,0.6,0.04,1.15,2.09,3.02,0.35,2.26,1.07,2.21
2013,中鋼構,1,0.52,0.6,0.51,0.06,0.42,0.22,0.3,0.34
2014,中鴻,-7.9,0.04,9.77,9.26,4.51,7.09,3.02,4.13,10.18
2015,豐興,3.79,2.84,3,3.22,2.06,4.25,3.44,3.09,5.37
2017,官田鋼,-1.5,-0.59,2.77,0.61,0.85,2.89,0.5,1.12,1.59
2020,美亞,1.92,2.62,3.87,3.67,2.59,3.7,2.37,1.99,2.17
2022,聚亨,-3.45,-0.36,0.59,-0.26,-1.53,-0.21,-2.02,-0.72,1.29
2023,燁輝,-1.96,0.85,3.49,1.8,2.31,2.96,0.73,0.67,0.24
2024,志聯,0.52,,,,,,,,
2025,千興,-9.43,-2.64,0.63,4.58,5.25,4.61,-10.82,4.39,13.81
2027,大成鋼,-0.35,-0.91,1.27,0.37,2.56,1.54,2.72,1.97,1.25
2028,威致,,,,,,,,,
2029,盛餘,1.42,2.83,3.98,4,4.16,4.06,1.89,0.75,1.4
2030,彰源,-5.98,1.78,0.15,2.31,5.08,6.04,2.56,1.84,5.22
2031,新光鋼,-7.98,5.58,2.24,5.11,2.98,6.15,2.66,4.04,4.81
2032,新鋼,,,,,,,,,
2033,佳大,,,,,,,,,
2034,允強,1.36,2,2.88,2.65,3.49,2.92,2.73,3.08,2.23
2035,唐榮,-2.34,-1.33,5.25,2.07,2.7,,,,
2038,海光,-1.97,0.05,0.05,-0.5,3.54,-0.74,-0.47,-1.23,2.62
2049,上銀,0.71,0.99,2.74,2.25,3.15,1.92,4.71,5.75,5.18
2059,川湖,5.93,3.36,3.8,3.87,8.29,1.25,1.72,4.02,3.73
2061,風青,-2.61,0.01,-1.79,0.29,2.22,2.34,-1.22,2.05,1.63
2062,橋椿,4.23,4.11,2.21,3.95,3.86,3.4,0.08,0.14,0.38
2063,世鎧,2.84,2.52,4.06,3.33,0.09,3.17,5.04,6.1,3.93
2064,晉椿,-0.47,1.35,2.96,-0.45,4.39,-1.75,2.17,1.04,0.59
2066,世德,,,,,,,,,
2067,嘉鋼,-6.91,-1.56,4.16,-5.77,-4.06,-7.84,-5.61,1.18,0.04
2101,南港,1.5,1.43,4.12,2.15,0.94,1.82,1.87,1.06,1.02
2102,泰豐,1.1,1.1,0.03,-1.05,-0.2,-6.06,0.23,-1.11,-0.48
2103,台橡,0.33,1.25,2.62,1.43,0.33,2.09,-0.53,1.85,1.92
2104,中橡,1.09,1.65,1.35,2.92,2.02,2.49,4.23,3.17,1.71
2105,正新,3.59,4.39,4.45,3.45,2.55,2.19,2.06,1.3,1.03
2106,建大,3.65,2.93,4.06,3.61,3.99,0.97,0.03,0.68,-0.06
2107,厚生,1.66,0.21,0.37,0.63,1.69,0.01,0.34,1.4,-0.01
2108,南帝,3.9,3.09,4.01,1.66,2.19,2.39,1.89,3.05,4.54
2109,華豐,0.15,1.19,0.59,0.78,-1.72,0.24,0.21,-0.32,-21.69
2114,鑫永銓,4.31,3.5,4.35,3.23,4.97,0.74,4.05,5.46,5.71
2115,六暉-KY,2.77,3.15,4.15,4.04,4.4,4.26,3.65,2.67,2.66
2201,裕隆,1.3,0.77,0.84,0.69,-0.65,0.96,0.44,1.26,0.25
2204,中華,1.04,1.96,1.81,1.6,0.64,1.96,2.33,1.87,1.55
2206,三陽工業,-1.75,0.14,0.36,-1.82,-0.59,0.09,2.88,1.33,-1.07
2207,和泰車,4.66,5.65,6.22,5.47,5.17,6.01,4.29,4.7,4.38
2208,台船,1.4,0.29,-0.09,-6.47,-3.76,-13.01,-11.43,-25.18,-15.71
2221,大甲,5.48,1.61,1.13,3.39,7.22,2.05,2.91,3.57,4.16
2227,裕日車,4.15,4.89,6.15,4.62,6.18,6.6,9.19,9.09,8.24
2228,劍麟,5.41,5.25,5.04,4.78,4.73,3.41,2.37,4.19,5.2
2230,泰茂,0.12,0.06,-1.33,0.09,1.4,-2.27,-0.18,-0.93,-0.05
2231,為升,11.52,9.7,10.19,9.71,10.08,4.88,9.67,9.84,7.46
2233,宇隆,3.24,2.58,3.32,3.4,6.33,3.56,4.37,5.01,4.46
2235,謚源,,,,,,,,,
2301,光寶科,3.17,2.13,2.48,4.13,3.31,2.52,2.32,-4.7,3.16
2302,麗正,0.17,0.51,0.56,-0.14,-0.13,-1.03,-0.48,-0.3,-0.27
2303,聯電,1.4,0.09,1.15,1.36,1.16,1.05,0.98,1.62,0.83
2305,全友,0.57,0.38,-0.44,-1.39,2.37,-0.7,-0.41,28.91,-2.02
2308,台達電,4.48,2.98,3.4,4.62,3.92,3.06,3.42,4.44,3.67
2311,日月光,2.83,2.31,2.63,3.43,4.81,1.48,4.4,3.36,3.11
2312,金寶,1.41,2.03,1.55,0.71,0.41,0.81,0.8,0.14,-0.33
2313,華通,4.8,1.26,0.12,2.43,4.36,1.98,2.66,6.71,5.63
2314,台揚,1.01,2.57,1.48,1.73,2.13,2.42,2.44,1.05,0.61
2316,楠梓電,-2.2,-0.43,0,-1.09,2.23,-1.66,0.64,0.37,0.63
2317,鴻海,5.07,2.58,1.68,3.35,6.32,2.43,1.54,1.84,6.16
2321,東訊,-4.87,1.9,4.32,2.78,0.21,-6.71,1.13,-1.4,-3.9
2323,中環,-5.43,-1.63,-1.13,-1.88,-5.96,-2.5,-0.08,-1.45,-1.49
2324,仁寶,2.1,1.45,1.59,2.03,2.37,0.97,0.24,2.19,1.94
2325,矽品,-0.3,2.24,4.15,4.23,4.34,1.49,3.26,3.41,2.19
2327,國巨,2.94,3.19,3.8,4.01,5.99,3.37,5.03,6.74,10.21
2328,廣宇,0.34,-0.18,7.57,0.78,1.47,0.68,1.46,2.18,1.58
2329,華泰,5.58,3.59,3.06,1.14,0.08,-2.86,-2.16,-1.54,-5.15
2330,台積電,6.14,5.18,5.85,7.8,7.49,6.16,4.74,6.48,6.72
2331,精英,-0.07,0.9,-13.78,3.83,2.27,1.63,1.23,0.97,-1.95
2332,友訊,-8.56,-1.95,-4.49,-3.8,1.14,-2.22,-0.92,0.38,0.77
2337,旺宏,-8.61,-4.95,-4.03,3.69,3.92,1.1,3.24,10.33,11.11
2338,光罩,-0.03,-1.37,-0.44,-1.23,-1.87,-0.78,0.41,-0.03,-2.13
2340,光磊,2.08,1.49,3.55,3.8,2.23,2.32,2.11,2.64,1.84
2342,茂矽,-8.98,-10.73,-2.58,0.25,-0.4,-4.58,0.11,1.49,-0.04
2344,華邦電,2.05,1.9,1.54,1.54,1.84,1.49,2.12,4.32,3.2
2345,智邦,5.65,4.78,5.86,5.95,6.2,7.17,7.27,7.57,6.66
2347,聯強,0.98,2.73,2.56,2.87,3.07,2.65,3.11,4.26,3.85
2348,海悅,0.08,0.49,0.22,0.25,-0.02,1.65,4.37,3.74,5.23
2349,錸德,-4.28,-2.4,-2.15,-2.09,-5.28,-2.34,-2.39,-2.9,-7.7
2351,順德,2.11,2.98,3.47,3.76,3.84,2.84,3.33,4,3.04
2352,佳世達,0.82,1.64,2.57,4.63,4.99,3.73,4.15,3.81,3.94
2353,宏,0.36,0.07,0.83,0.39,-9.53,0.11,0.44,2.58,1.85
2354,鴻準,3.82,2.69,2.84,3.59,2.33,0.86,1.31,2.16,3.6
2355,敬鵬,3.9,4.02,3.78,3.67,4.14,2.38,2.46,3.11,1.49
2356,英業達,1.59,1.94,2.3,2.05,2.97,1.13,3.31,4,3.08
2357,華碩,2.68,2.42,2.41,3.45,2.72,1.95,1.1,3.29,2.27
2358,廷鑫,,-12.71,-3.08,-7.43,-14.68,3.49,2.66,1.19,1.3
2359,所羅門,3.3,0.58,0.76,0.44,1.54,-0.2,1.02,0.89,-0.46
2360,致茂,2.64,3.31,4.58,5.83,3.63,2.54,4.44,7.3,6.88
2361,鴻友科技(下市),,,,,,,,,
2362,藍天,0.39,0.15,0.54,0.08,0.55,0.09,0.72,0.42,0.5
2363,矽統,0.52,-0.72,-1.02,1.36,-2.32,-1.64,-1.23,1.02,-2.09
2364,倫飛,-4.2,-4.6,-7.03,-17.18,-9.24,-13.86,-5.65,-5.21,-18.66
2365,昆盈,0.19,-0.64,-0.38,-1.21,-5.5,-0.71,0.29,1.54,0.29
2367,燿華,1.47,-2.75,-6.63,-1.63,3.59,-2.91,0.37,2.27,7.83
2368,金像電,-0.52,-2.48,0.95,1.83,1.79,-2.64,0.74,-1.83,-0.14
2369,菱生,-0.33,0.16,0.4,2.55,0.64,0.67,0.51,0.59,0.33
2371,大同,-2,-1.68,-1.52,-0.67,-0.47,0.11,0.65,-0.17,-0.49
2373,震旦行,3.44,3.53,3.61,4.57,4.14,4.02,4.22,5.2,8.93
2374,佳能,1.1,-0.33,0.6,2.7,1.61,0.2,0.82,1.55,0.01
2375,智寶,0.35,-2.5,-1.05,0.03,0.51,0.81,3.59,2.12,1.94
2376,技嘉,1.43,2.38,1.9,3.67,2.25,1.16,2.53,4.89,3.55
2377,微星,4.19,4.4,3.62,6.39,4.51,5.02,2.49,6.27,4.76
2379,瑞昱,3.29,2.64,4.65,3.49,3.08,2.28,4.44,5.52,3.68
2380,虹光,-2.77,-3.31,-1.84,-2.41,-2.48,-4.85,-4.34,-5.96,-10.84
2382,廣達,3.59,2.56,2.55,2.97,2.96,1.99,2.91,2.99,2.63
2383,台光電,6.28,5.6,6.11,8.61,7.79,6.75,6.9,7.12,4.89
2384,勝華科技(下市),,,,,,,,,
2385,群光,5.11,2.02,3.32,3.07,5.06,2.14,3.23,4.54,4.66
2387,精元,4.12,1.94,1.29,1.67,1.96,2.52,0.03,0.62,-0.57
2388,威盛,-9.34,1.89,1.58,0.89,0.75,0.48,0.34,0.49,0.04
2390,云辰,2.53,1.18,-1,-2.13,0.07,-3.49,-2.62,-0.64,1.18
2392,正崴,0.84,0.08,0.04,0.86,1.97,0.37,1.45,2.38,0.89
2393,億光,3.07,2.45,2.51,2.62,2.61,1.77,2.16,1.63,1.32
2395,研華,5.86,5.61,6.13,6.3,5.63,4.65,6.76,6.28,6.07
2397,友通,2.52,4.79,4.4,3.85,3.9,2.42,4.09,4.62,2.54
2399,映泰,-2.49,-0.9,1.13,-1.98,0.33,-1.56,3.58,2.48,-0.19
2401,凌陽,2.15,0.02,0.22,0.39,0.5,2.96,0.27,0.72,0
2402,毅嘉,0.05,-0.8,-0.71,0.29,1.78,-1.43,-1.51,-2.1,0.07
2404,漢唐,2.99,5.09,6.35,6.97,6.41,2.74,5.77,6.83,3.74
2405,浩鑫,-0.38,-1.51,-0.27,1.15,-2.02,-2.26,1.4,-0.64,-2.83
2406,國碩,1.89,2.38,0.81,-1.49,-1.31,-2.5,-17.03,-1.68,-10.48
2408,南亞科,3.48,3,0.61,2.28,27.17,3.58,6.67,8.09,17.87
2409,友達,-3.91,-2.73,-0.29,2.55,4.58,4.68,4.72,4.1,1.88
2412,中華電,2.56,3.07,2.98,2.66,2.11,2.55,2.85,2.83,2.35
2413,環科,1.27,0.78,1.56,0.43,-1.77,-4.36,1.61,1.49,-5.59
2414,精技,1.86,2.37,1.81,2.22,1.44,2.29,2.07,2.74,1.47
2415,錩新,0.68,1.14,2.68,4.69,3.15,0.67,1.48,2.57,3.05
2417,圓剛,-1.53,-1.14,-0.52,-0.49,-0.09,-0.91,-0.43,0.23,-0.3
2419,仲琦,3.26,2.56,2.2,2.47,5.07,0.38,2.81,3.17,2.19
2420,新巨,6.34,4.53,4.51,3.74,6.9,0.77,5.43,5.48,4.37
2421,建準,4.18,1.24,3.56,4.6,5.15,3.12,5.29,4.65,3.38
2423,固緯,3.72,2.73,3.29,2.78,3.2,3.37,4.94,2.71,2.08
2424,隴華,-3.83,-2.54,-1.66,-3.72,-1.6,-6.2,-1.33,-0.18,-3.85
2425,承啟,2.72,0.77,0.85,0.59,2.95,-4.01,0.79,0.59,-0.59
2426,鼎元,0.86,0.85,1.47,0.57,4.73,-1.51,2.58,1.7,2.49
2427,三商電,0.84,0.36,0.63,0.89,0.48,0.42,1.08,1.66,0.21
2428,興勤,3.11,2.61,4.68,6.63,4.87,4.08,7.56,4.45,4.74
2429,銘旺科,-14.29,1.35,3.39,-0.03,-2.47,-4.17,-4.57,-5.6,-10
2430,燦坤,0.54,3.67,2.73,2.29,1.64,1.77,0.72,2.01,1.28
2431,聯昌,-1.1,0.62,1.39,1.38,2.47,0.34,0.42,0.09,-3.3
2433,互盛電,2.32,1.95,1.79,5.45,1.8,4.01,1.98,5.14,2.04
2434,統懋,-2.3,-6.5,-6.42,-5.14,1.87,-7.62,-2.44,-1.78,-8.72
2436,偉詮電,0.42,0.63,1,2.47,0.95,0.13,1.65,3.61,1.73
2437,旺詮(下市),2.77,1.83,3.23,2.41,3.17,0.98,,,
2438,翔耀,-0.7,0.14,-0.82,-0.07,-0.15,1.05,-3.25,-1.87,-4.91
2439,美律,5.11,0.66,5.66,15.57,11.15,4.05,6.32,6.63,17.89
2440,太空梭,-1.33,-1.5,0.06,1.07,1.2,0.96,1.21,4.14,3.91
2441,超豐,,,,,,,,,
2442,新美齊,0.55,-3.26,1.11,1.7,1.64,-0.76,0.22,-1.66,-1.98
2443,新利虹,-2.33,-2.39,-3.48,-3.39,-2.89,-3.55,-4.2,-5.42,-4.7
2444,友旺,8.75,2.87,2.83,0.7,-0.71,,,,
2448,晶電,-4.65,-3,-3.32,0.01,-0.31,-0.55,1.43,1.55,0.75
2449,京元電子,2.08,2.66,3.75,3.86,2.79,2.34,2.51,2.78,1.74
2450,神腦,5.87,4.3,3.85,4.86,4.33,2.56,4.35,4.21,3.31
2451,創見,4.02,2.99,3.81,2.48,5.14,2.79,3.89,3.65,2.95
2453,凌群,1.29,0.21,1.31,0.22,2.11,1.07,0.6,1.26,2.32
2454,聯發科,1.83,1.76,2.75,3.43,2.12,2.67,0.94,2.01,3.91
2455,全新,,,,,,,,,
2456,奇力新,3.47,3.74,2.87,2.65,2,3.65,4.03,6.28,4.84
2457,飛宏,-1.04,-3.61,-3.57,-1.18,2.9,0.55,0.1,1.43,-1.93
2458,義隆,2.61,1.52,2.01,3.71,2.37,2.02,4.29,5.85,3.36
2459,敦吉,1.8,1.63,1.9,2.91,1.98,2.33,2.21,3.16,1.99
2460,建通,0.4,-0.54,0.72,0.51,0.89,-0.67,-0.54,0,1.16
2461,光群雷,1.03,0.94,0.85,1.88,2.99,0.21,1.09,2.35,1.17
2462,良得電,2.45,0.03,0.8,1.68,3.49,-1.38,1.09,1.51,0
2464,盟立,4.46,3.06,3.78,2.38,4.76,-1.36,5.09,3.31,5.53
2465,麗臺,-4.41,-6.05,-7.98,-4.76,-17.45,16.48,-1.59,-0.37,-28.32
2466,冠西電,-2.21,-2.03,0.83,-0.73,2.27,-2.61,0.15,1.14,1.49
2467,志聖,-21.42,2.46,2.34,3.18,2.56,1.98,6.16,5.73,4.31
2468,華經,2.16,0.64,1.4,0.62,1.45,0.56,0.92,0.79,1.05
2471,資通,3.83,1.75,-1.05,3.21,7.92,-4.13,3.48,-0.12,5.48
2472,立隆電,1.59,3.01,1.48,1.77,2.63,0.33,2.82,4.03,2.37
2474,可成,6.24,3.55,3.34,3.96,8.07,1.73,3.48,6.1,6.4
2475,華映,-20.95,-26.5,2.98,0.35,1.21,3.07,2.09,0.41,-0.17
2476,鉅祥,2.11,1.42,2.47,2.33,3.21,0.58,2.01,3.09,2.05
2477,美隆電,2.57,1.79,1.94,2.55,3.6,2.44,2.32,2.62,2.57
2478,大毅,0.96,1.12,0.99,1.09,1.47,0.78,0.76,1.22,1.45
2480,敦陽科,2.65,2.36,2.6,3.63,2.47,2.65,2.9,3.18,2.9
2481,強茂,1.55,2.23,1.63,1.73,1.81,1.57,2.58,3.36,-12.06
2482,連宇,-2.85,1.1,0.46,-0.07,0.75,-3.76,-1.4,-1.78,-1.97
2483,百容,0.94,1.5,1.65,1.61,2.69,0.02,1.93,3.36,1.62
2484,希華,1.83,0.36,2.82,1.49,3.45,0.48,2.05,1.91,1.4
2485,兆赫,3.82,2.96,1.51,0.76,1.95,-1.87,1.28,0.95,0.18
2486,一詮,-4.92,-0.86,-0.61,-0.33,-1.02,-2.43,0.27,-1.15,-1.66
2488,漢平,4.51,4.86,5.84,6.44,6.8,2.02,2.44,3.76,1.78
2489,瑞軒,7.28,6.69,2.31,1.67,0.03,-3.55,-2.59,0.81,-1.14
2491,吉祥全,10.9,-1.53,-1.73,-1.65,0.99,-0.18,6.03,-0.47,0.15
2492,華新科,2.17,2.52,3.23,4.3,3.6,2.45,2.72,5.13,4.96
2493,揚博,,,,,,,,,
2495,普安,2.53,0.72,1.36,1.33,3.77,-0.22,0.45,0.81,1.82
2496,卓越,,9.17,-26.6,0.04,5.64,4.43,5.46,5.13,4.86
2497,怡利電,-0.13,0.32,0.81,-0.9,0.32,-2.07,-0.95,-1.61,-0.61
2498,宏達電,-5.06,-4.14,-5.12,-3.17,-5.8,-4.07,-4.12,-6.89,-25.26
2499,東貝,0.13,0.05,0.47,0.11,-7.73,-2.6,0.1,-1.93,-29.2
2501,國建,1.83,1.03,3.83,2.67,4.77,2.79,0.68,0.56,2.16
2504,國產,-0.65,-0.26,-1.28,-1.18,-17.56,14.04,0.31,0.29,-0.72
2505,國揚,0.92,-0.73,0.2,-1.12,1.74,0.9,2.81,-0.83,-0.89
2506,太設,-0.43,0.26,0.9,2.03,-1.59,1.14,-0.61,0.05,-0.43
2509,全坤建,18.26,0.32,-1.39,-0.08,-0.36,-0.32,-0.07,0.52,0.78
2511,太子,5.67,0.44,0.87,0.78,4.56,0.57,0.92,1.53,2.35
2514,龍邦,6.02,-0.81,-0.25,6.19,-0.36,1.74,7.09,4.06,0.46
2515,中工,-4.3,0.21,-0.06,0.84,0.38,0.14,0.63,0.43,0.13
2516,新建,-0.26,0.89,-0.15,4.57,-4.7,-1.38,-8.28,-0.91,-10.68
2520,冠德,5.14,0.83,2.2,2.03,0.58,0.5,0.78,1.19,0.17
2524,京城,0.45,0.44,-0.33,2.01,3.09,0.55,0.74,2.57,2.81
2527,宏璟,1.64,0.17,-0.51,1.66,-0.5,-0.47,-0.65,1.4,0.19
2528,皇普,,,,,,,,,
2530,華建,19.14,13.53,-1.4,-0.57,-1.39,-0.81,-0.75,-0.57,-1.04
2534,宏盛,,,,,,,,,
2535,達欣工,2.19,3.08,3.1,1.35,5.78,1.94,2.2,1.56,3.11
2536,宏普,,,,,,,,,
2537,聯上發,,,,,,,,,
2538,基泰,-1.85,1.22,-1.11,-1.09,-0.25,-0.83,0.46,0.72,0.36
2539,櫻花建,,,,,,,,,
2540,愛山林,3.27,0.15,1.05,3.99,1.47,0.18,1.29,-1.26,0.24
2542,興富發,15.93,6.96,1.54,5.42,2.53,0.88,0.81,3.64,0.25
2543,皇昌,-0.17,1.43,1.25,0.84,0.62,0.91,-0.51,-0.25,0.23
2545,皇翔,2.87,4.01,15.84,1.67,-3.25,2.44,-0.81,0.14,0.18
2546,根基,-0.22,2.31,2.14,4.39,0.78,1.68,4.91,4.46,2.03
2547,日勝生,-2.59,-1.74,-26.42,-8.53,-5.38,-8.01,-3.67,-4.37,7.47
2548,華固,2.85,-0.26,-0.33,8.5,9.4,0.49,1.68,11.68,0.79
2596,綠意,0.51,-0.25,4.77,8.9,7.02,2.71,1.14,1.61,6.34
2597,潤弘,3.26,1.19,1.18,4.73,4.69,1.78,1.98,1.59,1.41
2601,益航,-3.57,-3.87,-0.34,-4.02,-1.05,2.16,-1.03,0.83,2.76
2603,長榮,-5.27,-6.52,-1,-2.13,-2,0.59,5.17,6.55,0.29
2605,新興,1.06,1.39,0.69,0.46,0.6,0.9,1.08,0.05,0.88
2606,裕民,0.77,-2.43,-1.92,0.03,1.02,-0.07,0.63,2.2,1.81
2607,榮運,0.91,0.92,1.11,0.8,0.96,0.81,0.82,1.03,1.43
2608,大榮,3.79,4.06,4.92,3.18,3.36,2.46,3.82,4.92,3.61
2609,陽明,-11.23,-12.31,-19.1,-22.53,-11.07,-5.48,-2.71,7.45,1.83
2610,華航,1.1,2.39,-0.28,0.86,-2.1,-6.74,3.22,5.15,2.13
2611,志信,-0.75,0.08,0.56,-0.56,-2.5,-1.01,-0.35,1.76,-0.05
2612,中航,0.92,0.71,0.31,0.2,-0.84,-0.73,-0.39,0.71,1.49
2613,中櫃,0.76,0.1,1.18,-0.18,0.59,-0.26,0.58,0.76,0.84
2614,東森,-22.52,-5.29,6.62,7.79,-4.63,-1.18,-1.4,-0.24,38.96
2615,萬海,-0.76,0.12,0.73,0.16,2.35,-0.6,2.67,3.81,1.73
2616,山隆,1.83,2.11,3.36,3.53,2.76,9.68,1.93,2.2,0.88
2617,台航,-0.08,0.09,-0.07,-0.17,-0.79,0.18,0.33,1.71,2.72
2618,長榮航,0.83,1.92,2.16,3.97,-1.97,-1.25,2.67,7.33,0.6
2634,漢翔,3.24,4.11,4.98,3.8,4.8,0.9,3.52,5.03,4.6
2636,台驊投控,2.54,0.46,1.91,1.86,1.12,1.33,3.05,3.45,2.51
2637,慧洋-KY,1.47,2.97,0,0.09,2.07,0.15,-0.55,0.74,1.28
2640,大車隊,2.11,3.63,2.06,3.18,3.2,4.21,5.34,4.32,3.9
2641,正德,2.5,-0.86,-0.26,0.24,0.77,-0.64,0.04,0.42,-29.97
2642,宅配通,-0.21,2.92,1.21,0.5,0.43,3.04,2.77,1.31,0.07
2701,萬企,,,,,,,,,
2702,華園,0.45,1.72,1.93,0.71,0.72,0.55,0.86,0.45,-2.13
2704,國賓,0.75,1.29,0.56,1.75,0.99,1.22,0.84,1.74,0.85
2705,六福,-2.41,-1.41,-2.69,-2.1,-1.35,-2.02,-2.56,-3.39,-17.62
2706,第一店,,,,,,,,,
2707,晶華,9.01,6.36,5.22,5.67,8.25,5.98,7.01,7.66,8.79
2712,遠雄來,,,,,,,,,
2718,晶悅,,,,,,,,,
2719,燦星旅,-6.06,-0.82,-2.85,-2.19,-8.85,-4.44,-10.41,-12.24,-7.67
2722,夏都,,,,,,,,,
2723,美食-KY,4.61,4.7,4.68,6.15,5.97,5.46,5.45,6.73,6.01
2724,富驛-KY,-11.02,-10.31,-10.94,-63.04,-171.97,-31.78,,,-102.83
2726,雅茗-KY,2.85,2.9,5.3,8.77,5.75,6.88,7.62,7.97,3.78
2727,王品,-4.42,1.8,1.81,2.55,0.83,2.73,2.88,2.78,1.25
2729,瓦城,2.5,4.61,4.56,5.23,2.18,4.53,4.54,5.23,3.08
2731,雄獅,1.79,3.34,4.43,2.93,0.56,4.48,6.89,6.7,2.82
2732,六角,4.17,2.25,3.54,5.45,5.71,1.52,4.09,6.06,4.22
2734,易飛網,-0.87,-0.83,-0.77,-2.26,-8.53,1.05,-0.57,-3.69,-13.96
2801,彰銀,1.9,2.58,,,,,,,
2809,京城銀,2.84,3.81,3.62,4.37,3.68,3.69,4.39,4.32,3.6
2812,台中銀,1.71,1.95,1.97,2.33,2.39,2.1,1.9,2.29,2.35
2816,旺旺保,1.09,1.55,0.19,2.37,1.99,2.83,4.12,5.79,4.03
2820,華票,,,,,,,,,
2823,中壽,,,,,,,,,
2832,台產,,,,,,,,,
2833,台灣人壽(下市),,,,,,,,,
2834,臺企銀,1.95,1.98,1.78,1.97,1.69,2.07,2.26,2.08,0.46
2836,高雄銀,1.01,1.37,1.28,1.39,1.25,1.39,1.24,1.19,-0.56
2838,聯邦銀,2.53,1.84,1.59,2.2,1.71,1.81,1.69,1.98,1.69
2841,台開,10.82,0.17,1.59,-0.8,0.44,0.16,1.57,-0.47,1.36
2845,遠東銀,2.09,2.19,1.97,2.04,1.91,1.77,2.2,1.97,0.89
2847,大眾銀行(下市),,,,,,,,,
2849,安泰銀,3.87,0.22,1.25,0.8,,,,,
2850,新產,,,,,,,,,
2851,中再保,,,,,,,,,
2852,第一保,,,,,,,,,
2855,統一證,1.29,0.83,0.52,3.21,-0.95,3.08,1.66,2.7,3.34
2856,元富證,4.31,0.3,2.04,1.44,-1.92,0.7,1.3,1.35,1.08
2867,三商壽,,,,,,,,,
2880,華南金,2.31,2.38,2.56,1.81,2.26,1.43,2.31,2.35,1.38
2881,富邦金,1.47,2.24,3.5,3.62,1.8,2.29,1.99,5.56,2.05
2882,國泰金,0.68,1.75,1.23,5.21,1.72,1.98,2.82,3.76,1.39
2883,開發金,1.45,0.67,0.46,1.56,0.89,1.08,1.04,2.7,1.12
2884,玉山金,2.01,3.01,2.84,2.75,1.88,2.85,2.74,2.81,2.15
2885,元大金,0.2,1.59,1.36,1.89,1.36,1.38,1.71,2.62,1.55
2886,兆豐金,2.76,2.57,0.61,2.86,1.64,2.5,2.42,2.61,1.2
2887,台新金,1.33,3.1,2.37,2.53,1.18,2.22,2.31,2.37,1.73
2888,新光金,1.47,-2.13,1.28,1.99,2.47,-2.14,3.1,5.9,0.13
2889,國票金,1.09,1.87,1.67,1.64,0.79,1.54,1.52,1.73,1.85
2890,永豐金,1.41,2.05,1.7,1.51,0.97,1.76,1.46,1.86,1.63
2891,中信金,4.05,2.33,2.73,3.16,1.61,3.57,3.2,,
2892,第一金,2.13,2.33,2.3,2.49,2.05,2.24,2.77,2.76,0.32
2901,欣欣,,,,,,,,,
2903,遠百,1.91,0.82,0.28,0.57,1.45,0.66,0.33,1.05,2.19
2904,匯僑,2.9,3.74,2.6,2.28,2.41,2.12,2.37,2.98,2.95
2905,三商,-2.12,0.8,3.55,2.61,-0.51,-1.76,4.71,2.87,-1.43
2906,高林,-1.13,0.46,-0.11,0.01,1.61,-0.36,0.63,0.23,0.25
2908,特力,1.33,4.04,1.56,2.07,1.35,4.09,1.77,2.18,2.92
2910,統領,1.24,0.34,0.1,1.22,-0.02,0.68,1.24,0.65,-1.44
2911,麗嬰房,0.48,0.39,-3.57,-2.09,4.7,-0.96,-3.09,-3.5,20.75
2912,統一超,4.95,7.55,8.31,9.43,6.15,7.93,8.46,9.71,48.16
2913,農林,0.94,0.79,0.47,0.9,-0.23,3.5,0.2,0.02,0.08
2915,潤泰全,6.1,6.42,1.3,6.12,7.57,1.41,3.02,7.08,22.2
2916,滿心,5.79,2.07,0.4,-0.84,5.08,,,,
2923,鼎固-KY,2.29,0.61,1.71,0.45,1.52,0.42,-0.4,0.21,0.04
2924,東凌-KY,1.35,0.02,0.03,0.09,1.67,-2.46,-1.19,-6.17,-4.19
2926,誠品生活,9,8.04,6,7.88,4.69,7.67,5.29,7.76,5.38
2929,淘帝-KY,9.44,6.01,7.81,1.04,5.31,4.15,7.51,5.49,5.84
3002,歐格,0.99,1.06,0.86,1.6,1.14,2.45,0.97,1.28,0.69
3003,健和興,1.79,1.95,2.27,1.96,3.21,2.22,3.36,3.35,2.55
3004,豐達科,5.79,4.1,4.21,3.46,4.45,2.2,2.95,4.04,3.52
3005,神基,2.44,2.03,2.47,3.35,6.54,2.72,2.86,4.07,3.46
3006,晶豪科,0.97,2.11,2.33,1.22,3.18,1.55,4.67,2.97,3.24
3008,大立光,11.18,5.58,5.76,10.75,11.7,6.22,6.02,9.67,9.75
3010,華立,2.97,3.09,1.85,2.51,2.27,2.69,2.5,3.77,3.71
3011,今皓,-0.77,-2.38,-0.57,1.33,1.95,-1.85,-0.78,-2.48,-3.14
3013,晟銘電,-0.09,-1.34,1.88,3.07,4.2,0.41,1.77,4.31,1.76
3014,聯陽,2.5,2,2.36,3.65,1.85,2.28,2.47,3.44,2.09
3015,全漢,3.03,0.54,0.68,1.15,1.26,0.25,-0.1,3,0.55
3016,嘉晶,-0.89,0.59,0.91,-0.66,0.05,0.58,1.73,1.91,2.02
3017,奇鋐,2.44,2.39,2.13,2.56,2.94,2.6,2.59,2.94,2.37
3018,同開,-8.54,0.13,-1.43,1.22,2.26,0.98,0.19,0.35,5.2
3019,亞光,-0.52,0.14,0.75,1.05,0.26,0.2,1.3,2.04,0.55
3021,鴻名,2.31,1.25,2.89,2.59,2.22,1.17,3.73,2.91,1.91
3022,威強電,2.94,4.42,3.82,4.41,5.43,4.69,3.1,2.88,1.21
3023,信邦,3.28,5.36,5.48,5.38,4.36,4.85,6.04,6.12,4.11
3024,憶聲,-6.37,-2.25,-3.07,2.27,34.31,0.24,-0.33,-0.7,2.12
3025,星通,0.62,0.47,0.6,1.29,1.29,-2.46,1.72,-0.27,3.06
3026,禾伸堂,0.4,1.71,1.32,1.49,1.18,1.42,1.5,2.96,4.67
3027,盛達,0.59,0.58,1.68,0.82,-1.67,-0.93,-1.57,-0.66,-12.92
3028,增你強,1.78,2.19,1,1.26,1.52,1.49,1.64,3.51,2.54
3029,零壹,1.99,1.32,2.64,4.29,3.37,0.79,2.36,4.19,2.38
3030,德律,0.58,1.83,3.45,1.28,1.45,1.47,3.18,5.17,2.35
3031,佰鴻,-2.22,0.35,2.52,1.58,1.52,0.95,2.05,2.11,2.24
3032,偉訓,5.18,4.66,3.84,3.14,4.26,1.71,1.85,2.82,1.14
3033,威健,2.53,2.46,2.04,1.77,1.77,1.92,1.92,4.78,3.53
3034,聯詠,5.46,4.19,4.71,4.7,4.59,3.27,4.48,5.86,4.71
3035,智原,-1.5,1.46,2.52,1.05,0.65,10.08,2.76,2.31,0.76
3036,文曄,3.04,2.39,2.66,4.01,1.17,3,3.36,4.7,3.82
3037,欣興,1.89,-0.46,-0.42,-0.65,1.59,0.22,-0.4,-0.71,1.77
3038,全台,2.86,2.83,1.68,1.79,2.88,-2.16,1.86,1.85,1.43
3040,遠見,0.92,3.59,1.32,4.06,0.84,36.21,1.22,0.39,0.42
3041,揚智,0.32,-0.47,-1.7,-1.56,-7.36,-2.36,-2.11,-2.3,-3.36
3042,晶技,2.46,2.14,2.1,2.75,3.15,3.32,1.84,2.55,2.7
3043,科風,-33.63,-110.47,-109.98,-366.09,187.28,-32.24,-1095.82,-68.75,-240.58
3044,健鼎,2.78,2.24,2.38,3.44,4.25,3.09,3.67,4.53,3.7
3045,台灣大,5.94,5.59,6.45,6.62,5.35,5.8,5.91,6.48,3.8
3046,建,-3.58,-7.39,-11.45,-9.25,-22.73,-12.65,-9.11,2.74,-5.05
3047,訊舟,1.09,0.57,2.51,-0.93,1.15,-2.07,-0.44,-0.96,-4.31
3048,益登,2.5,0.82,1.63,4.84,0.32,1.68,2.49,4.39,2.94
3049,和鑫,-1.17,-5.64,-9.27,2.98,5.01,0.76,0.16,-2.17,3.23
3050,鈺德,2.2,0.95,1.5,1.77,-0.31,1.27,2.65,2.62,-0.99
3051,力特,-0.16,-6.93,-4.11,-10.01,6.44,-5.26,-0.96,0.84,-7.74
3052,夆典,1.59,0.18,0.19,0.04,1.09,0.19,0.09,0.14,6.24
3054,立萬利,-4.37,2.04,0.49,2.67,0.37,2.85,-1.02,1.88,1.44
3055,蔚華科,19.18,1.54,1.23,0.38,1.64,0.04,0.66,0.36,0.48
3056,總太,2.93,-0.37,22.87,-0.45,-0.36,-0.08,13.38,2.74,-0.66
3057,喬鼎,0.1,-2.42,-2.9,-2.56,-7.94,-7.33,-3.48,-5.45,-22.41
3058,立德,-1.03,0.72,0.81,1.39,0.73,0.14,-0.08,-1.53,-0.02
3059,華晶科,0.35,-0.5,0.01,0.13,0.98,0.35,-0.19,-0.11,0.1
3060,銘異,2.86,0.39,1.14,1.18,1.53,0.76,0.13,0.45,-0.15
3062,建漢,2.3,1.84,1.39,0.82,1.79,0.34,0.62,0.77,0.82
3064,泰偉,-9.45,12.62,-9.89,-14.74,-18.68,-25.88,-22.09,-34.67,61.3
3066,李洲,-5.38,-2.54,-6.52,-3.69,-4.6,-0.51,-1.12,-1.12,1.01
3067,全域,-1.97,-7.63,-3.1,-0.98,5.72,-1.96,-1.03,-4.58,-2.55
3068,美磊,3.21,3.85,5.37,7.82,6.79,4.67,3.95,9.11,3.38
3071,協禧,0.96,0.22,1.85,2.46,1.33,2.17,2.75,3.79,2.43
3073,凱柏實業,-4.94,-1.05,3.68,0.67,-3.32,-2.61,-1.71,-2.44,-3.5
3078,僑威,5.95,3.21,4.19,5.54,6.35,1.96,3.57,5.95,4.51
3083,網龍,-6.92,-3.63,-1.66,-1.59,0.12,0.02,0.02,-0.89,-4.91
3085,新零售,2.91,-0.47,-0.7,-2.22,-11.7,-9.83,-5.62,-6.12,-20.92
3086,華義,-11.1,-1.41,-32.19,-23.09,-46.76,-27.58,-34.41,-18.64,-9.58
3088,艾訊,6.46,5.96,4.44,5.63,5,1.57,38.01,4,1.85
3089,遠昇,-8.81,-4.51,-85.21,-8.79,-0.69,-2.61,-32.53,-1.97,0.73
3090,日電貿,3.25,2.59,3.51,3.53,3.8,4.25,3.2,5.66,5.48
3092,鴻碩,2.8,2.45,5.71,6.08,7.89,4.96,6.7,6.01,5.03
3093,港建,5.07,2.48,2.78,1.99,0.52,0.14,1.96,0.5,0.14
3094,聯傑,1.64,1.44,1.41,1.11,1.86,0.47,1.69,1.56,0.69
3095,及成,5.86,-19.69,-76.18,-16.64,26.61,5.52,4.42,4.15,24.36
3105,穩懋,4.24,4.74,3.89,5.55,3.08,2.66,4.03,6.31,5.92
3114,好德,0.05,-1.63,-0.21,1.1,3.62,-1.79,3.99,3.75,2.91
3115,寶島極,-1.51,-0.88,0.57,-0.71,0.02,2.19,-0.8,2.4,1.83
3118,進階,,,,,,,,,
3122,笙泉,3.12,1.93,1.79,-0.79,1.98,-0.13,-0.88,-2.53,0.44
3126,,,,,,,,,,
3128,昇銳,1.21,0.1,0.63,-0.32,1.24,-0.99,-0.27,0.42,2.47
3130,一零四,5.2,10.76,6.68,5.97,2.91,4.45,5.73,6.6,4.43
3131,弘塑,8.96,5.31,4.37,3.98,8.17,3.42,6.78,5.25,1.38
3141,晶宏,1.37,5.04,6.25,2.76,1.83,0.42,1.49,4.61,2.77
3144,新揚科,0.17,0.19,1.37,2.79,4.11,1.27,3.33,5.36,2.82
3149,正達,-51.64,0.96,-0.22,-11.38,-19.96,0.91,3.73,-1.88,-0.8
3152,璟德,,,,,,,,,
3162,精確,-0.5,-3.72,-2.97,-19.24,-18.19,-9.76,0.79,0.04,-23.92
3163,波若威,-3.95,2.7,4.69,7.74,4.53,2.27,-1.72,-1.39,-0.87
3164,景岳,-3.76,-0.53,-0.03,-0.68,-15.7,-0.19,3.12,1.68,-1.17
3167,大量,-2.28,2.89,2.42,2.49,3.66,0.97,6.46,8.06,5.99
3169,亞信,3.27,1.39,1.94,2.6,2.28,2.51,3.64,3.47,3.02
3171,新洲,1.31,3.15,4.14,2.89,2.47,0.66,1.61,2.31,1.01
3176,基亞,-4.59,-3.1,-4.69,-4.05,-3.53,-3.24,-2.96,-2.91,-4.8
3188,鑫龍騰,-5.69,-2.09,-1.94,-1.42,-1.43,2.66,2.71,1.18,1.41
3189,景碩,3.01,1.66,1.97,2.07,1.58,0.44,0.21,0.93,0.05
3191,和進,-7.33,-6.29,-8.83,-33.17,-12.96,-2.8,-4.84,-0.52,12.73
3202,樺晟,0.31,-1.02,0.63,2.26,3.17,-0.93,0.08,-1.67,-5.95
3205,佰研,24.56,17.86,11.49,0.4,1.67,-1.68,-0.96,-2.97,-5.31
3206,志豐,1.29,3.24,2.66,-1.1,3,2.6,3.11,3.35,0.6
3207,耀勝,-6.47,0.26,1.6,1.75,-0.62,-9.16,-7.72,-8.58,-21.61
3209,全科,6.93,3.21,3.43,3.21,1.91,3.34,0.4,3.85,4.77
3211,順達,2.86,1.71,1.65,1.72,1.52,1.33,0.71,2.48,1.74
3213,茂訊,,1.86,2.75,5.03,11.04,5.33,6.77,5.25,6.43
3217,優群,0.99,1.13,2.02,5.67,4.1,1.49,3.69,6.99,3.52
3218,大學光,1.57,0.55,2.33,1.06,4.17,0.89,2.54,2.89,2.32
3219,倚強,-1.31,1.98,0.83,-11.44,-8.5,-6.1,7.22,7.96,-1.76
3221,台嘉碩,2.48,2.21,2.41,0.59,1.34,-0.96,0.84,1.24,0.96
3224,三顧,-0.46,-3.03,-3.99,-4.08,-0.27,-1.3,1.2,-0.97,1.79
3226,至寶電,7.04,4.78,3.89,2.43,7.72,0.6,3.92,4.52,6.85
3227,原相,1.36,0.47,0.51,0.62,1.29,1.56,3.57,4.26,3.47
3228,金麗科,,,,,,,,,
3229,晟鈦,-1.27,-0.07,-6.13,-6.1,-3.68,-2.13,2.57,-0.57,-1.9
3230,錦明,0.09,-2.41,-3.05,-2.09,-0.18,-1.59,-1.92,-4.2,-9.99
3231,緯創,-0.18,0.56,0.92,0.78,2.18,0.82,1.27,1.42,2.43
3232,昱捷,-3.58,-1.56,-3.84,-3.02,-2.81,-1.98,2.71,3.89,1.38
3234,光環,14.75,9.79,4.79,-1.19,-2.29,-7.75,-6.45,-12.58,-12.12
3236,千如,2.85,2.82,5.06,3.79,3.37,2.72,5.23,5.95,4.43
3252,海灣,28.25,-0.34,-1.48,2.39,-1.85,-1.33,0.42,-0.7,-1.98
3257,虹冠電,1.99,1.61,3.26,1.86,1.16,0.24,2.11,1.75,0.34
3259,鑫創,-4.5,-2.94,-4.82,-3.2,0.95,-3.87,-7.17,-4.26,2.78
3260,威剛,1.64,1.6,1.17,4.59,9.21,8.48,3.33,8.22,0.16
3264,欣銓,1.75,1.11,2.39,2.92,2.64,2.15,2.39,4.05,3.91
3265,台星科,-5.33,-2.88,3.45,2.08,14.98,6.16,-2.12,2.42,11.68
3266,昇陽,0.09,-0.14,-0.46,-0.8,2.15,-0.14,-0.21,-0.6,1.42
3268,海德威,-0.98,-2.27,0.5,-2.72,-0.13,-6.32,0.33,-2.68,-2.46
3272,東碩,4.21,1.62,2.65,2.38,5.2,0.08,4.89,4.21,1.38
3276,宇環,0.2,-1.89,-1.66,4.22,7.45,0.17,1.77,1.24,0.83
3284,太普高,0.72,0.98,1.4,1.72,3.71,5.57,1.54,2.26,0.52
3285,微端,1.26,0.81,2.07,1.39,3.78,-0.03,2.81,0.4,0.5
3287,廣寰科,-2.72,-3.2,-3.18,-0.71,-0.25,-1.34,-3.23,-1.68,1.1
3288,點晶,-15.76,-10.77,-29.12,-18.76,-19.48,-9.1,-7.69,0.88,10.62
3289,宜特,3.72,3.98,4.01,2,0.93,1.24,2.31,1.06,1.67
3290,東浦,-0.86,-1.84,-1.11,0.39,5.19,0.98,0.08,0.81,0.65
3291,遠翔科技股份有限公司(下櫃),,,,,,,,,
3293,鈊象,4.24,8.11,8.7,5.72,6.57,4.58,7.26,8.74,6.24
3294,英濟,0.75,-2.5,1.22,3.04,3.19,-1.22,2.28,6.2,1.61
3296,勝德,1.54,-1.52,2.15,1.74,5.07,-1.28,-0.06,0.91,0.73
3297,杭特,1.1,1.35,0.31,-1.38,-1.37,-2.93,-1.16,-2.03,-2.36
3299,帛漢,4.62,3.84,4.22,4.75,5.61,4.05,4.83,4.47,4.3
3303,岱稜,2.45,2.2,2.94,1.88,2.96,0.17,-4.54,1.97,3.59
3305,昇貿,0.68,1.51,1.98,1.98,0.77,0.63,0.71,0.6,0.43
3306,鼎天,0.37,0.46,2.16,0.26,-2.1,-0.65,-0.62,-0.83,-1.14
3308,聯德,-1.86,2.94,-0.67,-3.47,-0.59,-2.77,-0.73,0.47,-2.19
3310,佳穎,4.17,1.65,0.52,-0.64,20.76,-0.62,-0.67,0.23,6.98
3311,閎暉,-0.21,-1.53,0.04,-0.51,-0.59,-1.68,-0.71,0.26,-0.02
3312,弘憶國際,-12.92,0.85,2.38,1.03,-0.02,0.59,-23.08,4.19,2.79
3313,斐成,-9.16,-2.89,-3.84,-2.04,-6.24,-6.81,-0.5,1.39,-0.47
3315,宣昶(下市),,,,,,,,,
3317,尼克森,0.47,0.45,1.72,0.44,1.9,0.48,0.46,3.69,1.21
3322,建舜電,-3.51,-2.57,-3.42,-1.56,-1.79,-3.14,-0.95,-4.26,-3.78
3323,加百裕,0.73,0.09,-0.06,1.36,2.18,0.46,3.07,2.71,2.35
3324,雙鴻,4.43,7.4,8.11,10.49,9.1,0.38,4.51,7.21,1.65
3325,旭品,1.79,0.11,-0.23,1.02,3.43,-2.04,-3.42,-1.18,-2.19
3332,幸康,1.13,2.17,1.9,2.73,1.3,3.16,4.23,4.08,2.55
3338,泰碩,5.3,1.55,3.1,6.04,7.04,-1.18,2.66,3.37,-1.17
3339,泰谷,-35.98,-11.66,-10.03,-24.15,-1.43,-6.96,-4.08,0.34,-0.31
3354,律勝,0.38,-1.06,-0.8,-0.35,3.27,-3.28,0.89,2.64,2.52
3356,奇偶,3.18,2.34,2.77,0.52,1.7,-5.52,-0.78,-0.38,-3.97
3360,尚立,0.47,1.56,0.99,3.05,3.1,1.64,0.39,-1.77,-3.11
3362,先進光,-3.58,-0.27,0.51,2.91,4.51,-0.82,4.53,5.58,0.99
3363,上詮,-4.46,8.9,0.03,1.9,2.27,2.79,1.73,1.69,-1.7
3372,典範,,,,,,,,,
3373,熱映,2.72,2.91,2.92,0.72,-1.71,0.09,1.86,0.75,-0.71
3374,精材,,,,,,,,,
3376,新日興,3.86,1.59,1.57,2.16,4.19,0.61,2.1,2.47,1.09
3379,彬台,3.09,-4.09,-0.72,-5,6.27,-4.41,-3.17,-5.11,9.9
3380,明泰,-1.34,0.92,3.67,1.14,1.44,2.01,1.74,1.9,0.81
3383,新世紀,-20.21,-9.12,-11.6,-11.24,-37.82,-12.36,-8.92,-7.86,-8.11
3388,崇越電,2.07,1.66,2.44,3.19,2.17,2.46,2.52,3.75,2.82
3390,旭軟,0.68,-0.76,-0.51,-1.2,1.47,-2.68,1.23,2.97,-1.11
3402,漢科,0.11,3.9,4.52,3.1,3.2,2.51,5.05,3.74,4.09
3406,玉晶光,-2.1,-4.76,-4.31,1.89,5.11,0.13,2.35,4.74,8.17
3416,融程電,3.68,2.92,3.42,2.45,2.61,1.85,1.86,2.09,2.39
3419,譁裕,-0.43,-2.26,0.57,3.02,4.64,0.65,0.68,0.47,-6.97
3428,光燿科,3.85,2.62,1.25,2.59,4.29,-0.64,5.01,5.23,0.88
3431,長天,-11.86,-12.63,-4.82,-5.04,-15.58,34.37,-11.84,-13.69,-18.28
3432,台端,0.17,-0.06,0.01,-0.32,0.88,-2.3,0.8,0.42,-0.53
3434,哲固,2.51,0.88,1.81,1.91,3.97,-2.29,0.98,-0.17,2.01
3437,榮創,2.94,0.86,-0.98,1.13,0.77,-0.59,0.06,3.18,0.31
3438,類比科,-0.46,0.42,-0.98,-1.7,0.21,-1.53,-0.58,-0.41,-0.5
3441,聯一光,0.45,-0.86,-1.52,-0.75,0.52,-0.82,0.03,0.59,0.09
3443,創意,4.96,4.43,2.85,3.91,4.33,3.82,4.75,4.62,9.63
3444,利機,2.5,1.16,2.43,1.48,2.86,1.67,1.95,2.34,2.42
3450,聯鈞,8.86,6.89,7.29,5.06,5.73,2.24,4.12,4.11,3.93
3452,益通,-2.78,-0.05,-2.13,-7.42,-3.45,-3.04,-2.5,-2.85,-54.42
3454,晶睿,3.02,3.25,6.13,4.1,5.7,1.52,4.62,4.4,4.87
3455,由田,4.15,-1.77,-1.64,5.55,12.18,-4.7,6.45,2.08,5.98
3465,祥業,-5.13,-26.16,-23.84,1.57,13.01,-14.14,-18.54,-28.72,-26.63
3466,致振,-1.64,-0.14,0.35,-1.67,1.14,-0.78,-2.04,-4.12,-5.51
3474,華亞科(下市),0.33,-1.16,-1.43,0.68,,,,,
3479,安勤,4.72,4.76,4.92,3.38,2.03,1.24,1.86,4.45,3.04
3481,群創,-2.84,-3.77,-1.59,1.42,4.93,5.14,5,3.44,1.64
3483,力致,2.17,-0.48,1.41,1.81,3.81,-1.19,-1.42,1.21,1.74
3484,崧騰,3.5,2.32,1.79,3.71,2.8,2.46,2.08,3.09,2.51
3489,森寶,-6.15,0.68,1.08,7.17,3.52,-0.85,0.41,0.41,-0.54
3490,單井,1.84,5.53,-1.13,-1.53,-1.98,-2.86,0.87,0.99,-1.27
3491,昇達科,2.73,1.99,2.92,3.08,4.57,3.31,4.44,1.9,0.83
3494,誠研,-0.17,0.5,-0.91,-2.58,-2.37,-2.18,-0.87,-3.59,-6.84
3498,陽程,3.65,3.22,0.11,-1.15,0.52,0.26,1.64,0.45,-0.05
3499,環天科,0.05,-2.16,0.16,-0.79,2.96,-1.9,3.92,0.92,-1.62
3501,維熹,2.92,3.13,2.51,3.07,3.95,1.83,2.66,3.36,1.81
3504,揚明光,0.45,-1.7,-2,-0.77,-0.73,-1.89,-1.32,-1.15,0
3508,位速,-6.02,-4.6,-9.47,-10.09,-10.91,-8.7,-5.57,1.13,16.68
3511,矽瑪,-2.03,-2.88,-5.11,-11,-3.24,-5.2,-2.8,-1.16,-10.52
3512,能緹,1.41,-3.19,-3.13,-1.33,-2.63,-2.77,0.97,0.21,-2.57
3514,昱晶,2.97,3.84,0.67,-20.17,-2.74,-6.9,-2.99,0.02,-3.42
3515,華擎,0.98,1.31,0.27,1.06,0.16,1.7,1.49,3.2,2.09
3516,亞帝歐,-3.59,-0.79,-1.16,-1.3,-8.94,0.44,0,0.64,-0.14
3518,柏騰,-4.34,-1.83,-5.18,-2.88,-5.6,-2.86,-2.26,-2.97,-3.3
3519,綠能,-0.34,5.53,2.22,-13.2,-8.81,-4.11,-8.67,-0.78,1.81
3520,振維,-2.65,-3.61,-3.34,-3.18,-7.66,-4.21,-3.01,-10.32,-12.96
3521,鴻翊,,,,,,,,,
3522,宏森,-3.53,-0.72,0.06,-0.64,-2.16,-1.54,-3.57,-5.94,3.1
3523,迎輝,-23.45,-13.71,-14.61,-19.91,-45,-37.89,-56.05,130.35,-14.84
3526,凡甲,4.78,4.7,4.5,9.45,9.19,1.84,4.29,3.7,4.51
3527,聚積,1.5,2.97,3.93,3.82,2.11,1.71,0.91,3.34,2.77
3528,安馳,,,,,,,,,
3529,力旺,7.3,8.72,5.83,7.58,7.13,7.56,7.09,10.54,5.87
3531,先益,0.74,0.56,0.89,2.07,1.9,1.55,2.98,2.93,2.05
3532,台勝科,0.69,0.67,1.21,0.67,1.1,1.46,2.65,3.38,3.33
3533,嘉澤,2.77,1,0.92,2.81,4.11,2.5,2.78,4.45,2.25
3535,晶彩科,4.89,-2.09,-1.84,-5.11,9.94,-7.91,-3.37,-3.71,0.3
3536,誠創,-2.11,-1.46,-2.19,-1.13,8.22,0.95,0.71,0.26,-0.96
3537,堡達,0.75,0.65,0.91,2.15,4,0.94,3.22,4.81,3.65
3540,曜越,2.08,2.21,1.11,1.88,1.15,2.34,1.6,3.27,1.7
3541,西柏,6.83,4.26,9.09,7.8,9.57,5.27,8.01,9.67,6.56
3545,敦泰,0.27,-0.86,0.63,0.84,1.3,-0.03,0.32,1.27,-2.29
3546,宇峻,2.74,2.24,1.83,3.98,5.84,2.4,4.35,3,6.89
3548,兆利,2.47,2.16,4.95,4.25,1.79,2.7,2.68,2.55,2.11
3550,聯穎,0.63,-0.12,2.12,0.88,2.04,0.26,1.61,2.35,1.91
3551,世禾,0.91,0.87,1.44,0.66,0.66,0.85,1.67,2.04,0.75
3552,同致,7.7,10.79,6.72,6.03,6.64,2,2.99,1.68,4.23
3553,,,,,,,,,,
3555,重鳥鵬,-142.85,1.09,1.92,-1.48,1.92,0.99,3.35,2.15,10.66
3556,禾瑞亞,4.5,4.37,4.35,4.17,3.83,4.14,5.17,5.58,2.94
3557,嘉威,-2.73,-3.53,-3.26,-4.72,-2.47,-5.87,-2.25,-6.62,-20.19
3558,神準,7.12,5.96,6.37,4.97,5.32,3.64,2.98,5.43,6.53
3559,全智科(下市),,,,,,,,,
3561,昇陽光電,1.27,3.31,0.98,-4.88,-6.26,-4.78,-4.19,-2.46,-2.36
3562,頂晶科,-4.2,-22.15,-50.54,-70.37,-85.16,-10.9,-4.68,-1.03,-12.82
3563,牧德,1.99,2.63,3.91,6.55,6.26,5.37,8.21,10.1,15.16
3564,其陽,4.35,2.19,5.26,2.59,2.67,-6.68,-4.18,-3.63,-1.56
3567,逸昌,,,,,,,,,
3570,大塚,5.17,2.43,2.22,5.43,4.02,1.39,-0.84,2.28,2.07
3573,穎台(下市),,,,,,,,,
3576,新日光,0.68,0.53,-4.33,-8.71,-19.65,-8.11,-3.9,-12.43,-4.86
3577,泓格,3.22,1.2,3.26,8.62,3.24,1.43,2.31,3.63,2.3
3579,尚志,-5.87,0.96,0.07,-7.03,-3.41,-1.52,-2.16,-1.09,-0.47
3580,友威科,-3.4,-7.14,-8.87,2.8,1.81,-2.9,7.5,27.62,8.56
3581,博磊,3.36,0.64,2.65,0.41,3.02,0.22,1.57,5.94,1.22
3583,辛耘,3.86,4.18,3.99,2.74,3.51,0.8,3.56,4.15,6.82
3584,介面光電(下市),,,,,,,,,
3587,閎康,4.42,3.64,5.26,5.45,3.23,1.41,3.6,2.8,3.34
3588,通嘉,1.65,1.96,1.54,2.51,2.39,0.14,0.18,1.21,0.16
3591,艾笛森,-3.34,-0.88,-1.48,0.57,-0.62,-0.71,-0.79,-1.18,-3.16
3593,力銘,-8.84,-3.42,-4.07,-0.63,-13.34,-4.11,0.09,3.14,1.18
3594,磐儀,2.94,0.01,0.45,-2.18,2.76,-5.62,3.39,17.46,-4.1
3596,智易,2.8,2.94,6.37,3.88,2.66,0.55,2.59,2.28,1.5
3598,奕力(下市),2.87,0.64,,,,,,,
3605,宏致,1.1,0.08,0.36,1.82,2.33,-0.38,0.59,1.78,-0.16
3607,谷崧,1.74,-2.07,-1.4,-0.92,-0.23,-3.51,-1.7,0.19,-2.04
3609,東林,-12.12,-2.23,1.8,-0.18,-10.32,0.08,1.81,0.83,0.3
3611,鼎翰,7.24,5.3,8.13,6.51,7.49,5.4,8.09,7.29,7.03
3615,安可,-0.23,-0.72,0.1,1.4,0.51,0.19,0.72,0.82,0.36
3617,碩天,3.98,2.87,5.92,4.43,5.68,1.23,5.39,5.34,2.2
3622,洋華,-36.1,-1.34,-0.75,-1.1,-0.53,-2.11,0.41,1.27,0.26
3623,富晶通,,,,,,,,,
3624,光頡,0.37,0.71,1.81,0,0.86,-0.82,2.03,1.74,0.89
3625,西勝,1.85,0.28,3.48,7.49,6.46,2.22,3.77,5.74,4.79
3628,盈正,2.53,-0.87,2.88,0.44,3.83,-0.23,1.22,1.65,2.54
3629,地心引力,-21.79,-10.83,-19.59,-24.97,-55.43,-17.2,-39.95,-21.76,-5.81
3630,新鉅科,-6.3,-7.91,-7.76,-8.5,-4.09,-3.55,-9.28,-8.52,-6.78
3631,晟楠,-17.61,0.89,-0.61,0.02,0.51,-2.21,0.11,0.75,-0.06
3632,研勤,1.53,-1.91,-4.35,-9.25,-6.22,-6.64,-3,0.06,-1.69
3642,駿熠電,-1.55,-4.29,-3.3,-3.49,-7.47,-3.92,-6.82,-8.33,-6.47
3645,達邁,0.53,-2.17,1.92,6.87,4.02,3.2,1.87,4.63,3.53
3646,艾恩特,-0.98,0.52,3.66,2.81,2.01,1.61,-0.49,1.34,3.94
3652,精聯,2.17,-0.67,0.92,1.71,1.14,-0.65,0.82,3.09,0.39
3653,健策,0,0.89,1.86,0.7,2.24,0.12,2.09,2.57,0.69
3658,漢微科(下櫃),,,,,,,,,
3661,世芯-KY,2.74,0.31,-9.05,-1.02,1.91,1.49,3.69,3.77,3
3662,,,,,,,,,,
3663,鑫科,-5.24,1.05,1.48,1.4,0.64,-0.07,0.98,1.29,0.22
3664,安瑞-KY,0.75,-3.74,-2.87,-1.77,3.11,-3.94,-6.65,0.03,2.82
3665,貿聯-KY,4.91,3.64,4.53,5.22,5.45,3.54,4.8,4.42,4.95
3666,光耀,5.07,1.71,0.22,-0.93,2.88,-4.19,2.84,6.4,2.44
3669,圓展,-0.34,0.14,1.69,2.51,0.89,0.14,0.55,1.83,-0.71
3673,TPK-KY,3.26,0.17,-8.4,2.4,1.02,2.12,1.13,2.64,1.6
3675,德微,2.08,1.83,2.82,2.35,3,2.56,4.07,3.64,3.25
3679,新至陞,3.04,1.77,3.26,3.81,3.96,2.29,2.3,3.09,2.14
3680,家登,2.5,-2.49,0.66,0.4,4.37,5.08,-4.47,-0.17,0.96
3682,亞太電,1.14,-2.17,-3.74,-3.63,-4.11,-2.59,-1.8,-2.27,-5.48
3684,榮昌,7.53,2.8,4.66,3.3,6.98,1.86,5.84,5.78,4.22
3685,元創精密,-16.48,-0.14,2.06,0.26,0.59,-0.88,-0.35,0.1,3.78
3686,達能,,,,,,,,,
3687,歐買尬,-2.33,-1.5,-3.64,-5.04,-4.87,-4.11,-1.72,-0.68,-2.18
3689,湧德,1.02,0.45,0.78,2.36,3.82,1.9,2.78,2.92,1.77
3691,碩禾,11.44,8.27,5.69,7.64,0.19,0.52,1.65,1.3,-6.8
3693,營邦,2.68,0.51,0.54,2.46,4.05,-2.16,-3.1,-1.75,-1.57
3694,海華,4.31,0.88,0.18,2.92,0.98,-1.39,1.71,1.69,0.17
3698,隆達,0.24,-0.13,-0.91,-0.25,-4.36,0,0.42,0.36,0.34
3701,大眾控,-5.09,0.6,1.14,1.1,0.71,3.98,0.41,-0.05,-1.03
3702,大聯大,2.6,3.21,3.28,3.99,0.69,3.72,3.65,4.03,3.18
3703,欣陸,1.3,-0.07,-1.66,1.02,3.03,1.28,1.62,2.87,-2.31
3704,合勤控,-1.06,1.85,0.32,-0.69,1.76,-3.42,-1.28,0.32,-2.52
3705,永信,5.11,2.26,5.05,1.66,1.72,2.76,2.25,1.75,1.85
3706,神達,0.92,0.49,1.87,2.42,3.36,1.58,1.88,2.2,1.95
3707,漢磊,-9.15,-3.87,-2.2,-3.37,-2.71,-3.02,-0.59,-0.13,0.17
4102,永日,,,,,,,,,
4103,百略,5.29,2.17,2.63,7.73,5.59,1.09,3.21,6.67,5.27
4104,佳醫,1.27,1.57,1.03,1.16,0.97,1.56,1.24,1.16,1.02
4105,東洋,13.15,4.85,6.33,3.9,5.97,3.65,4.28,5.12,10.3
4106,雃博,2.82,2.81,2.04,1.68,1.02,1.71,3.16,1.47,1.24
4107,邦特,3.55,4.71,5.16,4.15,4.2,2.31,3.52,4.6,4.39
4108,懷特,-1.66,-2.43,-2.24,-1.26,-2.42,-1.77,-1.59,-1.68,-4.38
4109,穆拉德加捷,1.61,1,0.13,-0.57,0.62,0.35,-1.07,-2.02,-25.47
4111,濟生,0.15,0.93,1.65,2.13,2.56,2.12,1.92,2.35,1.56
4113,聯上,,,,,,,,,
4114,健喬,-0.38,5.06,0.18,0.13,-0.43,0.01,-0.59,0.21,0.5
4119,旭富,2.28,5.52,4.49,3.16,1.12,1.66,1.33,1.43,2.04
4120,友華,0.93,4.87,2,2.13,3.61,4.45,2.75,4.05,0.32
4121,優盛,-1.7,-0.42,-1.2,-0.49,3.66,-2.22,1.65,2,0.64
4123,晟德,4.5,-0.39,-0.35,1.27,-0.45,-0.13,-0.13,0.31,1.45
4126,太醫,5.82,5.01,4.33,3.74,2.78,2.74,2.53,3.64,1.84
4127,天良,-0.28,0.55,-1.1,-2.45,-3.74,-2.29,-40.27,12.64,-0.46
4128,中天,0.23,-1.12,-0.71,-0.39,-0.87,8.54,-1.33,2.95,-3.7
4129,聯合,1.75,4.56,2.16,-0.5,1.9,-0.2,4.79,1.26,1.18
4130,健亞,0.19,1.03,0.19,0.31,0.07,0.68,3.46,1.6,2.28
4131,晶宇,,,,,,,,,
4133,亞諾法,0.87,1.25,1.13,0.72,1.48,1,1.43,1.4,1.09
4137,麗豐-KY,11.4,7.92,3.97,3.71,3.48,2.66,4.87,4.69,5.33
4138,曜亞,1.93,2.23,2.17,2.07,1.91,1.99,2.14,1.94,2.06
4139,馬光-KY,-3.34,-2.93,-3.19,-1.94,-3.32,0.06,1.42,2.01,4.85
4141,龍燈-KY,6.19,4.53,1.2,-0.67,3.59,-2.49,-2.38,0.22,2.2
4142,國光生,-8.7,-4.11,-3.04,-3.86,-6.69,-6.52,-5.25,-4.14,-12.16
4144,康聯-KY,0.71,2.26,1.7,2.5,1.82,3.3,2.17,3.03,1.33
4152,台微體,-5.74,-6.82,-6.54,-10.96,-14,-9.24,-14.71,-16.68,-23.63
4153,鈺緯,2.72,-0.34,2.28,-1.71,-9.52,-7.15,3.86,-22.01,-6.81
4154,康樂-KY,-5.58,3.53,-4.68,12.92,-6.18,-3.9,-3.94,-3.05,-8.24
4157,太景*-KY,-23.91,-14.8,-4.28,-8.55,-7.95,-8.5,87.9,-2.77,-8.77
4160,創源,-2.98,-0.04,-1.15,0.61,-2.16,2.15,0.16,1.19,0.04
4161,聿新科,0.9,-0.67,0.96,-0.11,0.58,-2.73,0.42,-0.25,-0.83
4162,智擎,-1,-1.37,6.61,-2.89,17.68,-3.35,-1.01,-0.11,15.19
4163,鐿鈦,6.34,5.35,8.82,4.68,5.61,1.15,2.96,4.03,2.49
4164,承業醫,1.87,0.08,0.28,0.31,2.55,1.45,0.41,0.47,-4.15
4168,醣聯,-1.13,-0.67,-1.29,-1.1,-1.71,-1.49,-1.97,-1.87,-2.22
4171,瑞基,-2.89,-1.99,-0.53,-2.89,-6.57,-5.25,1.01,-2.09,-11.09
4173,久裕,0.63,0.49,0.99,0.28,0.77,0.04,0.15,-0.27,0.57
4174,浩鼎,-3.58,-5.06,-1.78,-5.68,-4.44,-6.76,-4.91,-6.14,-6.89
4175,杏一,4.58,4.12,3.92,3.57,3.97,2.35,1.67,3.19,3.76
4180,安成藥,-1.08,-3.43,-2.47,-3.61,6.09,-5.75,5.73,-0.7,-3.27
4188,安克,,,,,,,,,
4192,杏國,-2.2,-6.1,-8.75,-6.6,0.44,-6.77,-7.28,-7.9,-8.95
4198,環瑞醫,-10,-10.69,-10.21,-12.8,-14.03,-15.88,-13.58,-16.29,-18.42
4205,中華食,,,,,,,,,
4207,環泰,0.47,0.44,1.82,1.84,3.09,3.13,0.71,3.07,1.16
4303,信立,1.03,0.68,0.31,0.82,0.03,0.25,90.65,0.05,-0.68
4304,勝昱,-8.88,1.16,-3.35,-4.55,-3.59,-5.29,-8.3,-5.57,-9.51
4305,世坤,,,,,,,,,
4306,炎洲,0.42,0.57,-0.26,-0.39,-0.9,-0.14,1.23,1.16,3.76
4401,東隆興,5.18,4.8,5.47,5.73,4.68,5.12,5.66,5.16,3.45
4402,福大,-34.93,-12.11,-7.55,36.68,-3.42,-8.13,-6.67,-10.47,6.63
4406,新昕纖,,,,,,,,,
4413,飛寶企業,,,,,,,,,
4414,如興,-26.69,-3.84,-1.51,-6.55,-9.64,-9.12,-1.18,0.69,-2
4415,台原藥,-103.89,-74.68,-146.25,-48.82,-48.82,-70.11,-110.75,-204.42,-233.74
4416,三圓,-0.01,-0.12,-1.08,-0.51,0.34,-0.32,-0.55,-1.26,-0.37
4417,金洲,1.81,3.19,5.9,5.34,2.79,2.42,2.34,1.56,3.78
4419,元勝,,,,,,,,,
4420,光明,,,,,,,,,
4426,利勤,7.93,11.6,3.77,9.48,5.79,1.81,2.3,2.28,1.2
4429,聚紡,-2.57,1.56,-0.47,-0.12,-0.18,-0.54,0.19,-1.36,-4.85
4430,耀億,0.93,1.67,0.41,-0.1,2.5,1.64,-0.39,-1,0.78
4432,銘旺實,2.76,4.2,3.29,1.59,1.21,0.42,2.38,1.46,0.11
4433,興采,1.93,0.87,3.21,0.03,0.14,-0.95,1.21,0.11,0.88
4502,健信,10.59,0.18,2.48,0.19,3.02,7.57,12.51,4.27,2.56
4503,金雨,-1.81,2.7,2.24,0.06,0.3,2.78,3.12,3.1,0.73
4506,崇友,1.34,6.21,4.96,4.04,2.24,10.23,3.76,3.98,3.26
4510,高鋒,-0.61,0.03,1.53,1.39,0.28,-0.3,0.91,2.83,-0.51
4513,福裕,-3.16,-2.26,-1.01,-3.61,-0.45,-0.45,-2.22,2.96,2.2
4523,永彰,1.28,-0.7,0.55,0.97,-0.81,-2.49,-0.49,-1.32,-2.68
4526,東台,0.12,-0.27,0.84,-0.45,0.81,-1.93,-0.49,0.6,-2.18
4527,方土霖,6.09,1.55,3.94,5.59,5.88,2.27,3.3,3.57,4.74
4528,江興鍛,3.85,2.96,3.11,3.49,4.81,4.96,5.67,6,4.69
4529,淳紳,-1.21,-1.51,-0.18,-0.76,-3.62,-3.91,-4.77,-5.7,-10.43
4530,宏易,-17,-8.03,-10.27,70.92,0.18,-5.14,-1.05,-0.61,-0.92
4532,瑞智,1.08,3,5.36,2.99,2.45,2.67,3.77,1.93,2.8
4533,協易機,-0.02,2.13,2.02,1.88,0.31,-1.41,1.81,1.18,1.39
4534,慶騰,1.99,-0.15,3.26,7.01,5.69,-1.18,1.54,5.48,1.07
4535,至興,2.32,2.54,2.24,2.5,2.61,2.26,2.34,2.63,1.77
4536,拓凱,2.61,2.64,3.79,4.11,5.01,0.28,4.64,3.38,2.06
4541,晟田,,,,,,,,,
4542,科嶠,-4.16,-5.96,-1.46,-3.98,2.19,-3.28,8.82,5.69,1.3
4549,桓達,2.51,3.9,2.18,2.58,5.14,2.11,5.36,4.1,4.09
4550,長佳,0.61,2.9,6.2,2.62,0.48,-2.28,3.5,2.54,3.93
4609,唐鋒,-1.94,-0.24,0.08,4.69,-4.39,-7.61,-6.58,0.49,-2.65
4702,中美實,-0.53,-1.07,-0.87,-0.63,-31.79,-0.97,-1.88,-0.8,-34.72
4703,,,,,,,,,,
4706,大恭,3.31,2.5,3.67,2.92,3.1,2.04,2.67,3.12,1.41
4707,磐亞,0.31,1.37,1.59,2.3,1.67,,,,
4711,永純,1.63,2.04,2.91,1.88,2.76,2.25,0.74,1.5,0.64
4712,南璋,-14.23,-2.93,-3.82,-0.92,-2.76,-1.12,-2.19,-1.35,-2.5
4714,永捷,-0.28,0.56,0.51,1.99,0.39,0.02,0.02,-0.27,-0.37
4716,大立,2.03,0.51,1.4,0.63,1.27,-0.02,0.46,1.18,0.49
4720,德淵,1.43,1.43,1.91,1.47,2.44,-0.48,1.5,1.21,0.33
4721,美琪瑪,1.92,3.29,3.18,2.01,4.53,0.97,8.6,5.84,3.46
4722,國精化,5.02,4.28,4.38,3.48,3.41,2.12,3.37,4.67,2.87
4725,信昌化,,,,,,,,,
4726,永昕,,,,,,,,,
4728,雙美,-3.66,0.58,-3.24,0.73,2.25,0.61,0.75,0.72,0.86
4729,熒茂,4.03,3.41,2.03,2.57,1.06,4.52,4.06,4.7,2.81
4733,上緯企業(下市),,,,,,,,,
4735,豪展,4.9,3.55,1.61,6.63,7.86,4.88,5.97,7.82,5
4736,泰博,3.94,4.97,4.75,2.86,3.8,1.47,2.06,5.24,5.38
4737,華廣,1.84,0.49,1.59,2.18,2.82,1.03,1.3,2.32,2.3
4739,康普,1.15,5.13,1.69,1.38,0.76,3.74,3.2,4.29,3.75
4743,合一,,,,3.18,-1.46,,,-1.29,-1.75
4745,合富-KY,11,2.94,2.58,1.85,3.22,1.93,4.05,1.87,2.98
4746,台耀,3.42,2.91,3.95,2.53,3.42,1.24,2.94,0.98,0.71
4747,強生,,,,,,,,,
4755,三福化,2.4,1.7,4.14,2.76,2.27,2.64,3.65,4.29,3.14
4903,聯光通,0.67,-0.65,-1.4,-1.4,0.85,-2.28,-1,-1.2,1.66
4904,遠傳,2.97,4.05,4.23,4.72,3.09,3.88,4.17,4.28,3.25
4905,台聯電,1.71,2.44,1.58,3.4,-0.14,1.3,7.86,9.84,8.39
4906,正文,-0.05,0.55,1.9,2.48,1.76,2.23,0.52,1.85,-0.91
4907,富宇,,,,,,,,,
4908,前鼎,,,,,,,,,
4909,新復興,2.79,2.2,1.35,1.54,2.51,0.09,1.74,0.83,0.68
4911,德英,,,,,,,,,
4912,聯德控股-KY,3.17,-2.98,2.91,4.16,0.92,1.79,5.23,7.36,5.57
4915,致伸,4,3.06,3.45,4.35,4.13,3.41,3.82,5.02,4.35
4916,事欣科,-1.71,2.14,3.53,5.02,1.98,0.51,2.2,0.66,0.33
4919,新唐,2.08,2.5,8.2,4.47,3.91,2.66,7.34,5.96,4
4924,欣厚-KY,-10.03,-5.64,-6.63,-2.93,-2.21,-4.34,-2.15,-1.59,-0.75
4927,泰鼎-KY,3.51,2.42,3.11,2.65,-1.57,1.61,0.11,0.17,0.07
4930,燦星網,-0.39,0.34,0.38,0.24,-0.29,-0.38,-1.24,-0.92,0.15
4933,友輝,2.6,0.63,1.54,1.49,2.18,-0.81,0.82,0.74,0.24
4934,太極,4,3.46,1.76,-6.68,-3.59,-5.4,-8.52,-0.37,-5.86
4935,茂林-KY,3.97,2.75,4.09,4.05,1.79,1.2,1.39,1.31,0.56
4938,和碩,3.6,2.13,2.17,3.08,3.28,2.15,1.96,2.09,2.09
4939,亞電,-3.3,-2.6,-2.29,1.66,4.44,1.45,2.35,3.57,2.06
4942,嘉彰,-1.41,1.21,1.71,1.25,0.47,0.76,1.44,0.31,1.31
4944,兆遠,-11.94,-6.55,-8.53,-6.15,-6.51,-7.3,-10.72,-6.63,-8.47
4946,辣椒,-47.28,-5.81,-11.74,-8.14,3,1.02,18.81,0.59,5.62
4947,昂寶-KY,7.44,3.42,8.07,7.86,6.44,2.69,6.09,8.46,7.08
4950,牧東,-4.73,4.8,0.68,2.18,4.93,-3.55,-4.51,-1.37,-4.95
4952,凌通,3.62,3.49,8.02,4.9,3.14,2.36,6.43,4.77,3.76
4953,緯軟,-4.56,1.31,1.16,1.53,2.81,1.5,2.65,2.66,4.54
4956,光鋐,-1.86,-2.27,0.57,1.27,0.78,0.11,1.24,1.24,0.49
4958,臻鼎-KY,6.45,0.74,0.8,3.76,3.69,0.9,0.48,4.09,5.93
4960,奇美材,0.74,-2.84,-3.71,-3.27,-1.42,-3.54,-2.05,-2.5,-1.55
4965,商店街,1.23,0.68,0.69,0.28,0.29,-0.7,-6.02,-31.72,-109.08
4966,譜瑞-KY,4.71,5.43,5.19,4.44,4.8,4.97,6.1,8.85,5.33
4971,IET-KY,1.05,1.61,2.46,1.43,1.58,1.22,3.04,2.32,2.47
4972,湯石照明,3.4,3.14,3.27,2.75,1.5,1.49,2.08,3.36,3.78
4973,廣穎,5.15,2.58,1.91,1.02,2.72,0.25,0.13,1.77,-1.07
4974,亞泰,2.22,0.11,4.58,7.05,5.03,2.49,4.65,3.94,3.43
4976,佳凌,,,,,,,,,
4977,眾達-KY,5.65,5.18,5.81,4.7,7.51,5.84,5.29,0.03,7.57
4979,華星光,8.96,4.87,-1.91,-5.89,-4.44,-9.96,-8.98,-7.14,-14.35
4984,科納-KY,3.78,4.52,5.38,5.41,2.31,0.52,0.17,0.23,-4.2
4987,科誠,2.56,2.82,2.9,3.14,4.01,2.4,5.56,4.38,3.4
4991,環宇-KY,5.06,0.99,4.52,6.15,3.55,4.76,3.15,4.94,3.23
4994,傳奇,0.22,-2.61,0.47,-3.6,-0.84,-4.18,-3.78,-5.01,-6.96
4995,晶達,3.06,3.63,3.09,3.54,2.69,3.52,6.52,4.26,2.94
4999,鑫禾,5.33,1.59,3.5,5.12,5.8,0.9,3.64,4.07,4.43
5007,三星,4.42,4.65,5.27,5.04,4.54,4.67,4.13,5.56,4.53
5009,榮剛,0.29,0.16,0.8,0.85,1.48,0.34,0.73,0.49,0.06
5011,久陽,,,,,,,,,
5013,強新,2.85,2.99,2.28,3.18,3.28,3.62,1.84,1.64,3.3
5014,建錩,-2.87,-4.26,1.22,1.36,15.67,1.08,-7.15,9.83,1.35
5015,華祺,6.19,3.64,5.08,2.11,6.07,1.86,5.71,6.55,4.5
5016,松和,2.73,2.58,4.95,4.22,3.98,4.22,3.5,4.85,3.87
5102,富強,1.74,0.73,1.75,1.59,1.57,1.94,2.32,2.55,2.11
5201,凱衛,3.58,-2.43,-3.75,2.72,3.62,-4.29,0.81,1.37,3.8
5202,力新,2.06,-0.08,2.34,0.93,0.81,0.31,1.72,0.88,0.74
5203,訊連,3.51,1.97,1.4,0.73,2.76,0.87,1.74,1.73,1.87
5205,漢康,-13.61,-10.39,-13.43,-7.97,-16.7,-12.48,-37.6,-33.48,23.73
5206,坤悅,10.98,-0.45,-0.69,8.84,-1.02,6.65,0.53,0.28,0.33
5209,新鼎,3.99,3.14,4.19,3.31,3.42,3.35,4.63,3.59,2.9
5210,寶碩,1.31,-3.03,2.21,-0.13,1.64,-1.65,-1.75,-3.07,0.2
5211,蒙恬,1.21,1.26,1.13,1.05,1.18,0.96,0.89,0.79,0.57
5212,凌網,4.91,-4.6,1.46,5.67,6.28,-6.47,1.73,10.1,3.2
5213,亞昕,5.64,0.43,-1.6,-1.35,8.28,-1.17,-1.34,-1.25,13.53
5215,科嘉-KY,2.97,0.21,0.72,1.37,3.45,-1.89,0.35,1.78,1.64
5225,東科-KY,3.35,0.81,-0.8,6.43,2.72,0.63,-3.11,4.28,6.69
5227,立凱-KY,-3.82,-3.98,-1.02,2.96,-0.77,-1.76,-1.99,0.87,-3.68
5230,雷笛克光學,1.82,1.64,1.84,2.76,3.8,1.96,3.89,3.12,2.01
5234,達興材料,2.95,2.77,3.9,5.45,5.58,4.49,4.3,6.45,6.61
5243,乙盛-KY,1.29,1.31,1.42,1.8,1.67,1.62,1.81,2.08,1.91
5251,天鉞電,2.12,1.5,3.47,1.14,2.42,0.28,-0.51,-1.9,-1.93
5255,美桀,0.78,0.76,2.91,5.8,6.11,3.73,5.25,7.05,4.95
5259,清惠,,,,,,,,,
5263,智崴,0.33,0.37,-0.28,0.79,3.04,1.68,2.2,2.17,3.79
5264,鎧勝-KY,7.15,2.95,1.44,1.29,3.81,1.21,1.37,2.37,1.01
5266,,,,,,,,,,
5269,祥碩,5.54,4.52,3.86,8.32,8.13,7.14,-1.01,13.87,7.3
5272,笙科,,,,,,,,,
5274,信驊,7.95,7.96,8.22,10.75,9.73,5.2,6.65,8.43,7.25
5276,達輝-KY,2.3,2.35,2.18,2.55,4.9,1.65,3.14,0.59,-3.97
5278,尚凡,-17.03,-8.47,-15.54,-12.94,-11.81,-15.5,-6.85,3.72,12.05
5284,jpp-KY,2.77,2.96,3.19,2.7,3.47,2.86,5.25,3.99,2.72
5285,界霖,1.55,1.82,1.56,2.63,3.72,1.27,4.26,6.79,6.23
5287,數字,7.47,5.16,8.54,9.52,8.17,5.9,15.48,7.3,6.64
5288,豐祥-KY,5.76,5.05,3.93,4.47,5.71,3.91,4.45,4.49,5.68
5289,宜鼎,7.17,5.24,3.91,4.54,5.37,3.96,7.2,8.63,7.22
5291,邑昇,-1.17,0.07,0.04,-0.53,-1.22,-1.39,1.77,-0.24,-3.99
5301,寶得利,0.19,0.05,-1.82,-3.46,-5.8,-2.94,-2.65,-3.52,-11.19
5302,太欣,-0.59,-0.53,-0.47,-0.35,-0.29,2.13,-0.96,-1.1,-1.17
5304,鼎創達,-20.72,-7.46,-4.43,-17,0.59,-25.07,6.49,-0.15,-3.77
5305,敦南,-0.44,0.2,1.55,1.74,0.88,0.86,1.89,2.77,0.3
5306,桂盟,4.33,4.63,4.29,5.87,6.27,5.86,6.19,6.31,5.58
5309,系統電,-7.33,0.01,-1.03,-1.68,-11.19,-4.92,-0.76,-1.74,-6.43
5310,天剛,4.65,-0.93,-4.84,-0.22,-1.63,-0.31,0.46,-0.44,0.74
5312,寶島科,3.33,4.33,3.76,5.35,2.42,4.45,2.09,4.39,2.47
5314,世紀,-4.02,-5.31,-10.19,-6.04,-6.9,-12.06,-10.81,-8.28,28.95
5315,光聯,11.92,8.82,10.09,7.01,8.28,0.78,3.34,2.82,1.05
5317,凱美,-5.12,1.02,-11.69,0.41,-0.33,1.75,8.4,4.37,5.39
5321,友銓,1.69,2.62,2.59,1.51,6.34,-4.02,-0.71,1.58,-16.97
5324,士開,-7.37,-4.86,20.23,-4.09,-3.09,-4.33,0.04,-4.08,4.76
5328,華容,1.02,0.78,0.85,1.47,0.82,0.44,-0.92,1.71,-0.3
5340,建榮,-1.77,-1.28,0.57,0.94,1.17,1.39,2.9,2.7,2.19
5344,立衛,,,,,,,,,
5345,天揚,11.09,-9.21,6.11,2.7,-13.27,3.01,-6.73,0.22,-13.71
5347,世界,3.24,4.81,5.52,4.91,4.84,3.94,3.54,4.41,4.45
5348,系通,-5.45,-11.02,-13.48,-16.97,-5.19,,,,
5349,先豐,4.27,3.79,5.43,-0.39,-0.7,-1.28,1.36,0.13,1.2
5351,鈺創,-2.06,-1.49,-1.52,-3.61,-2.81,-5.55,-3.47,-2.72,-2.61
5353,台林,-0.25,0.76,1,0.41,1.32,-1.47,1.34,2.24,0.73
5355,佳總,-0.76,-1.77,-0.23,-0.73,1.21,-0.85,-0.4,-1.73,-1.44
5356,協益,3.11,2.52,2.97,2.56,2.59,2.5,3.1,2.61,1.06
5364,力麗店,4.77,-1.78,1.67,4.23,1.99,-2.24,-1.5,-0.79,-2.53
5371,中光電,2.38,1.26,1.17,2.51,3.2,1.19,1.16,1.88,3.44
5381,合正,0.41,39.97,2.57,1.08,2.17,1.43,-49.08,0.32,0.29
5383,金利,-3.33,-3.99,-3.36,-2.93,-3.03,-3.99,-1.54,1.45,-0.59
5384,捷元(下櫃),,,,,,,,,
5386,青雲,,,,,,,,,
5388,中磊,5.36,4.01,5.05,6.28,5.87,3.13,4.69,5.92,5.36
5392,應華,-0.19,0.97,0.76,0.32,-0.79,1.29,0.17,2,0.55
5395,圓方創新(下櫃),,,,,,,,,
5398,慕康生醫,-6.12,-2.19,0.38,0,2.44,4.17,1.19,0.83,-3.23
5403,中菲,5.12,4.51,5.28,2.19,4.85,5,4.24,5.57,3.89
5410,國眾,4.65,2.27,2.56,2.6,3.14,2.3,2.53,2.52,3.61
5425,台半,3.81,2.65,2.64,2.85,3.67,2.67,2.95,4.03,3.52
5426,振發,1.55,1.58,2.45,1.44,2.4,-0.72,1.37,1.08,-1.07
5432,達威,,,,,,,,,
5434,崇越,4.18,4.72,4.97,5.09,4.99,3.91,3.49,5.18,2.9
5438,東友,0.65,1.07,1.29,5.77,1.91,1.25,3.1,5.64,1.84
5439,高技,,,,,,,,,
5443,均豪,1.43,1.33,7.97,0.82,-0.18,1.19,0.75,0.87,5.27
5450,寶聯通,-0.85,1.41,-0.73,-0.3,0.65,-2.03,0.63,-0.42,1.79
5452,佶優,0.4,0.11,-0.46,0.53,1.24,-0.54,1.03,0.34,-0.78
5455,昇益,,,,,,,,,
5457,宣德,2.22,-0.88,-1.27,-0.45,0.55,-1.18,0.91,1.17,1.65
5460,同協,2.07,1.56,1.89,0.61,1.24,0.83,1.72,0.58,0.43
5464,霖宏,-0.23,-2.68,1.67,-2.99,6.9,-13.99,0.75,1.72,-1.11
5465,富驊,0.12,0.9,0.09,1.21,4.13,1.2,1.08,2.72,1.14
5466,泰林(下櫃),,,,,,,,,
5468,凱鈺,-2.58,-5.26,-2.93,-4.85,-6.92,-5.07,-5.03,-11.16,-8.6
5469,瀚宇博,0.23,0.13,0.83,2.07,1.7,0.63,0.31,1.57,1.52
5471,松翰,2.35,0.87,3.77,2.46,2.26,1.06,2.94,2.83,1.34
5474,聰泰,,,,,,,,,
5475,德宏,-15.74,-6.41,-13.52,-10.32,-34.13,7.01,2.55,0.2,4.18
5478,智冠,1.01,2.19,1.81,1.16,1.45,3,1.04,1.59,0.83
5480,統盟,1.45,0.85,1.71,2.05,1.36,0.95,0.13,1.65,1.08
5481,華韡,-2.86,0.11,-0.68,1.11,8.26,0.92,-1.56,-0.46,-3.43
5483,中美晶,0.14,0.72,1.01,-4.65,-2.87,-1.51,0.39,1.88,1.27
5484,慧友,-3.99,0.25,1.6,1.37,-1.57,-2.72,-0.98,-3.04,-4.35
5487,通泰,1.72,1.55,2.78,2.08,2.13,0.2,2.23,1.97,1.91
5488,松普,1,1.28,0.31,2.63,2.45,1.42,-1.17,-0.66,-0.96
5489,彩富,4.81,2.55,1.58,0.47,6.09,0.43,2.93,4.01,1.67
5490,同亨,7.48,3.88,2.82,5.51,13.85,2.83,3.78,-1.45,0.36
5491,,-1.32,-5.47,-3.77,-0.35,33.43,0.57,-2.57,-4.27,
5493,三聯,1.6,0.95,2.04,2.29,1.92,0.45,1.14,1.62,1.31
5498,凱崴,0.15,-0.07,0.1,0.23,2.27,-1.1,0.26,0.33,2.56
5505,和旺(下櫃),,,,,,,,,
5506,,,,,,,,,,
5508,永信建,,,,,,,,,
5511,德昌,1.91,1.84,1.08,1.4,7.28,1.24,1.56,1.21,4.74
5512,力麒,-0.3,0.15,0.26,0.08,0.29,3.93,-0.13,0.18,-0.02
5514,三豐,2.03,1.42,0.52,1.22,0.19,1.47,-0.66,0.39,4.35
5515,建國,-1.91,-0.14,0.29,0.37,0.32,0.2,0.58,1.02,1.75
5516,雙喜,,,,,,,,,
5519,隆大,1.04,0.07,5.15,0.62,2.21,2.54,1.24,0.2,3.05
5520,力泰,0.71,2.05,1.83,1.98,1.26,1.94,1.16,1.21,0.42
5521,工信,0.65,0.13,0.5,0.74,0.79,0.34,0.28,-0.04,-9
5522,遠雄,4.18,0.84,6.29,2.98,-2.08,0.41,1.35,2.11,0.9
5523,豐謙,-2.32,-1.47,-2.91,0.58,1.5,1.1,5.54,1.88,4.63
5525,順天,-0.85,-0.23,0.12,1.31,0.28,-0.46,0.52,0.43,6.67
5529,志嘉,-1.81,-2.48,-3.5,-2.95,-4.76,-6.12,-3.76,-4.71,-2.68
5530,龍巖,1.54,2.06,2.39,3.02,2.09,1.94,3.41,5.27,3.67
5531,鄉林,3.1,1.98,-2.79,0.09,5,-0.88,-0.89,0.84,5.8
5533,皇鼎,0.46,1.61,0.92,0.31,0.9,0.22,0.68,1.05,2.65
5534,長虹,3.37,6.19,2.36,12.37,4.22,5.06,4.66,4.63,9.42
5536,聖暉,3.86,2.43,3.68,4.51,3.45,5.94,6.95,5.2,4.94
5538,東明-KY,0.71,2.09,2.85,2.92,5.56,4.14,2.57,6.11,6.4
5601,台聯櫃,,,,,,,,,
5603,陸海,1.12,2.15,1.77,1.44,1.11,1.27,1.7,1.81,0.83
5604,中連貨,13.94,0.93,0.94,0.88,1.47,0.26,0.17,0.43,3.21
5607,遠雄港,0.58,0.94,1.23,1.61,0.92,1.26,0.98,2.73,1.37
5608,四維航,-0.39,-3.83,-2.79,-2.06,-3.6,-3.53,-5.43,-3.05,-18.81
5609,中菲行,0.71,2.63,4.48,3.39,2.56,2.05,2.69,3.51,2.44
5701,劍湖山,-3.35,-4.37,-5.07,-8.22,-4.47,-7.01,-8.39,-5.91,-5.04
5703,亞都,3.97,0.4,-0.39,-2.02,4.6,1.05,-0.69,-3.29,2.07
5704,老爺知,,,,,,,,,
5706,鳳凰,0.77,3.02,2.94,6.91,2.85,1.92,4.64,6.64,2.07
5820,日盛金,1.15,0.87,0.68,1.32,0.86,1.09,1.47,2.24,1.29
5871,中租-KY,4.35,3.97,4.74,4.88,4.4,5.12,5.23,6.29,5.24
5878,台名,2.92,4.85,4.55,6.32,4.12,5.41,3.56,6.9,3.91
5880,合庫金,1.74,1.63,1.83,1.95,1.62,1.69,1.92,,
5902,德記,1.14,0.28,1.41,2.48,1.08,0.54,1.11,1.96,0.21
5903,全家,5.59,3.17,9.52,11,4.48,2.24,8.64,10.3,6.75
5904,寶雅,,,,,,,,,
5905,南仁湖,-0.24,0.79,1,1.82,-0.98,0.95,0.3,2.02,-0.36
5906,台南-KY,-23.19,-6.21,-14.25,-7.73,-7.46,-13.42,-8.2,-4.84,12.34
5907,大洋-KY,1.96,-0.73,1.49,-0.75,3.27,1.02,-0.13,-1.65,4.3
6005,群益證,2.03,0.51,1.27,1.48,0.54,1.64,1.74,2.79,2.82
6015,宏遠證,1.3,-0.12,-1.51,-0.11,-1.86,0.53,0.3,3.59,0.43
6016,康和證,2,0.65,-3.17,0.76,-3.14,1.75,-0.65,5.28,3.1
6020,大展證,1.4,0.74,-0.65,1.09,-0.6,2.47,0.09,3.23,0.56
6021,大慶證,-0.14,-0.82,-0.91,0.68,-0.26,1.11,0.91,1.23,0.5
6022,大眾證券(下櫃),2.89,0.43,0.23,0.18,-0.83,0.49,-0.22,,
6023,元大期,3.15,3.02,3.38,2.59,2.99,2.23,2.55,3.79,3.52
6024,群益期,3.51,4.75,4.11,4.05,3.88,2.47,4.89,5.97,3.53
6101,寬魚國際,-10.94,-1.3,-16.87,-3.29,-6.53,-2.48,8.98,0.95,-0.54
6103,合邦,0.68,4.45,2.17,-1.32,3.06,7.62,7.55,7.73,10.65
6104,創惟,4.86,2.83,3.92,5.03,4.13,-1.32,4.22,4.38,2.99
6105,,,,,,,,,,
6107,華美電子,0.73,7.24,12.09,-0.57,0.53,-4.81,0.06,,
6108,競國,7.41,1.97,3,4.32,4.67,2.45,2.9,1.25,0.92
6109,亞元,3.17,1.64,2.89,1.28,3.87,1.76,2.28,1.5,0.78
6111,大宇資,-10.57,-17.53,5.17,-0.86,-12.63,6.25,5.12,-1.59,-6.93
6112,聚碩,2.54,2.85,3.14,3.08,3.03,2.8,3.32,3.33,4.06
6113,亞矽,-5.39,-0.17,-0.36,9.24,0.09,-2.67,-1.29,-0.83,-1.94
6114,久威,10.55,4.45,6.22,6.78,16.72,7.3,9.3,8.01,-10.27
6115,鎰勝,2.85,1.61,4.39,4.04,4.45,0.49,3.29,3.78,1.61
6116,彩晶,-4.06,-2.87,-2.25,7.33,9.43,4.81,2.69,5.5,4.04
6117,迎廣,-3.61,-2.46,-2.05,-0.61,-5.45,-5.14,-4.73,-1.98,29.45
6118,建達,1.49,0.53,-1.26,0.42,0.77,-0.93,0.1,0.74,1.01
6120,達運,-1.82,-0.55,0.68,1.06,0.83,1.16,0.67,1.02,0.42
6121,新普,4.08,2.97,3.06,3.52,3.82,2.6,2.68,3.32,4.03
6122,擎邦,0.92,0.57,-0.24,-1.06,-0.67,1.49,-0.02,2.87,-2.57
6123,上奇,3.56,3.85,2.1,2.69,2.87,0.96,3.46,4.76,4.69
6124,業強,-0.22,-1.84,9.33,-0.47,0.44,-3.55,-1.91,-2.26,-1.18
6125,廣運,0.44,0.31,1.38,-5.37,-3.07,-4.65,-2.59,2.9,-1.16
6126,信音,-17.83,0.13,0.79,3.18,3.2,2.53,2.52,3.45,0.86
6127,九豪,0.31,0.98,0.47,1.75,0.13,1.28,0.45,0.96,0.26
6128,上福,6.37,5,5.77,4.63,5.41,2.62,4.26,1.09,17.84
6129,普誠,-0.17,0.11,0.71,-0.42,-0.28,-1.08,-0.69,-0.51,0.08
6130,星寶國際,0.48,0.84,-1.64,-0.29,1.84,-0.31,-0.51,-2.22,-0.51
6131,悠克,-44.04,-4.01,-3.77,-0.16,-5.01,-1.92,-1.61,19.51,-0.66
6133,金橋,0.13,-0.48,0.6,0.09,0.54,-0.64,0.68,1.07,0.51
6134,萬旭,-2.22,0.14,1.34,1.82,1.91,1.27,3.95,1.78,0.87
6135,,,,,,,,,,
6136,富爾特,0.47,1.13,1.03,5.88,-0.15,2.4,-0.08,3.31,0.98
6138,茂達,3.74,2.78,2,3.45,1.58,2.18,2.83,4.46,3.23
6139,亞翔,0.04,1.72,1.75,0.93,1.81,1.36,2,0.4,1.8
6140,訊達,-1.83,-3.08,-0.16,-1.67,-1.55,-2.48,0.36,2.28,2.06
6141,柏承,-7.44,-3.77,-2.33,-2.11,0.31,2.93,3.97,2.86,2.74
6142,友勁,-1.64,7.59,-1.37,-1.37,0.24,-1.74,-0.28,-2.38,-2.37
6143,振曜,4.71,-3.25,4.11,-0.7,14.14,-11.17,4.84,1.24,1.9
6144,得利影,1,-0.54,-1.23,0.04,-5.4,-1.23,0.5,0.84,0.73
6145,勁永,0.09,0.35,-0.31,-0.08,0.13,-0.65,-0.62,-0.77,-56.15
6146,耕興,5.42,4.86,5.85,5.38,5.31,4.25,5.62,5.77,5.15
6147,頎邦,1.66,0.83,1.66,2.41,3.44,1.08,2.11,2.91,3.12
6148,驊宏資,-1.9,0.3,0.21,-3.92,-8.97,-5.55,-5.92,-4.15,1.8
6150,撼訊,-24.39,2.15,2.24,1.4,-1.1,-14.58,11.34,46.71,18.93
6151,晉倫,4.54,3.56,3.86,2.95,4.3,3.76,3.06,2.8,2.58
6152,百一,-1.84,-2.32,-1.84,0.67,1.33,0.18,0.37,-3.18,-6.75
6153,嘉聯益,3.46,-1.4,0.47,0.52,1.45,-1.13,0.01,0.97,0.48
6154,順發,1.03,2.38,1.52,2.38,1.22,2.64,1.21,1.78,1.36
6155,鈞寶,1.02,0.84,1.63,0.78,2.62,-2.31,2.28,3.12,0.16
6156,松上,2.13,1.85,1.69,2.14,2.38,0.61,4.62,1.94,0.35
6158,禾昌,1.94,0.77,1.48,1.79,1.59,0.66,0.44,1.84,0.05
6160,欣技,5.22,5.5,2.29,0.08,0.62,-5.92,-3.75,-0.62,4.36
6161,捷波,-2.61,1.94,0.55,1.91,2.65,2.19,2.74,3.3,5.55
6163,華電網,-6.21,-5.11,-2.41,-3.37,12.27,-3.2,-3.54,11.91,3.36
6164,華興,0.48,0.84,6.4,0.51,0.49,1.09,1.69,0.49,-0.39
6165,捷泰,-0.98,-1.88,-1.3,-1.99,-0.4,-2.75,-0.45,3.8,-2.39
6166,凌華,2.51,1.29,1.98,1.11,5.07,0.51,2.7,3.69,1.72
6167,久正,2.82,4.22,3.62,2.6,6.26,3.12,3.69,2.72,2.77
6168,宏齊,-0.94,-2.72,-5.75,0.97,1.47,-0.6,2.76,4.91,1.69
6169,昱泉,-9.21,-6.51,-8.53,-15.56,-7.12,-10.16,-1.65,12.84,-18.97
6170,統振,0.98,0.21,-0.86,0.53,1.06,-0.28,-0.18,0.07,0.51
6171,亞銳士,,,,,,,,,
6172,互億,,,,,,,,,
6173,信昌電,0.65,2.46,2.55,2.21,1.68,2.16,2.94,3.36,3.25
6174,安,1.32,1.32,3.06,1.96,3.02,0.03,1.74,1.9,0.79
6175,立敦,-0.2,0.52,0.04,1.15,1.75,0.86,2.31,8.98,2.49
6176,瑞儀,5.72,1.79,2.42,4.86,4.83,3.19,3.47,3.54,3.46
6177,達麗,13.83,4.37,3.41,0.76,1.3,-1.21,21.97,0.46,7.25
6179,亞通,8.71,1.68,7.52,7.12,8.56,5.73,3.79,3.11,0.83
6180,橘子,0.1,0.62,-2.1,-11.64,-1.42,2.19,1.07,-2.95,0.88
6182,合晶,-0.81,-1.19,-1.17,-1.14,-21.49,0.23,0.84,1.31,1.17
6183,關貿,-0.08,2.39,2.85,2.84,2.24,2.47,4.03,3.62,2.04
6184,大豐電,-0.36,-1.77,-1.05,-0.69,-0.39,0.97,1.77,1.82,2.86
6185,幃翔,3.85,2.57,2.35,3.53,4.24,1.87,1.8,2.39,2.29
6186,新潤,,,,,,,,,
6187,萬潤,0.16,0.57,7.38,10.41,2.48,1.2,6.98,6.56,2.3
6188,廣明,1.18,1.08,1.36,0.94,2.34,0.86,1.44,-0.3,1.58
6189,豐藝,3.72,3.18,2.63,2.65,4.28,0.52,2.37,3.55,2.84
6190,萬泰科,-3.45,0.81,2.78,2.71,1.3,1.71,1.92,1.9,1.38
6191,精成科,-1.85,0.56,0.63,1.69,2.01,-0.22,0.56,1.58,1.73
6192,巨路,5.58,2.57,3.12,2.98,3.71,3.46,1.88,2.69,4
6194,育富,-0.55,-1.02,-1.16,-3.64,1.19,-0.5,-1.07,-0.42,-0.22
6195,詩肯,,,,,,,,,
6196,帆宣,3.8,3.11,1.74,2.63,3.98,3.29,2.66,2.73,4.74
6197,佳必琪,0.79,1.06,2.65,4.03,3.92,1.71,2.56,3.25,0.48
6198,凌泰,-8.77,-10.79,25.88,-6.83,-10.09,-13.36,-5.42,0.42,-6.29
6199,天品,3.07,0.37,0.08,0.14,0.73,0.38,1.84,1.32,1.36
6201,亞弘電,1.09,1.7,4.12,3.17,3.67,0.61,1.9,2.26,4.07
6202,盛群,5.21,4.06,5.16,5.62,5.34,4.57,5.94,6.41,6.97
6203,海韻電,3.58,3.34,3.43,2.84,4.13,-1.15,2.39,3.33,2.98
6204,艾華,0.29,-0.06,2.94,1.43,1.64,0.73,2.81,2,0.72
6205,詮欣,2.2,1.84,2.7,6.93,3.06,1.19,2.75,3.4,0.86
6206,飛捷,5.65,4.41,5.19,3.9,5.01,2.54,5.23,3.99,4.04
6207,雷科,0.67,1.43,2.73,2.3,5.33,4.46,4.1,3.89,3.67
6208,日揚,0.14,2.25,1.57,2.36,1.33,1.52,3.42,3.44,2.5
6209,今國光,-1.56,-0.15,-0.98,1.23,0.02,0.05,-1.45,-0.9,-1.55
6210,慶生,,,,,,,,,
6211,,,,,,,,,,
6212,理銘,,,,,,,,,
6213,聯茂,3.32,3.72,3.08,3.8,3.35,4.27,4.01,5.34,4.43
6214,精誠,2.21,0.72,1.36,5.37,1.49,2.61,1.98,2.62,2.38
6215,和椿,1.02,1.19,2.34,-2.32,2.88,-0.02,4.44,0.74,-0.53
6216,居易,3.24,3.83,5.54,4.27,4,2.22,4.62,2.95,4.21
6217,中探針,4.68,0.41,2.45,3.08,5.56,1.27,3.03,3.44,2.09
6218,豪勉,1.09,1.51,2.75,0.68,3.19,0.62,1.61,2.19,2.89
6219,富旺,6.19,-2.82,-4.02,3.81,3.98,-2.2,1.31,-1.41,9.75
6220,岳豐,-3.96,1.36,3.05,9.37,3.72,3.28,4.83,9.36,0.14
6221,晉泰,3.58,1.93,2.73,1.12,2.93,1.89,2.61,3.58,1.86
6222,上揚,-28.68,-6.2,-18.77,-79.13,-12.05,-5.05,37.25,-9.84,-7.24
6223,旺矽,0.52,1.48,4.02,5.53,3.97,2.67,1.35,0.71,-1.06
6224,聚鼎,5.21,3.92,5.87,5.47,4.41,3.03,4.31,5.08,4.13
6225,天瀚,-70.76,-41.15,-96.48,-57.13,-119.36,-106.76,-52.54,-83.84,-73.27
6226,光鼎,-1.78,-1.53,1.81,1.12,3.31,0.39,2.06,0.63,-1.27
6227,茂綸,3.31,6.53,2.82,-0.97,0.93,3.05,1.12,3.18,2.81
6228,全譜,-7.12,-1.92,-6.01,-2.96,-5.82,-6.2,-6.37,-7.11,0.32
6229,研通,-0.34,0.09,1.41,2.74,0.62,-1.25,1.76,4.41,0.94
6230,超眾,6.34,6.05,7.87,4.79,7.63,2.96,2.58,5.33,3.33
6231,系微,1.43,-2.44,-3.02,-2.79,2.63,0.29,1.39,1.29,3.05
6233,旺玖,-2.56,-2.8,-1.61,-1.99,0.14,-3.96,-0.72,-0.96,-0.98
6234,高僑,7.47,0.37,-0.43,-0.14,0.47,-0.54,0.96,0.77,0.22
6235,華孚,4.29,2.83,2.43,2.24,63.57,-0.31,-0.47,1.35,3.36
6236,康呈,-1.22,-3.32,-2.83,-5.56,-1.75,-10.09,-8.06,-12.4,-2.21
6237,驊訊,-0.75,-0.19,0.97,2.96,0.46,-1.5,13.72,-0.41,-0.53
6238,勝麗,15.51,11.66,8.35,6.06,12.16,7.46,7.91,8.13,8.36
6239,力成,2.97,2.21,2.69,3.18,3.31,2.59,3.09,3.47,3.4
6240,松崗,-3.79,-4.76,0.58,10.17,0.47,-1.05,-0.3,-1.46,-9.96
6241,易通展,-1.66,0.73,-1.53,-6.43,0.33,-4.41,-3.72,-6.68,
6242,立康,6.34,,,,,,,,
6243,迅杰,-3.03,-2.84,-3.94,-4.63,-1.39,-7.88,-3.86,-2.93,-1.47
6244,茂迪,2.49,5.47,1.97,-6.69,-7.41,-7.95,-5.88,-2.85,-8.3
6245,立端,4.7,2.68,3.55,4.25,5.07,1.9,2.02,4.16,4.81
6246,臺龍,1.43,12.23,8.2,8.86,62.18,0.88,3.38,3.57,-0.21
6247,淇譽電,0.53,-0.67,0.23,0.27,1.61,-1.02,-3.24,-0.54,-3.04
6248,沛波,,,,,,,,,
6250,,,,,,,,,,
6251,定穎,0.04,0.08,0.15,-0.99,1.02,0.27,0.87,0.36,-1.26
6257,矽格,2.18,1.48,2.31,3.18,2.71,1.87,2.39,2.68,4.65
6259,百徽,-4.7,-103.47,-9.36,-10,-2.64,-14.55,-2.47,-18.8,-6.35
6261,久元,1.81,2.34,2.05,1.61,1.58,0.68,2.71,2.91,2.51
6263,普萊德,6.09,5.29,6.68,5.33,6.38,5.32,6.13,6.81,7.37
6264,富裔,-2.78,-4.87,-4.38,-0.77,7.27,2.85,-3.32,0.23,0.72
6265,方土昶,0.46,-0.44,0.7,-0.48,0.8,-2.14,0.29,-0.12,-0.55
6266,泰詠,11.53,1.72,0.32,0.18,3.12,-0.06,2.75,3.12,2.92
6269,台郡,5.38,2.88,0.76,5.37,6.96,1.55,2.33,6.61,7.91
6270,倍微,0.62,0.45,0.49,0.54,0.6,0.38,0.39,0.62,0.54
6271,同欣電,2.5,2.2,2.64,2.33,3.09,0.86,1.99,3.86,2.93
6274,台燿,2.91,3.56,3.62,2.94,4.16,4.78,3.88,3.86,2.48
6275,元山,-1.08,1.54,3.77,1.9,0.56,0.74,4.79,1.69,0.41
6276,安鈦克,-11.95,-5.13,-9.98,-2.36,1.88,-3.73,-0.12,1.04,-5.37
6277,宏正,5.2,5.99,4.75,6.42,5.12,4.79,4.09,5.53,5.83
6278,台表科,1.78,1.75,0.36,1.61,1.21,0.75,1.77,2.75,1.76
6279,胡連,5.33,4.22,4.4,5.33,8.61,6.3,5.2,5.07,6.16
6281,全國電,,,,,,,,,
6282,康舒,1.75,1.61,1.64,1.26,1.49,0.62,0.99,2.02,0.22
6283,淳安,0.48,1.4,0.77,3.76,3.64,1.8,0.21,0.41,0.1
6284,佳邦,-0.56,-1.72,0.07,2.79,1.16,-1.36,2.08,2.24,0.29
6285,啟,4.18,4.1,3.09,5.17,3.9,4.33,4.38,3.8,2.82
6286,立錡(下市),,,,,,,,,
6287,元隆,,,,,,,,,
6289,華上,-19.8,-4.54,-10.22,-17,-17.58,-36.24,29.31,-23.65,-55.24
6290,良維,4.94,3.48,1.17,2.39,3.81,0.44,1.9,1.6,2.42
6291,沛亨,-23.95,-22.32,1.88,0.49,-25.85,-28.25,-30.58,-50.75,-62.05
6292,迅德,1.29,2.9,3.66,5.08,5.17,2.03,3.6,4.24,3.36
6294,智基,11.24,18.5,22.28,11.62,6.55,10.51,17.98,8.81,9.78
6298,崴強,-1.66,1.81,2.06,5.86,3.57,1.37,3.19,5.44,3.62
6404,通訊-KY,-1.36,-1.8,-2.58,-2.84,-9.97,-6.64,-14.05,-12.14,-18.13
6405,悅城,-2.29,-1.01,-0.74,-0.55,2.46,-1.95,0.99,1.08,0.99
6409,旭隼,8.73,7.82,9.88,8.79,9.14,7.2,8.95,9.03,9.21
6411,晶焱,6.55,3.03,4.49,4.13,10.71,3.25,6.95,6.71,8.09
6412,群電,6.76,2.56,4.04,1.63,11.2,3.01,5.65,7.25,5.51
6414,樺漢,5.8,4.88,5.34,4.17,3.41,2.33,2.62,2.24,2.14
6415,矽力-KY,9.3,5.06,6.98,6.74,6.82,4.28,5.61,4.85,4.64
6419,京晨科,-4.14,-5.62,-3.03,0.22,3.61,-1.91,-1.16,-3.46,1.27
6422,君耀-KY,5.65,3.52,5.56,5.78,6.29,2.44,3.38,4.04,4.01
6426,統新,-2.54,1.11,4.08,2.06,7.84,4.93,4.07,1.22,1.64
6431,光麗-KY,-12.03,-3.94,-11.83,-5.85,-14.88,-5.17,-5.52,-6.53,-14.76
6449,鈺邦,4.28,2.21,4.03,4.12,5.72,0.88,4.06,5.05,4.38
6451,訊芯-KY,5.41,3.46,5.4,2.86,4.3,0.98,1.1,-0.28,0.17
6452,康友-KY,6.57,4.04,4.06,4.24,4.62,3.74,4.34,4.51,3.78
6504,南六,5.26,4.3,5.19,5.7,6.83,4.92,4.32,5.18,5.69
6505,台塑化,4.86,3.85,9.59,6.17,7.76,7.07,3.89,7.29,6.98
6506,雙邦,1.76,7.79,4.75,2.42,2.86,3.38,3.49,1.09,2.08
6508,惠光,0.66,2.48,2.5,1.56,1.75,1.29,2.26,2.37,0.82
6509,聚和,1.2,1.43,1.26,-0.21,1.09,-0.13,1.33,0.5,1.22
6603,富強鑫,-0.47,2.1,1.38,0.81,1.38,1.45,1.89,2.98,2.01
6605,帝寶,3.35,3.56,2,1.01,3.62,0.68,2.36,3.4,1.74
6609,瀧澤科,2.56,0.64,0.87,0.01,2.35,-1.61,2.45,2.66,3.86
6702,復航(下市),,,,,,,,,
6803,崑鼎,2.77,5.44,3.76,4.38,2.92,3.32,4.03,4.25,3.31
8011,台通,0.39,0.02,0.05,0.61,1.48,0.96,0.34,0.26,-0.43
8016,矽創,5.85,5.19,4.93,6.68,5.92,3.22,4.17,5.07,5.04
8021,尖點,2.31,1.01,1.07,1.55,1.59,1.35,1.14,1.34,1.35
8024,佑華,0.55,-1.95,2.75,0.05,0.81,-1.77,2.53,-0.26,0.22
8032,光菱,1.91,1.87,2.15,1.91,2.63,-0.41,3.9,2.56,2.14
8033,雷虎,-10.78,0.03,-3.47,-2.73,-15.22,-2.68,-3.34,-1.71,-3.9
8034,榮群,-0.83,-2.48,-3.42,-1.22,3.13,-2.97,7.97,10.51,5.22
8038,長園科,-0.95,0.3,0.59,-3.68,-3.47,-7.62,-4.8,-5.23,-5.59
8039,台虹,1.91,1.77,1.94,2.07,2.83,1.47,2.89,4.11,2.25
8040,九暘,-0.84,-0.46,-0.35,-5.96,-1.68,-2.74,0.24,0.87,2.09
8042,金山電,4.35,3.4,2.91,5.39,3.35,3.51,2.79,4.1,1.24
8043,蜜望實,0.94,1.36,1.94,0.42,2.49,-1.62,0.67,3.76,2.09
8044,網家,4.97,4.64,3.04,2.95,2.47,3.33,2.27,-0.25,-5.32
8046,南電,-0.28,-0.88,-0.65,-2.67,2.31,-2.73,-0.56,-1.35,-1.52
8047,星雲,0.83,-0.7,1.18,2.69,0.81,2.81,1.03,1.37,0.81
8048,德勝,3.94,4.24,4.06,2.89,5.6,1.63,3.95,5.62,4.32
8049,晶采,2.44,2.42,4.39,2.26,4.06,2.69,4.33,3.47,3.17
8050,廣積,4.51,5.51,6.57,5.05,2.83,2.13,2.01,4.75,0.81
8053,,,,,,,,,,
8054,安國,0.52,-0.04,3.08,-0.29,-0.52,-1.14,4.44,0.69,-0.54
8059,凱碩,0.45,1.99,-2.03,0.04,-1.7,-3.34,-4.37,-3.06,-5.18
8064,東捷,1.11,-0.83,0.2,2.73,3.89,0.7,-0.4,-0.37,0.09
8066,來思達,7.65,6.54,9.35,10.36,10.72,5.69,9.3,11.9,10.95
8067,志旭,-3.89,-0.47,-0.83,-1,-32.36,0.89,-0.72,0.09,-4.36
8068,全達,3.26,-1.35,14.7,10.5,1.85,0.47,-0.18,0.23,0.13
8069,元太,2.91,-1.03,2.97,1.94,3.35,0.59,3.05,4.45,-0.19
8070,長華,2.26,6.35,1.52,2.74,2.1,5.16,2.9,3.2,1.54
8071,能率網通,0.24,-1.25,1.36,-0.64,0.95,0.38,2.37,1.88,0.11
8072,陞泰,0.6,0.55,0.63,0.19,-0.25,-0.36,0.07,0.1,-0.7
8074,鉅橡,3.61,3.2,3.72,3.19,3.62,1.46,2.64,3.5,2.7
8076,伍豐,1.3,0.45,1.68,1.97,0.68,0.17,1.14,1.88,1.1
8077,洛,-2.37,-1.51,-6.7,-3.4,-7.14,1,-0.16,0.54,1.9
8079,誠遠科技(下櫃),,,,,,,,,
8080,奧斯特,-8.29,-2.64,1.86,-3,-4.28,-7.35,-4.45,-9.69,-6.68
8081,致新,2.72,2.17,2.15,2.66,3.36,2.15,2.04,2.59,1.42
8082,,,,,,,,,,
8083,瑞穎,,,,,,,,,
8084,巨虹,9.38,-1.89,2.63,0.44,3.45,-5.96,0.7,-0.15,8.42
8085,福華,-7.05,-5.89,-2.07,20.5,-3.21,-1.98,-0.06,1.18,1.29
8086,宏捷科,,,,,,,,,
8087,華鎂鑫,-0.49,0.22,0.12,0.64,-0.12,0.22,1.31,2.25,-1.01
8088,品安,,,,,,,,,
8091,翔名,2.76,2.33,2.02,3.09,3.15,3.13,3.45,7.21,2.58
8092,建暐,-4.19,-0.15,-2.09,-1.45,-1.78,-1.17,-2.29,-2.57,-0.15
8093,保銳,-1.09,1.84,0.78,1.06,-1.64,-3.52,-0.36,3.31,-0.25
8096,擎亞,2.53,0.29,0.28,-4.22,4.23,0.36,2.72,0.8,-0.95
8097,常珵,-4.48,7.23,0.96,-1.36,-0.22,-1.38,-0.35,-0.78,30.49
8099,大世科,2.57,1.84,2.29,1.78,3.47,3.05,3.79,2.01,3.03
8101,華冠,-2.67,-3.65,-9.36,-11.48,-24.49,-8.3,0.23,-10.35,-13.34
8103,瀚荃,0.95,1.09,2.47,2.72,3.94,1.13,2.62,3.05,0.27
8105,凌巨,1.29,1.7,2.63,0.35,3.38,1.32,2.52,2.5,1.04
8107,大億金茂,1.93,1.66,2.22,2.05,-8.55,2.32,4.88,39.78,4.18
8109,博大,6.47,6,7.57,4.24,8.95,-0.51,9.75,8.59,5.88
8110,華東,1.11,-0.98,1.2,1.36,3.98,0.76,1.1,2.87,2.81
8111,立,-2.39,-1.95,-1.03,-1.52,0.02,0.07,0.43,1.36,-0.75
8112,至上,1.95,1.36,6.19,5.46,5.25,4.16,4.74,5.09,5.69
8114,振樺電,8.32,6.26,9.55,5.98,12.24,3.43,6.17,10.91,7.17
8121,越峰,-5.43,-3.82,-2.15,-3.4,-13.69,-3.62,1.56,-0.76,-2.35
8131,福懋科,,,,,,,,,
8147,正淩,3.8,2,2.86,3.06,2.62,1.64,1.25,2.09,4.05
8150,南茂,2.19,1.65,1.54,1.28,3.38,13.73,1.77,0.9,0.89
8155,博智,2.67,2.81,3.36,2.48,3.6,2.63,5.2,6.87,7.09
8163,達方,0.77,0.49,0.86,2.08,2.02,1.04,1.82,2.3,2.17
8171,天宇,-7.27,-3.94,-2.2,-10.2,0.28,-6.42,-2.77,-4.06,-4.19
8176,智捷,3.28,1.08,1.29,1.07,0.72,0.07,0.61,1.86,3.62
8182,加高,1.12,0.72,0.08,0.93,1.97,0.85,2.04,1.73,0.72
8183,精星,-1.78,-0.62,0.96,3.61,4.41,1.48,4.19,2.73,2.86
8201,無敵,-9.1,0.66,-2.22,-4.12,-2.56,-4.57,-2.62,-1.13,-2.35
8210,勤誠,6.39,4.03,6.23,5.03,6.66,4.35,3.77,2.92,5.16
8213,志超,1.71,1.32,0.83,1.86,2.44,1.15,1.45,1.86,1.4
8215,明基材,0.53,-1.67,-1.64,-8.7,1.54,4.22,1.99,4.33,3.13
8222,寶一,,,,,,,,,
8234,新漢,3.38,1.79,2.45,1.51,3.78,-1.79,3.77,2.12,1.94
8240,華宏,0.72,-1,-2.84,-2.14,-10.37,0.05,-1.49,0.54,2.14
8249,菱光,0.09,0.5,2.07,3.88,1.13,1.39,1.9,2.97,0
8255,朋程,4.91,4.62,5.16,2.87,5.53,2.82,4.9,4.65,4.57
8261,富鼎,-0.71,0.55,4.02,0.58,0.27,-1.65,0.75,1.82,2.12
8266,中日新(下櫃),,,,,,,,,
8271,宇瞻,2,3.12,2.33,3.56,4.3,4.33,3.34,3.75,5.06
8277,商丞,-0.98,-3.04,-2.23,-1.88,-6.68,-3.01,-1.43,-0.72,-2.42
8287,英格爾,2.18,1,2.28,2.72,2.22,-0.56,1.84,-36.99,-166.9
8289,泰藝,0.24,-0.01,0.87,0.46,1.25,-1.72,1.42,0.71,0.39
8291,尚茂,,,,,,,,,
8299,群聯,5.18,4.42,4.62,7.22,6.64,5.42,6.7,6.67,5.07
8341,日友,7.21,6.12,6.32,6.49,7.85,6,10.51,7.81,7.17
8349,矬,2.06,2.48,2.59,2.73,4.21,3.6,3.79,3.4,3.5
8354,冠好,-0.4,0.03,1.43,-0.2,2.93,-2.05,1.18,9.08,0.16
8358,金居,-4.12,3.23,6.74,9.93,14.02,14.6,13,5.4,3.83
8374,羅昇,-2.94,-1.64,0.34,2.1,1.41,2.29,3.95,3.84,2.63
8383,千附,3.78,4.55,4.04,4.24,4.36,3.34,3.81,3.93,3.31
8390,金益鼎,-5.55,0.79,0.69,-0.83,-0.07,-1.7,2.54,1.24,0.74
8401,白紗科,2.91,-0.8,1.92,-4.11,4.42,0.44,2.99,3.69,3.24
8403,盛弘,0.67,1.39,1.89,2.15,1.02,1.19,2.41,2.05,0.59
8404,百和興業-KY,2.68,2.71,2.7,2.01,2.81,2.16,2.49,2.42,2.08
8406,金可-KY,4.09,3.6,3.96,4.87,2.81,3.85,1.69,2.72,1.43
8409,商之器,10.44,-6.36,-5.79,-3.37,1.09,-4,-5.16,-4.66,1.76
8410,森田,,,,,,,,,
8411,福貞-KY,0.8,2.02,1.3,2.66,1.73,1.9,0.66,1.16,1.23
8416,實威,13.06,4.79,5.81,4.91,9.89,3.71,7.3,5.55,11.27
8418,捷必勝-KY,-4.61,-2.83,-2.75,-5.18,6.13,-4.79,-3.75,-6.74,-10.95
8420,明揚,,,,,,,,,
8421,旭源,1.76,3.13,5.29,1.28,3.48,-1.1,1.18,0.8,0.06
8422,可寧衛,6.85,7.52,7.43,7.78,6.04,6.17,6.67,6.63,6.8
8423,保綠-KY,1.67,-5.84,0.32,0.39,3.43,1.37,3.05,3.81,1.76
8424,惠普,3.96,2.92,3.68,3.43,3.86,3.89,4.27,5.22,4.4
8426,紅木-KY,8.1,5.27,8.94,6.78,7.38,1.31,2.16,6.61,7.24
8427,基勝-KY,3.27,7.65,10.65,-2.43,2.2,4.61,-1.19,-2.99,0.2
8429,金麗-KY,4.57,4.07,4.69,2.38,4.86,2.33,2.3,0.73,0.79
8431,匯鑽科,-4.79,-4.58,-2.8,-1.9,-1.17,-2.43,-2.76,-2.02,-2.37
8432,東生華,,,,,,,,,
8433,弘帆,8.15,6.44,7.41,6.83,8.55,4.01,7.76,9.05,4.56
8435,鉅邁,3.48,2.04,3.42,3.44,4.29,2.96,5,3.91,3.62
8436,大江,3.86,3.58,5.04,6.8,4.99,4.33,5.53,7.1,6.31
8443,阿瘦,2.65,0.85,0.18,-1,0.84,-2.4,-2.32,-0.84,1.87
8446,華研,8.18,4.74,6.72,6.5,9.34,4.58,5.9,7.41,10.57
8450,霹靂,2.81,2.29,3.12,1.71,3.25,0.29,0.6,1.18,-1.84
8454,富邦媒,4.5,5.9,5.27,4.68,5.14,5.25,6.25,4.51,6.39
8905,裕國,0.75,0.24,0.7,7.59,6.07,2.69,2.31,3.12,2.22
8906,花王,-0.19,-0.27,-1.61,0.44,-1.21,-1.42,-0.99,1.01,-0.55
8908,欣雄,,,,,,,,,
8913,全銓,0.47,0.5,13.76,6.96,-0.62,83.19,-0.03,0.31,-0.27
8916,光隆,2.13,-0.41,4.37,7.01,2.73,-22.95,6.91,8.82,6.77
8917,欣泰,1.59,2.39,3.22,2.32,1.57,2.65,3.87,2.91,1.97
8921,沈氏,,,,,,,,,
8923,時報,2.38,2.35,0.97,1.58,2.35,1.28,1.42,-0.01,4.66
8924,大田,0.66,-6.65,-2.98,-0.71,-0.23,-4.95,-5.68,51.61,3.17
8925,,,,,,,,,,
8926,台汽電,1.51,1.64,1.92,2.34,2.4,0.71,3,3.89,0.8
8927,北基,0.6,1.06,1.48,-0.94,1.25,0.58,0.65,1.48,1.19
8928,鉅明,10.59,10.29,0.35,-3.61,3.79,3.86,1.34,3.84,4
8929,富堡,2.69,2.01,1.53,9.64,0.92,6.89,0.55,2.86,1.35
8930,青鋼,-1.04,-0.39,2.17,0.99,2.44,13.12,2.18,2.01,1.61
8931,大汽電,1.5,1.29,0.84,2.38,1.14,0.4,1.75,3.83,0.93
8932,宏大,-2.11,2.31,4.24,-1.35,-3.21,-5.21,1.67,-3.6,-3.26
8933,愛地雅,2.87,1.18,-1.9,0.89,2.32,-1.93,0.5,0.58,-0.53
8934,衡平,13.04,6.07,-1.84,3.54,6.57,2.5,-7.74,1.93,5.13
8935,邦泰,-4.5,-0.54,-4.21,-13.4,-5.5,-0.86,-5.74,-4.14,-5.08
8936,國統,-3.6,0.74,-0.38,-3.37,-8.6,0.27,-1.49,-2.22,-3.22
8937,合騏,-0.8,0.76,-0.01,-1.49,0.18,-2.47,0.85,0.4,-1.06
8938,明安,4.85,2.01,-0.52,1.07,7.1,2.91,2.32,1.54,4.87
8940,新天地,7.18,8.52,-3.1,-10.27,8.69,4.34,-2.81,-11.62,6.45
8941,關中,-6.35,0.78,1.77,2.85,1.18,0.83,9.69,20.88,-2.57
8942,森鉅,3.65,3.88,4.25,2.2,3.61,0.21,3.4,-6.98,2.61
8996,高力,5.93,3.94,5.27,3.29,3.73,0.18,0.81,1.07,1.03
910069,新曄(下市),,,,,,,,,
9103,美德醫療-DR,,,,,,,,,
910322,康師傅-DR,,,,,,,,,
910482,聖馬丁-DR,,,,,,,,,
9105,泰金寶-DR,2.52,,,,,,,,
9106,新焦點(下市),,,,,,,,,
910708,琱j健-DR,,,,,,,,,
910801,金衛-DR(下市),,,,,,,,,
910861,神州-DR,,,,,,,,,
9110,越南控-DR,,,,,,,,,
911608,明輝-DR,-6.14,,,,,,,,
911609,揚子江(下市),,,,,,,,,
911611,中泰山(下市),,,,,,,,,
911612,滬安電力(下市),,,,,,,,,
911613,特藝-DR,-24.86,,,,,,,,
911616,杜康-DR,-31.23,,,,,,,,
911619,耀傑-DR,-55.87,,,,,,,,
911622,泰聚亨-DR,-3.38,,,,,,,,
911626,MSH-DR(下市),,,,,,,,,
911868,同方友友-DR,,,,,,,,,
912000,晨訊科-DR,,,,,,,,,
912398,友佳-DR,,,,,,,,,
9136,巨騰-DR,,,,,,,,,
913889,大成糖(下市),,,,,,,,,
9157,陽光能源-DR,,,,,,,,,
9188,精熙-DR,,,,,,,,,
9802,鈺齊-KY,0.49,3.12,3.55,2.07,3.98,4.65,4.14,2.07,2.89
9902,台火,-0.36,0.03,0.39,0.3,-0.37,-0.33,0.34,0.07,0.04
9904,寶成,0.77,1.93,1.37,2.36,2.6,1.02,1.68,3.04,2.45
9905,大華,1.06,1.61,2.14,2.46,2.2,2.23,2.02,2.56,1.73
9906,欣巴巴,1.38,-1.59,3.78,3.66,0.29,0.54,2.34,2.03,6.38
9907,統一實,-1.53,0.99,2.17,1.27,1.03,1.04,0.56,1.53,0.04
9908,大台北,0.9,0.79,2.03,2.84,0.96,1.92,1.26,2.73,0.88
9910,豐泰,8.16,6.05,9.6,8.22,6.5,4.98,8.32,9.31,8.09
9911,櫻花,4.56,4.21,3.83,3.95,5.04,3.95,3.15,4.59,6.72
9912,偉聯,-1.39,-1.54,0.03,0.01,0.04,0.16,0.04,0.11,1.22
9914,美利達,4.84,3.37,3.33,4.01,4.13,2.34,1.18,3.35,-0.45
9917,中保,4.51,4.08,4.41,4.35,-7.56,7.15,5.47,5.1,3.98
9918,欣天然,1.49,2.8,2.36,0.77,1.88,2.89,2.5,1.84,1.51
9919,康那香,0.49,-0.19,0.75,0.21,-16.32,0.23,1.1,2.98,0.12
9921,巨大,4.18,4.1,4.11,3.61,3.3,2.58,3.46,3.65,0.69
9924,福興,3.61,3.43,4.65,4.19,3.62,1.83,3.06,3.58,2.45
9925,新保,1.97,2.39,5.68,2.97,1.68,,4.65,2.67,1.67
9926,新海,2.56,3.04,2.73,3.27,2.19,2.71,3.1,4.32,2.84
9927,泰銘,3.66,2.89,3.59,4.62,5.96,5.06,3.75,5.24,6.03
9928,中視,-2.78,-8.67,-9.63,-11.52,-19.16,-4.38,-16.75,-12.21,-5.49
9929,秋雨,-19.94,-18.14,30.63,-0.28,0.47,-0.82,0.02,0.61,0.51
9930,中聯資源,5.47,3.21,4.19,3.07,3.72,3.94,3.5,5.4,5.02
9931,欣高,2.34,5.42,2.39,0.97,2.18,2.48,2.92,2.43,2.09
9933,中鼎,3.08,2.32,2.84,3.61,2.46,2.19,6.07,2.57,3.11
9934,成霖,1.16,0.86,2.89,-13.62,2.16,2.55,4.79,3.13,1.87
9935,慶豐富,1.37,1.39,1.35,1.5,1.55,0.62,6.25,5.31,4.25
9937,全國,,,,,,,,,
9938,百和,3.33,3.97,3.91,3.68,3.99,4.11,3.95,4.66,3.47
9939,宏全,0.41,1.59,3.6,3.16,0.73,2.95,2.72,3.62,0.37
9940,信義,1.4,-0.71,2.35,2.26,6.26,0.74,12.4,9.98,4.78
9941,裕融,2.19,3.95,3.38,4.08,3.66,4.49,4.96,4.63,4.54
9942,茂順,3.34,3.87,5.03,4.33,4.83,3.36,5.38,5.85,4.43
9943,好樂迪,4.08,5.75,5.25,4.5,3.31,4.62,4.09,5.23,4.78
9944,新麗,-1.06,1.26,1.43,0.07,-0.42,0.4,1.3,0.15,-0.26
9945,潤泰新,4.46,6.63,1.46,5.97,7.63,1.2,2.7,6.94,13.48
9946,三發地產,6.3,3.73,2,0.71,2.12,1.9,0.03,1.07,5.19
9949,琉園,-1.32,-1,-1,-2.14,0.03,-1.41,-1.31,-1.4,0.5
9950,萬國通,0.22,0.27,1.15,-0.26,1.57,-2.7,-2.14,-5.05,-8.87
9951,皇田,9.36,8.6,8.43,7.75,10.11,6.62,7.3,6.87,7.4
9955,佳龍,-3.4,-0.44,1.1,-0.91,-5.66,-1.28,-2,0.44,-1.44
9958,世紀鋼,3.56,0.5,2.13,-0.46,0.71,0.49,0.13,0.99,0.69
9960,邁達康,1.38,0.03,0.33,0.69,-6.04,1.39,1.77,1.78,1.41
9962,有益,-1.16,,,,,,,,
