1101,台泥,-20.83,-17.33,-12.42,-8.83,-4.39,19.5,12.85,9.42,9.77
1102,亞泥,-14.67,-15.12,-9.88,-10.2,-8.06,-4.04,-0.88,2.82,6.49
1103,嘉泥,-28.22,-19.38,-3.36,7.51,11.1,10.58,-22.23,-25.63,-33.26
1104,環泥,-11.27,-16.7,-9.1,-10.82,-10.49,-0.47,-7.13,-2.23,-4.69
1108,幸福,-1.07,-22.63,-20.04,-16.07,-15.34,-10.12,-16.27,-17.96,-19.21
1109,信大,-12.99,-7.96,-2.23,-5.59,-0.1,10.73,15.51,23.72,23.69
1110,東泥,-10.63,-19.3,-17.86,-20.71,-20.39,-8.08,-13.09,4.96,16.11
1201,味全,-19.14,-20,-16.27,-15.51,-15.56,2.27,-1.07,1.21,3.95
1203,味王,5.34,-6.44,-5.88,-6.95,-4.31,-0.24,-1.12,-2.5,-2.39
1210,大成,-14.7,-11.63,-6.76,-5.62,-3.14,5.85,1.57,0.99,0.18
1213,大飲,4.89,-16.55,-9.7,-11.05,-8.78,7.03,-5.7,0.08,-3.31
1215,卜蜂,-5.56,6.16,8.26,7.7,9.78,12.38,11.46,10.74,9.31
1216,統一,-0.52,1.65,0.74,-0.53,-0.67,-9.89,-7.24,-4.36,-3.27
1217,愛之味,12.22,5.59,6.32,0.65,2.37,2.97,-3.03,1.77,0.78
1218,泰山,-10.92,-8.08,-1.13,-0.94,1.15,-1.74,-5.74,-4.91,-5.29
1219,福壽,-7.69,13.24,14.74,11.93,12.66,7.7,0.58,0.47,-1.3
1220,台榮,-13.11,-22.84,-10.8,-12.64,-12.58,-23.17,-25.44,-19.94,-17.36
1225,福懋油,-12.28,-6.04,-1.83,-1.54,0.32,3.01,0.56,0.53,-1.48
1227,佳格,17.04,3.33,2.54,1.63,6.11,-12.53,-5.21,-0.9,-2.2
1229,聯華,0.04,4.53,3.11,0.52,-1.52,-12.1,-10.79,-9.26,-7.24
1231,聯華食,9.56,0.84,1.95,1.27,4.04,4.21,5.89,7.22,4.67
1232,大統益,-18.66,-17.33,-8.61,-4.79,-2.19,11.74,3.4,-0.2,-2.87
1233,天仁,-0.77,-1.35,1,0.08,0.1,-2.1,-1.51,0.15,-0.21
1234,黑松,5.74,31.83,37.42,37.28,37.76,25.92,11.35,6.26,3.74
1235,興泰,-34.4,-14.38,20.82,19.26,4.41,-44.51,-57.91,-37.77,-34.78
1236,宏亞,-2.3,-14.38,-14.98,-12.57,-8.09,-25.92,-16.96,-12.48,-11.77
1256,鮮活果汁-KY,17.14,5.79,7.95,12.78,11.38,16.01,9.1,9.03,8.88
1258,其祥-KY,40.33,87.56,61.82,42.29,32.58,-0.43,1,1.66,1.85
1259,安心,4.04,5.65,6.43,5.14,5.4,3.96,4.08,5.19,5.48
1262,綠悅-KY,-0.57,6.97,8.8,8.27,11.3,43.06,15.59,-2.59,-9.06
1264,德麥,11.64,0.43,-0.15,-2.05,-2.45,-7.26,-5.57,-3.17,-3.12
1301,台塑,-11.56,-10.3,-11.27,-10.96,-5.94,11.72,14.36,18.44,14.73
1303,南亞,-7.89,-17.68,-17.23,-12.99,-8.17,11.01,9.77,10.87,11.2
1304,台聚,-12.28,-2.51,-4.1,-2.06,1.39,9.14,7.05,10.68,9.48
1305,華夏,-4.93,2.86,-0.72,3.33,2.28,-1.98,0.29,2.58,3.85
1307,三芳,0.76,3.35,1.07,-2.27,-2.05,-12.03,-9.44,-7.63,-10.78
1308,亞聚,-6.81,10.68,7.73,10.82,13.61,12.41,15.57,16.57,8.67
1309,台達化,-18.66,-9.46,-13.72,-11.2,-3.58,22.47,16.36,22.47,20.72
1310,台苯,-22.94,55.09,4.72,5.14,7.25,0.03,4.8,6.59,4.81
1312,國喬,-17.73,-8.76,-17.32,-10.38,-0.53,18,20.35,21,17.23
1313,聯成,-18.08,-17.08,-15.12,-12.79,-2.88,17,19.67,23.91,19.36
1314,中石化,-21.33,-28.22,-23.72,-11.15,-2.98,69.79,43.71,27.79,31.36
1315,達新,-8.84,11.33,3.63,7.65,5.96,-2.21,-0.24,-6.83,-8.08
1316,上曜,4.35,-40.77,-46.99,-41.48,-30.61,28.4,19.62,50.68,275.85
1319,東陽,6.22,6.22,6.34,7.76,7.68,0.62,1.37,2.19,1.12
1321,大洋,-14.35,-21.63,-13.13,-9.4,-5.07,5.67,0.2,-0.42,2.39
1323,永裕,-10,-2.97,2.09,3.23,0.26,-3.2,-1.63,0.46,3.48
1324,地球,-11.98,-10.05,-4.81,-6.3,-2.98,0.78,-5.84,-2.59,-0.73
1325,恆大,-7.93,-7.16,-9.62,-10.39,-10.76,-12.38,-13.76,-10.73,-12.64
1326,台化,-17.96,-6.32,-8.4,-5.45,-3.08,17.76,9.14,9.54,12.29
1333,恩得利,-27.96,-36.15,-30.79,-33.66,-33.55,-33.25,-33.79,-29.12,-25.96
1336,台翰,-12.82,6.59,1.65,3.63,-1.93,8.15,23.8,29.07,27.52
1337,再生-KY,-7.39,46.84,40.28,27.71,15.95,-21.49,-17.67,-18.96,-20.61
1338,廣華-KY,-1.61,-2.45,-6.99,-8.36,-7.99,-3.96,-0.3,3.44,4.72
1339,昭輝,49.58,53.99,24.06,17.93,14.93,17.35,19.73,17.52,14.62
1340,勝悅-KY,3.35,12.63,11.01,7.43,3.26,-22.09,-4.75,3.52,3.15
1402,遠東新,-7.46,-3.61,-2.21,-0.89,-0.96,-2.35,-3.07,0.13,0.92
1409,新纖,-13.36,-8.26,-10.75,-9.25,-7.64,4.83,4.39,5.79,6.18
1410,南染,-1.15,4.93,-2.22,-4.08,-4.81,-11.39,-12.65,-11.07,-11.1
1413,宏洲,-27.81,-19.65,-24.81,-17.92,-13.5,,,,
1414,東和,,,,,,,,,
1416,廣豐,17.46,132.45,208.35,209.86,168.72,-47.3,-39.18,-38.53,-38.75
1417,嘉裕,8.08,-4.88,-9.68,-13.19,-16.39,-29.37,-29.54,-31.57,-31.59
1418,東華,-27.6,55.08,20.25,22.88,17.71,-14.43,3.61,-3.63,-4.34
1419,新紡,-5.36,14.45,20.46,21.44,20.34,15.47,7.2,8.08,11.08
1423,利華,,,,,,,,,
1432,大魯閣,192.69,123.88,234.18,172.28,158.52,124.64,55.48,33.68,16.69
1434,福懋,-11.04,-5.44,-8.1,-7.8,-7.05,-1.68,1.48,1.99,2.15
1435,中福,11.3,-22.55,-11.61,-4.1,-1.81,52.11,29.04,22,18.51
1436,華友聯,-83.02,53.64,716.94,770.47,386.61,435.39,98.21,69.31,70.48
1437,勤益控,-27.75,-34.03,-28.7,-29.48,-26.67,4.24,-2.76,-3.73,-5.2
1438,裕豐,,,,,,,,,
1439,中和,,,,,,,,,
1440,南紡,3.66,-20.4,-20.03,-13.33,-9.6,21.72,12.66,7.27,8.25
1441,大東,10.3,-13.37,-12.89,-14.18,-13.21,-8.09,-0.68,1.99,1.96
1442,名軒,44.59,-2.24,23.57,231.14,152.32,345.27,43.89,-48.87,-44.82
1443,立益,-24.72,-2.54,-11.83,-18.39,-12.73,20.6,9.11,10.12,1.64
1444,力麗,-9.75,-12.77,-10.77,-9.54,-7.65,1.6,7.51,14.93,15.52
1445,大宇,-3.51,-16.49,-10.01,-10.26,-8.93,-3.45,-6.05,-4.27,-4.01
1446,宏和,4.45,12.35,13.01,17.49,5.14,-48.88,-46.05,-47.15,-42.85
1447,力鵬,-25.4,-30.73,-29,-21.12,-14.38,38.92,15.95,15.91,16.17
1449,佳和,-10.21,-0.32,-2.55,1.56,-3.08,1.25,-0.79,-10.31,-11.32
1451,年興,-3.09,11.99,6.04,2.22,1.6,-16.89,-25.79,-28.03,-30.54
1452,宏益,,,,-4.2,-0.39,13.35,13.5,9.92,7.11
1453,大將,36.18,-65.59,-91.22,-86.25,-83.28,-56.95,38.91,30.7,20.68
1454,台富,-1.83,-21.41,-14.44,-14.45,-10.42,9.36,1.21,1.86,1.95
1455,集盛,-17.51,-25.67,-23.53,-17.87,-12.98,37.93,15.22,16.22,14.79
1456,怡華,-37.62,-20.84,-19.55,-20.81,,,,,
1457,宜進,0.62,51.08,29.23,10.74,3.08,1.77,6.84,9.74,10.33
1459,聯發,-3.52,-23.34,-27.86,-27.19,-24.92,-0.65,12.94,14.86,15.6
1460,宏遠,0.4,1.55,4.45,6.56,7.56,0.98,-0.78,-3.38,0.42
1463,強盛,-4.68,-3.81,1.07,-0.28,315.34,551.5,320.49,324.1,-18.73
1464,得力,25.39,17.61,13.25,8.54,5.93,-1.29,2,3.6,5.07
1465,偉全,-14.55,-16.14,-19.87,-18.19,-15.18,-0.47,-1.27,-4.81,-4.14
1466,聚隆,-18.82,-17.16,-13.81,-12.89,-9.64,3.84,3.5,8.99,7.89
1467,南緯,-4.09,2.05,3.29,1.22,3.16,-7.2,-5.59,-0.71,2.11
1468,昶和,-1.03,-11.84,-7.88,-3.23,-0.99,3.1,4.15,6.94,3.98
1469,理隆,-12.49,30.28,-16.17,-20.59,-13.6,-44.05,-26.99,-20.56,-21.25
1470,大統染,,,,,,,,5.09,2.23
1471,首利,-54.88,-45.3,-40.38,-35.09,-31.79,-6.74,-11.88,-10.21,7.02
1472,三洋紡,-23.38,-26.01,-20.05,-6.69,6.17,14.4,1.79,-3.47,-5.2
1473,台南,4.67,13.8,9.49,7.17,-2.42,-22.92,-18.66,-14.28,-10.76
1474,弘裕,-0.9,0.52,-4.92,-6.91,-7.37,-7.53,-6.12,1.39,3.63
1475,本盟,0.64,-3.76,-6.24,-17.07,-17.12,2.26,-25.9,-23.25,-32.99
1476,儒鴻,22.44,13.44,-0.07,-3.26,-3.9,-7.95,-2.88,-2.76,-1.2
1477,聚陽,11.82,9.12,1.34,-3.77,-5.27,-12.33,-6.27,0.38,1.12
1503,士電,0.87,3.42,5.53,5.24,7.19,3.77,4.02,4.44,3.75
1504,東元,-9.58,-0.32,2.58,1.03,2.73,2.04,2.03,3.21,2.04
1506,正道,-1.05,9.46,2.62,-0.12,1.43,-13.91,-15.49,-12.67,-13.3
1507,永大,-3.25,-12.57,-10.56,-16.56,-15.23,-18.35,-13.05,-11.44,-14.45
1512,瑞利,4.08,9.57,6.62,4.87,2.29,-28.18,-32.18,-36.64,-39.38
1513,中興電,-8.55,64.3,28.91,24.34,22.84,-25.1,-14.12,-9.76,-10.37
1514,亞力,4.11,43.07,20.35,14.81,10.24,-33.95,-26.1,-17.28,-3.11
1515,力山,-4.17,-1.05,20.47,6.81,6.12,16.06,6.62,29.81,44.95
1516,川飛,,,,,,,,,
1517,利奇,-10.57,-20.76,-23.03,-23.73,-21.75,-3.51,0.9,4.42,3.55
1519,華城,11.55,0.92,25.74,19.86,0.19,14.91,-14.75,-13.7,2.5
1521,大億,15.5,-11.05,-6.5,-5.54,2.94,-3.94,8.67,13.57,5.04
1522,堤維西,7.78,8.97,6.6,6.52,6.08,0.71,1.01,0.9,0.65
1524,耿鼎,0.44,3.86,5.22,4.67,4.83,4.81,3.23,2.66,1.27
1525,江申,1.34,-8.65,-3.06,-2.87,-0.6,1.91,0.85,-1.83,-2.12
1526,日馳,19.44,-2.28,0.67,1.16,5.75,19.87,21.66,36.23,40.31
1527,鑽全,,,,,,,,,
1528,恩德,-4.04,0.58,3.86,17.37,17.88,8.35,6.42,15.23,20.76
1529,樂士,-28.9,249.82,158.58,176.54,232.88,-46.89,39.13,56.18,206.48
1530,亞崴,-2.72,-18.4,-9.08,-8.74,-4.47,28.73,17.55,20.35,16.37
1531,高林股,-8.62,1.66,-8.34,-4.98,-6.34,-11.15,-6.97,-12.09,-5.22
1532,勤美,2.69,-22.56,-16.66,-13.24,-19.04,-1.89,7.28,2.14,3.12
1533,車王電,-7.47,1.33,-3.3,-4.86,-5.43,-9.2,-2.23,1.88,7
1535,中宇,-7.54,-5.98,-13.55,-11.74,-11.45,-26.5,-9.44,0.72,17.66
1536,和大,25.08,18.54,13.71,10.7,9.1,19.01,16.13,18.4,16.22
1537,廣隆,2.63,-6.71,-3.07,-0.87,1.15,7.43,10.55,9.4,10.66
1538,正峰新,-12.49,-12.69,-21.53,-14.54,-10.12,11.98,10.99,-2.15,-5.41
1539,巨庭,8.96,7.33,4.17,3.17,8.92,5.34,1.75,-2.11,-5.75
1540,喬福,-25.91,-48.41,-43.95,-41.93,-37.31,3.09,5.07,9.58,10.08
1541,錩泰,7.43,29.19,27.67,15.93,22.18,-2.95,0.17,1.57,3.54
1558,伸興,-3.66,-4.54,-1.96,1.14,0.36,-20.56,-5.72,-4.93,-0.75
1560,中砂,,,,,,,,,
1565,精華,8.3,12.4,11.69,13.08,10.21,-3.99,-1.89,-0.06,-0.63
1566,捷邦,137.29,155.59,43.1,25.58,18.78,8.71,4.38,2.15,0.98
1568,倉佑,6.36,17.87,10.3,14.1,17.19,28.47,31.19,26.92,20.32
1569,濱川,-11.45,-10.28,2.28,16.27,21.32,50.52,46.35,29.28,26.2
1570,力肯,30.09,4.2,-14.49,-10.6,3.72,-0.44,24.92,29.98,10.59
1580,新麥,-4.55,0.09,3.67,6.87,4.59,-1,5.46,6.41,7.37
1582,信錦,-5.93,-5.45,-3.4,-3.05,-3.46,0.52,0.59,-1.46,-2.93
1583,程泰,-8.4,-25.21,-18.27,-13.44,-9.44,17.25,13.06,16.72,16.87
1584,精剛,,,,,,63.41,52.26,46.06,29.48
1586,和勤,1.37,4.98,3.26,14.19,13.72,22.47,16.84,15.71,15.03
1589,永冠-KY,12.71,2.68,-3.44,-8.97,-9.22,-25,-20.02,-13.61,-13.15
1590,亞德客-KY,4.99,21.57,20.61,20.14,20.74,23.91,23.35,28.84,29.15
1591,駿吉-KY,-21.17,-45.9,-26.56,-15.11,-5.91,-1.68,-6.79,-19.96,-22.6
1592,英瑞-KY,8.07,15.8,14.52,9.81,6.57,-3.65,2.26,-0.48,-7.38
1593,祺驊,-7.18,-10.43,-1.87,-2.71,-4.33,-4.3,-5.64,0.69,3.5
1595,川寶,-17.81,-41.81,-41.57,-37.62,-29.99,37.49,49.88,59.33,80.05
1597,直得,0.5,-10.11,-6.39,-5.41,-3.86,17.79,30.22,43.67,51.47
1599,宏佳騰,14.59,43.15,-8.17,-4.84,-9.21,-12.49,-8.13,-18.65,-3.17
1603,華電,16.14,-8.55,-8.39,2.19,-7.37,0.49,-5.46,-7.43,-4.55
1604,聲寶,-5.47,10.84,8.37,5.45,3.24,-19.91,-23.11,-15.05,-14.01
1605,華新,-8.37,-11.9,-10.69,-6.72,-4.01,17.39,11.87,18.44,17.05
1608,華榮,-12.54,-22.52,-22.69,-18.26,-18.33,13.37,24.37,19.53,17.16
1609,大亞,-5.15,-13.84,-8.61,-8.7,-6.07,15.34,12.87,13.97,17.35
1611,中電,-5.87,-2.11,-1.48,-1.44,-0.49,-4.67,-3.29,0.78,1.09
1612,宏泰,-17.04,-10.05,-2.57,-0.24,1.62,22.94,17.18,12.8,11.34
1613,台一(下市),-25.83,-24.78,-26.81,-29.94,,,,,
1614,三洋電,-1.2,37.37,14.65,7.54,4.84,-21.55,-20.21,-11.29,-8.96
1615,大山,-12.25,-15.6,-10.85,-11.24,-1.69,-5.81,14.56,14.88,16.39
1616,億泰,-9.05,-26.79,-18.32,-17.42,-15.83,-10.45,-10.96,-5.12,-2.35
1617,榮星,-19.72,-20,-19.43,-12.79,-7.18,20.09,23.59,23.26,24.51
1618,合機,28.04,-2.54,30.68,5.58,-14.91,-6.36,3.79,7.09,7.61
1626,艾美特-KY,-9.49,-3.63,-1.66,-1.03,0.59,-8.04,-9.01,-7.49,-9.14
1701,中化,6.23,6.34,5.06,3.74,2.73,2.67,2.26,4.73,8.02
1702,南僑,4.37,3.95,6.51,4.67,5.3,2.04,2.03,4.55,5.36
1704,榮化,-14.33,21.35,14.65,8.74,11.44,22.43,17.17,17.78,13.07
1707,葡萄王,15.36,21.7,24.25,27.1,26.73,-0.25,-0.05,-0.82,2.21
1708,東鹼,9.69,-12.83,-13.98,-13.67,-10.44,-7.17,-4.61,-4.88,-5.78
1709,和益,-14.56,-10.47,-11.72,-10.4,-9.38,-2.66,-4.83,0.25,2.49
1710,東聯,-1.43,20.97,6.53,20.33,40.26,107.14,86.77,74.23,48.07
1711,永光,-3.66,-5.7,-1.98,-1.02,-0.91,1.04,-4.27,-4.1,-2.98
1712,興農,2.57,-10.83,-9.1,-8.21,-8.14,-1.56,1.37,4.19,6.11
1713,國化,,,,,,,,,
1714,和桐,-31.39,-38.63,-31.47,-28.9,-21.19,14.29,4.93,9,2.57
1715,萬洲化學(下市),,,,,,,,,
1717,長興,-4.6,-6.08,-2.95,-2.22,0.5,7.27,3.03,7.48,7.42
1718,中纖,-7.46,-16.48,-10.76,-11.9,-7.99,20.4,10.67,20.54,18.67
1720,生達,0.78,6.5,13.08,13.05,10.61,5.93,4.83,8.24,4.76
1721,三晃,157.49,1.57,-6.66,-9.96,-11.93,-14.94,-15.89,-8.85,-4.76
1722,台肥,-0.13,-16.85,-23.95,-24.81,-30,1.78,0.43,-3.96,-4.75
1723,中碳,-35.56,-22.73,-19.25,-15.22,-10.35,37.63,24.74,22.92,21.35
1724,台硝,30.7,18.15,23.79,21.92,19.05,14.86,7.23,0.31,-0.01
1725,元禎,-13.32,-11.05,-9.24,-7.27,-1.74,19.14,18.92,20.84,13.97
1726,永記,-2.73,-14.29,-8.88,-6.95,-5.55,-0.39,-1.62,1.24,0.39
1727,中華化,-1.16,-6.45,-11.27,-8.51,-4.57,11.55,14.79,18.38,16.69
1729,必翔實業(下市),,,,,,,,,
1730,花仙子,24.42,14.51,10.98,6.93,4.21,-6.27,-5.92,-4.94,-2.18
1731,美吾華,11.06,0.51,0.51,3.88,5.4,8.08,11.75,12.06,9.15
1732,毛寶,3.14,-15.89,-12.47,-9.27,-8.41,11.69,11.2,10.48,8.26
1733,五鼎,3.27,1.64,10.48,1.94,-4.56,-11.84,-14.76,-5.1,1.82
1734,杏輝,-17.21,4.25,-2.7,0.16,-2.46,1.34,2.45,1.66,0.03
1735,日勝化,-25.19,-27.6,-23.79,-17.03,-10.53,23.88,9.92,13.08,10.57
1736,喬山,2.56,28.85,25.92,24.09,18.79,0.61,-2.38,-4.98,-3.32
1737,臺鹽,6.32,-1.6,-0.7,0.02,-0.22,4.25,-0.61,-0.28,0.07
1742,台蠟,-45.01,15.18,-9.88,-3.6,-5.59,-32.06,-25.91,-28.28,-31.42
1752,南光,,,,,1.93,-13.81,-14.19,-10.87,-2.97
1762,中化生,22.76,7.66,4.27,11.35,3.14,2.16,-17.5,-8.05,-2.54
1773,勝一,-10.78,-9.5,-9.8,-8.64,-4.95,15.48,11.61,12.76,10.73
1777,生泰,,,,,,,,,
1781,合世,10.68,-46.9,-19.96,-15.5,-7.7,52.39,-2.81,-16.42,-15.42
1783,和康生,6.42,13.64,10.83,17.79,28.65,46.3,46.3,36.29,27.1
1784,訊聯,-0.29,14.59,5.33,10.7,9.03,6.83,3.2,-1.01,2.76
1785,光洋科,15.14,-50.15,-58.41,-58.28,-58.83,-64.61,-57.19,-49.43,-37.65
1786,科妍,67.32,-23.89,-21.78,-22.93,-13.8,6.77,23.57,9.98,13.19
1787,福盈科,6.28,16.93,16.95,11.79,13.29,16.97,12.25,13.59,11.66
1788,杏昌,1.79,8.86,5.87,5.75,3.38,3.55,4.31,4.88,4.46
1789,神隆,-3.48,4.36,4.87,3.53,1.91,-10.01,-12.97,-13.44,-12.76
1795,美時,139.04,10.11,14.73,9.23,6.89,0.76,-0.2,3.83,8.83
1799,易威,106.39,-82.05,-68.56,-40.88,-29.96,319.97,120.25,35.57,14.2
1802,台玻,-0.68,6.94,6.91,4.34,4.39,1.41,0.08,2.03,4.11
1805,寶徠,-88.41,-92.23,-85.6,-82.2,-74.02,-33.7,-39.09,-35.49,731.91
1806,冠軍,-13.14,-19.36,-17.04,-18.19,-18.13,-8.04,-7.07,-1.76,-1.13
1808,潤隆,,,,,,,,,
1809,中釉,-20.95,-5.66,-5.13,-8.49,-10.1,-14.78,-18.18,-7.56,-4.88
1810,和成,-0.19,-3.47,-5.89,-0.89,-0.86,-5.07,-1.76,-2.78,-3.58
1813,寶利徠,5.05,-10.77,-20.63,-23.88,-18.52,17.43,26.6,33.41,24.55
1815,富喬,3.3,-3.92,-7.4,-1.19,-0.12,3.09,4.42,3,0.29
1817,凱撒衛,13.11,4.61,3.29,2.61,0.86,-2.47,0.85,2.44,2.14
1902,台紙,-7.44,-31.46,-33.78,-32.99,-30.57,-25.15,-31.18,-29.49,-30.73
1903,士紙,-86.76,-80,-77.18,-72.62,-66.15,41.92,54.8,195.35,167.84
1904,正隆,-3.3,-11.24,-10.61,-8.92,-7.62,8.68,8.63,8.3,6.43
1905,華紙,-0.73,6,7.29,4.19,4.81,5.37,0.26,2.21,3.21
1906,寶隆,-26.02,135.56,200.28,276.01,321.03,17.86,49.82,30.82,34.32
1907,永豐餘,4.41,0.34,-0.29,-1.61,-0.36,3.31,1.61,5.17,5.39
1909,榮成,-2.41,10.09,15.07,14.47,21.19,33.3,25.07,36.93,43.69
2002,中鋼,-22.22,-19.61,-11.06,-5.03,2.81,27.75,22.26,21.76,18.41
2006,東和鋼鐵,-13.48,-28.52,-20.87,-18.57,-18.82,23.46,10.18,18.4,25.94
2007,燁興,3.77,0.02,-0.31,-1.15,-3.09,13.46,8.68,11.72,9.91
2008,高興昌,,,,,,,,,
2009,第一銅,,,,,,,,,
2010,春源,-19.35,-1.52,3.41,2.68,0.09,0.44,-0.63,3.13,4.69
2012,春雨,-6.71,-4.45,-3.38,-1.4,0.67,4.34,4.69,3.95,4.4
2013,中鋼構,-9.39,-10.46,-0.63,14.04,9.24,14.09,8.26,-1.58,-3.52
2014,中鴻,-19.23,-0.36,3.72,4.27,11.5,30.13,22.25,24.36,21.99
2015,豐興,-22.51,-34.69,-22.58,-16.76,-10.47,38.56,24.88,17.36,18.2
2017,官田鋼,-18.69,-25.19,-15.83,-12.73,-8.19,13.29,-11.53,-1.84,-0.26
2020,美亞,-21.88,-7.85,-6.44,-0.69,1.11,18.07,10.35,13.21,8.52
2022,聚亨,-16.86,-8.92,-5.63,-7.44,-6.97,-5.58,-6.02,5.61,12.46
2023,燁輝,-17.8,-20.54,-11.16,-3.99,6.15,66.97,42.79,41.1,34.65
2024,志聯,-20.04,,,,,,,,
2025,千興,-43.15,-29.99,-15.5,3.96,24.66,23.94,0.18,1.57,-0.06
2027,大成鋼,-0.26,-7.26,-6.88,-7.18,-5.78,6.68,16.87,28.27,34.92
2028,威致,,,,,,,,,
2029,盛餘,-20.33,-24.21,-21.6,-13.74,-0.45,25.82,14.69,14.32,7.28
2030,彰源,-16.07,-11.14,-10.63,-9.85,-6.4,24.07,18.08,16.94,15.29
2031,新光鋼,-25.47,-22.55,-19.54,-12.74,-0.59,57.6,51.26,46.03,30.26
2032,新鋼,,,,,,,,,
2033,佳大,,,,,,,,,
2034,允強,-27.73,-21.6,-17.86,-10.94,-4.08,29.73,22.67,14.18,9.31
2035,唐榮,-28.84,-35.58,-32.23,-27.51,-11.86,,,,
2038,海光,-26.66,-53.47,-48.12,-45.34,-40.67,-5.62,-8.78,-1.84,10.62
2049,上銀,-1.37,-17.96,-7.83,-1.4,8.31,44.08,28.16,29.95,31.31
2059,川湖,5.05,-11.03,-6.52,-4.56,-0.72,14.82,-3.13,-6.81,-7.96
2061,風青,-14.97,-19.59,-24.96,-19.87,-14.01,30.01,35.06,40.17,35.14
2062,橋椿,9.83,6.69,-4.18,-6.07,-8.58,-6.95,-1.42,-2.39,-3.55
2063,世鎧,-7.43,33.14,29.4,19.08,18.5,21.27,13.05,20.56,22.74
2064,晉椿,,-24.34,-20.92,-14.14,-7.31,15.89,8.12,14.24,14.48
2066,世德,,,,,,,,,
2067,嘉鋼,-25.69,-1.63,12,15.16,16.72,9.52,16.92,25.97,25.12
2101,南港,-12.03,-19.41,-9.09,-7.31,-5.07,19.45,9.91,12.06,9.76
2102,泰豐,-1.68,-18.17,-23.7,-29.76,-29.25,-25.92,-8.26,6.89,4.77
2103,台橡,-18.47,-9.45,-0.54,0.41,3.75,43.18,29.79,24.85,17.85
2104,中橡,-23.42,-19.44,-13.35,-9.96,-5.71,30.27,27.75,25.38,26.59
2105,正新,-9.52,1.21,0.55,0.47,0.57,-2.4,-5.56,-4.99,-4.33
2106,建大,-6.17,-3.24,-4.68,-7.05,-5.59,1.55,-0.21,1.66,3.52
2107,厚生,-58.67,-51.83,-44.17,-31.77,-25.44,28.96,13.83,12.99,1.09
2108,南帝,17.89,5.65,-2.87,-5.83,-1.69,32.3,20.64,21.84,22.58
2109,華豐,-5.82,-10.65,-9.15,-8.29,-6.62,-5.55,-6.03,-5.05,-4.81
2114,鑫永銓,-14.99,-25.21,-20.58,-17.22,-14.74,-13.44,-6.51,-1.21,4.59
2115,六暉-KY,-6.04,-5.12,-1.31,2.21,5.33,9.99,4.76,3.13,1.55
2201,裕隆,1.59,-6.96,-5.96,-8.21,-8.45,-15.85,-15.25,-15.88,-16.1
2204,中華,2.6,-0.39,6.93,10.38,10.03,0.31,2.8,-1.62,-4.13
2206,三陽工業,-9.8,-17.92,-8.51,-8.87,7.8,6.66,1.8,0.06,-10.64
2207,和泰車,0.25,-18.32,-8.61,-5.06,-4.18,17.73,1.07,-0.39,0.55
2208,台船,-15.84,-21.59,-16.03,-20.85,-26.61,-29,-4.18,-0.62,4.17
2221,大甲,17.83,10.01,-0.18,4.52,6.71,32.37,20.89,11.64,3.25
2227,裕日車,0.13,5.09,2.07,2.49,4.94,3.72,-1.96,-2.32,-4.7
2228,劍麟,12.49,16.89,21.02,14.61,13.08,6.07,-2.04,-2.84,-3.03
2230,泰茂,0.78,6.23,14.96,19.87,29,18.6,17.77,17.75,17.87
2231,為升,30.94,25.4,25.67,24.83,21.06,0.25,1.25,1.37,3.04
2233,宇隆,0.01,-4.13,2.26,7.66,8.4,23.92,10.89,14.47,11.79
2235,謚源,,,,,,,,,
2301,光寶科,-5.94,-3.3,0.43,4.48,5.83,3.03,0.75,-3.55,-6.54
2302,麗正,-16.7,8.84,7.66,3.31,1.24,-18.19,-21.75,-19.26,-13.21
2303,聯電,3.44,-8.62,-5.63,-1.28,2.1,8.76,4.98,2.82,0.96
2305,全友,1.29,-17.39,-8.03,-8.9,-11.62,-12.26,-15.93,-14.73,-9.58
2308,台達電,6.72,10.19,9.07,6.42,5.36,2.77,2.12,3.1,4.3
2311,日月光,10.41,-3.54,-7.35,-4.81,-2.97,6.7,6.09,4.4,5.66
2312,金寶,-26.03,129.83,157.7,177.09,198.84,1.92,-6.74,-7.05,-3.06
2313,華通,31.12,8.21,3.37,2.14,2.55,19.45,18.01,18.27,18.56
2314,台揚,0.95,24.72,34.02,31.46,20.15,-15,-6.16,-2.05,-0.61
2316,楠梓電,-15.94,-36.43,-30.03,-26.87,-20.47,24.16,17.75,14.8,9.72
2317,鴻海,6.38,-5.53,-5.37,-3.18,-2.75,1.78,0.92,0.71,7.98
2321,東訊,-33.8,3.33,15.16,-4.75,0.49,-24.09,-24.23,-15.7,-24.77
2323,中環,-20.75,-19.8,-16.42,-14.74,-14.28,-20.59,-23.08,-21.24,-16.48
2324,仁寶,0.19,-10.83,-11.98,-10.69,-9.5,6.1,14.77,15.59,15.76
2325,矽品,-0.28,-7.24,-2.54,1.38,2.74,1.31,-2.45,-1.59,-1.83
2327,國巨,1.8,5.5,6.75,0.21,0.99,0.47,3.25,7.54,16.1
2328,廣宇,10.2,-1.6,-6.76,-8.41,-2.76,55.17,46.89,50.11,42.5
2329,華泰,16.41,7.44,3.75,3.19,-1.95,-16.27,-17.77,-14.3,-12.04
2330,台積電,10.58,-8.35,-0.51,7.15,12.38,14.95,5.28,2.07,3.11
2331,精英,-13.43,-41.38,-44.93,-42.98,-38.11,-6.53,-1.74,1.66,0
2332,友訊,-12.18,-11.62,-12.17,-14.97,-13.87,-20.36,-18.35,-16.12,-15.73
2337,旺宏,-6.63,8.07,6.05,13.25,15.28,29.96,28.3,36.18,41.75
2338,光罩,-15.92,-29.41,-20.79,-20.3,-19.45,-1.69,-2.07,1.3,19.27
2340,光磊,-10.87,-1.8,-1.19,2.37,-2.52,15.99,7.45,2.85,1.85
2342,茂矽,-12.82,-14.3,-12.89,-4.8,1.41,26.85,19.7,14.83,12.73
2344,華邦電,0.95,3.73,8.47,9.84,9.76,3.35,6.08,9.8,13.07
2345,智邦,8.28,19.82,20.5,18.84,18.72,44.44,30.26,25.41,24.1
2347,聯強,-2.84,10.33,12.32,10.59,6.38,-1.23,-2.55,2.06,6.28
2348,海悅,-50.47,-54.85,-50.47,-62.99,-50.99,7.42,53.87,71.54,75.39
2349,錸德,-10.31,-6.18,-0.24,-2.24,-5.38,-15,-15.08,-11.16,-6.55
2351,順德,-10.25,-7.1,-6.92,-2.47,0.15,11.12,10.31,9.14,8.8
2352,佳世達,-0.31,-2.05,-3.58,-3.66,-2.67,-0.24,2.05,4.69,5.64
2353,宏,-19.99,-17.12,-12.23,-12.45,-11.77,-0.47,-2.51,-0.49,1.96
2354,鴻準,18.51,-28.75,-25.03,-20.48,-19.43,6.56,10.93,48.86,84.51
2355,敬鵬,6.29,11.54,8.51,5.85,5.72,-1.73,-0.01,0.99,-1.23
2356,英業達,-9.21,6.79,13.17,10.49,8.34,4.6,3.53,6.18,9.11
2357,華碩,-1.06,6.58,1.04,0.23,-1.17,-9.25,-7.66,-5.99,-7.03
2358,廷鑫,,,,,,52.68,29.36,25.18,28.23
2359,所羅門,-10.82,-28.05,-13.2,-9.88,-12.11,5.32,-1.66,-0.06,-0.9
2360,致茂,-5.96,35.68,14.23,24.09,19.93,6.34,8.84,9.46,28.19
2361,鴻友科技(下市),,,,,,,,,
2362,藍天,1.78,-2.58,1.25,1.2,1.68,1.5,-7.52,9.19,5.87
2363,矽統,-47.46,-8.06,-16.63,-23.08,-19.49,-0.93,6.46,22.64,15.92
2364,倫飛,-3.22,61.71,45.09,25.97,2.51,-48.61,-45.57,-32.73,-28.84
2365,昆盈,-23.78,-42.39,-40.6,-39.89,-36.98,-27.95,-32.42,-31.37,-36.14
2367,燿華,-0.63,-17.32,-15.91,-12.21,-8.26,30.78,39.45,36.14,43.33
2368,金像電,-4.7,-23.27,-9.77,-2.82,0.29,9.3,4.66,1.28,-0.16
2369,菱生,-7.17,-5.06,-2.18,0.72,2.04,9.22,7.88,9.14,7.85
2371,大同,-24.77,-21.6,-18.53,-20.85,-8.31,-5.63,-8.28,-1.8,-2.74
2373,震旦行,21.53,14.82,9.46,8.78,7.66,4.32,1.41,1.71,-0.64
2374,佳能,-20.37,-40.31,-39.92,-45.18,-42.84,0.39,1.98,7.91,1.78
2375,智寶,-8.91,4.43,39.57,68.67,72.23,81.33,48.35,23.23,14.25
2376,技嘉,-6.81,1.43,2.07,3.59,2.99,1.82,8.68,10.9,14.4
2377,微星,0.46,16.17,19.24,23.59,19.81,4.44,3.69,1.65,4.14
2379,瑞昱,1.54,20.7,29.05,29.36,22.58,11.09,5.85,6.09,7.13
2380,虹光,-12.07,-22.87,-14.06,-10.39,-7.47,-5.59,-21.08,-15.1,-10.68
2382,廣達,8.74,-3.82,-11.22,-14.12,-11.25,15.48,14.38,17.61,14.23
2383,台光電,10.51,-2.85,2.58,2.2,5.75,19.61,16.44,10.48,6.98
2384,勝華科技(下市),,,,,,,,,
2385,群光,0.69,-7.63,-8.82,-5.79,-4.52,1.88,2.07,2.25,1.48
2387,精元,3.87,-11.06,-12.13,-15.41,-20.21,-12.07,-14.27,-14.76,-13.82
2388,威盛,-27.4,4.89,8.86,3.36,4.2,-10.45,-4.88,-3.71,-8.4
2390,云辰,-30.22,7.34,8.7,4.16,-6.69,-21.8,-17.16,-17.73,-12.98
2392,正崴,18.85,-14.76,-14.67,-16.1,-16.38,-1.08,0.13,1.88,3.45
2393,億光,-5.57,-3.91,-1.38,1.47,1.67,-3.35,-2.72,-4.9,-6.94
2395,研華,6.35,14.67,10.5,10.44,10.53,-0.67,3.01,4.54,5.65
2397,友通,18.33,36.98,25.93,24.46,23,-4.56,-3.41,-0.64,-2.79
2399,映泰,-31.8,10.13,5.96,-1.64,5.9,0.11,20.25,16.18,14.87
2401,凌陽,7.55,-3.31,-6.95,-10.14,-10.75,-17.95,-14.87,-10.51,-9.74
2402,毅嘉,-34.24,-28.87,-26.38,-22.41,-17.73,10.16,14.52,18.22,18.21
2404,漢唐,78.7,60.05,43.15,27.9,24.22,-16.1,-14.86,-13.54,-18.8
2405,浩鑫,-25.72,-24.17,-18.89,-13,-16.68,9,21.71,7.44,13.66
2406,國碩,41.41,56.76,39.27,10.04,-7.07,-46.55,-46.69,-36.23,-27.79
2408,南亞科,-10.65,-13.56,-16.62,-11.89,-5.11,17.63,28.58,29.17,31.91
2409,友達,-11.72,-25.36,-19.39,-14.32,-8.67,24.49,14.38,9.75,3.63
2412,中華電,2.29,0.83,-0.22,1.23,-0.78,-4.23,-2.59,-2.93,-1.08
2413,環科,1.92,5.99,-0.58,-5.24,-8.08,-17.4,-16.92,-12.74,-11.32
2414,精技,1.91,4.22,2.82,3.35,2.89,5.35,4.43,5.8,4.11
2415,錩新,1.32,6.81,11.01,10.7,8.6,2.65,-3.67,-5.17,-3.64
2417,圓剛,-15.21,6.76,14.03,12.49,12.07,-0.52,-3.86,-0.19,0.35
2419,仲琦,31.69,11.64,5.2,4.94,8.68,-2.8,1.9,6.01,-2.45
2420,新巨,-2.7,1.84,-3.76,-5.65,-4.94,-9.04,-8.6,-5.61,-7.07
2421,建準,6.04,0.15,1.66,2.08,5.75,10.32,11.9,7.62,2.39
2423,固緯,-0.45,6.05,2.56,2.59,2.26,13.56,14.22,10.41,4.54
2424,隴華,-91.31,2.46,16.28,-7.27,-36.86,-16.85,115.65,886.63,765.05
2425,承啟,25.92,-12.23,-7.01,-8.41,-9.44,-34.07,-22.1,-12.86,-13.68
2426,鼎元,-25.87,-16.22,-17.3,-13.93,-12.25,-0.53,1.98,-0.68,0.02
2427,三商電,17.46,19.27,29.32,22.09,19.17,9.72,7.72,21.9,22.27
2428,興勤,12.3,5.44,5.95,4.05,5.71,15.46,10.94,9.42,7.74
2429,銘旺科,,,41.13,37.68,37.71,9.86,4.46,11.55,2.81
2430,燦坤,-1.73,4.11,-1.78,-2.22,-3.54,-18.57,-13.85,-9.4,-6.35
2431,聯昌,-15.6,-31.93,-27.2,-19.74,-16.5,-13.62,-9.91,-17.27,-24.14
2433,互盛電,24.41,21.33,20.1,17.86,15.57,7.68,7.33,8.96,9.6
2434,統懋,-15.45,9.17,3.79,3.81,5.17,-9.71,13.76,13.04,14.84
2436,偉詮電,-5.22,10.5,12.22,16.49,15.1,12.03,13.21,14.68,16.28
2437,旺詮(下市),15.33,-3.15,-2.17,0.11,2.18,2.3,,,
2438,翔耀,73.39,-15.14,-22.31,-25.01,-26.53,18.82,19.3,16.3,15.2
2439,美律,-0.62,-15.43,12.15,26.07,38.39,97.11,65.67,50.19,57.5
2440,太空梭,-3.76,-17.36,-14.39,-10.13,-5.16,37.53,33.39,35.9,34.01
2441,超豐,,,,,,,,,
2442,新美齊,27.88,7.5,42.72,46.54,55.74,-30.76,-23.76,-7.7,0.03
2443,新利虹,37.49,102.41,54.65,22.88,28.56,19.66,32.28,32.38,27.91
2444,友旺,-0.35,-0.5,-2.95,-1.69,-4.98,,,,
2448,晶電,-7.95,-8.85,-5.98,-1.98,0.12,-5.4,-1.88,0.67,-1.05
2449,京元電子,5.23,6.99,11.84,15.67,17.24,11.71,3.14,0.25,-1.97
2450,神腦,-14.01,-6.69,-10.38,-3.15,-4.13,2,7.89,4.44,4.83
2451,創見,-8.47,-7.89,-9.68,-10.08,-11.27,0.74,-2.68,-1.57,-5.16
2453,凌群,-15.67,7.81,8.63,-1.33,0.05,30.38,15.78,21.46,22.98
2454,聯發科,0.09,17.61,35.79,36.49,29.19,0.32,-11.11,-14.03,-13.54
2455,全新,,,,,,,,,
2456,奇力新,20.54,3.98,87.78,137.04,138.66,10.48,8.36,10.18,11.26
2457,飛宏,-10.56,4.64,-1.57,-0.69,2.06,9.72,14.78,8.63,-0.61
2458,義隆,-14.07,-16.9,-7.86,0.52,-0.7,13.53,17.09,14.35,14.4
2459,敦吉,4.54,6.18,6.61,12.68,8,-0.8,-16.2,-16.15,-14.32
2460,建通,-5.5,-10.93,-7.34,-5.34,-2.38,4.31,4.49,4.68,6.12
2461,光群雷,-3.77,22.8,13.87,16.39,25.23,-8.46,6.78,9.9,2.7
2462,良得電,-7.26,-14.28,-9.04,-1.46,1.13,5.7,5.79,3.98,4.91
2464,盟立,21.2,26.73,20.8,11.78,6.79,14.09,20.83,34.29,39.32
2465,麗臺,16.31,14.77,18.48,18.93,11.65,5.02,2.16,5.84,6.44
2466,冠西電,-7.75,8.83,49.53,56.66,74.29,24.9,8.66,13.51,5.72
2467,志聖,-10.1,41.15,14.26,12.07,15.53,22.19,27.34,31.66,28.77
2468,華經,-5.02,-2.29,-2.26,-1.43,-2.06,-3.97,-9.46,-4.99,-3.92
2471,資通,-5.51,40.32,15.37,14.79,13.14,-25.35,-4.28,-4.8,-2.35
2472,立隆電,-4.44,-2.47,-0.62,2.56,4.7,8.99,10.77,16.4,18.2
2474,可成,49.09,-3.2,-8.43,-6.51,-4,-13.44,-3.74,9.81,17.93
2475,華映,-33.86,-46.48,-42.4,-39.24,-11.33,28.03,16.88,17.6,5.05
2476,鉅祥,0.08,-2.47,0.23,2.76,3.35,7.15,4.87,4.36,4.86
2477,美隆電,11.88,-10.76,-14.12,-16.46,-11.96,15.01,15.74,7.86,-2.61
2478,大毅,-2.28,-5.09,-5.62,-3.74,-3.43,0.29,1.3,3.4,7.02
2480,敦陽科,-0.23,-8.07,-11.79,-11.77,-4.1,10.62,7.73,5.59,-0.51
2481,強茂,-13.53,-17.76,-21.41,-16.65,-14.13,-8.64,-12.43,-8.58,-7.57
2482,連宇,15.21,0.2,-0.98,1.53,4.93,-10.44,-6.37,-11.1,-5.46
2483,百容,-4.53,1.72,2.67,2.95,4.45,5.26,5.32,10.2,10
2484,希華,2.39,0.46,5.26,4.55,6.58,1.5,10.72,7.3,9.44
2485,兆赫,46.43,80.25,62.18,41.26,17.99,-48.8,-44.35,-39.28,-34.72
2486,一詮,-10.45,-25.26,-26.22,-23.88,-23.39,-15.53,-15.18,-16.25,-14.88
2488,漢平,19.14,36.78,44.79,45.38,34.86,-22.05,-31.8,-33.93,-33.96
2489,瑞軒,15.92,43.16,43.71,28.21,25.85,-6.44,-25.81,-30.23,-35.19
2491,吉祥全,-38.38,-14.35,-18.14,-18.85,-12.9,17.96,18.05,18.19,13.45
2492,華新科,10.67,13.84,16.66,16.13,15.35,10.01,10.47,13.71,17.06
2493,揚博,,,,,,,,,
2495,普安,3.99,-0.16,5.55,5.95,9.32,2.7,-2.53,-7.92,-16.83
2496,卓越,,,,,,123.91,280.74,354.22,276.35
2497,怡利電,-7.37,-26.02,-18.09,-21.39,-17.82,-3.79,-14.6,-15.84,-12.06
2498,宏達電,-35.24,-64.31,-54.81,-41.72,-35.77,-1.96,-8.96,-17.06,-20.52
2499,東貝,-7.06,-13.95,-9.4,1.91,-4.26,-21.41,-30.7,-32.46,-28.56
2501,國建,-0.45,-44.76,28.57,72.18,89.84,130.72,-5.96,-24.47,-34.37
2504,國產,-17.76,-5.42,-0.7,-3.23,-9.88,-47.66,-46.37,-42.94,-36.87
2505,國揚,92.74,9.36,-70.19,-73.31,-51.4,1096.78,363.45,330.71,83.32
2506,太設,-46.14,-52.98,-17.75,-1.92,10.75,52.25,-4.95,-19.95,-32.38
2509,全坤建,10512.77,1556.82,428.48,23.05,-84.81,34.58,34.94,78.03,92.66
2511,太子,-17.07,-33.29,-28.3,-18.21,-25.13,11.39,-8.37,20.08,-8.88
2514,龍邦,136742.4,,3327.07,38860.62,-15.51,804.83,1775.86,137.57,128.11
2515,中工,12.83,-48.66,-38.03,-34.49,-39.39,-12.46,-1.3,-5.47,2.93
2516,新建,-33.1,-63.09,-53.02,-38.7,-19.53,95.92,97.89,70.32,35.22
2520,冠德,-18.27,28.99,95.34,73.59,8.63,-8.12,-28.86,-27.51,-15.02
2524,京城,-46.4,1.57,-2.06,19.81,50.52,15.51,94.26,94.82,59.68
2527,宏璟,-40.68,284.95,-81.24,-76.58,-74.7,-86.43,-83.91,-80.61,-76.13
2528,皇普,,,,,,,,,
2530,華建,32593.39,113071,56698.49,458.09,-26.79,-97.42,-97.31,-97.11,-97.06
2534,宏盛,,,,,,,,,101.38
2535,達欣工,4.29,21.54,32.57,15,4.9,-12.73,-17.99,-16.4,-10.76
2536,宏普,,,,,,,,,
2537,聯上發,,,,,,,,,
2538,基泰,125.66,-84.87,-88.76,-88.27,-86.93,-42.78,-60.92,-55.9,-55.23
2539,櫻花建,,,,,,,,,
2540,愛山林,-27.13,-48.07,-24.12,39.85,38.17,42.27,50.64,-17.22,-13.15
2542,興富發,-7.67,-3,25.25,80.35,1.21,-56.94,-49.25,-48.89,-46.74
2543,皇昌,-0.11,-15.7,-21.11,-19.99,-15.08,-3.32,-1.54,-11.36,-13.65
2545,皇翔,-61.61,400.76,1436.11,1345.64,647.47,-71.5,-87.09,-80.73,-77.58
2546,根基,6.06,64.43,74.1,51.3,41.89,-14.56,-12.89,-6.57,0.66
2547,日勝生,-5.26,-23.02,-18.14,-16.36,-6.4,41.57,48.07,114.87,323.4
2548,華固,17.14,-90.23,-75.32,14.76,56.23,133.07,77.28,53.24,-11.99
2596,綠意,-59.21,-93.21,-28.16,115.3,374.87,2633.03,225.46,35.92,-11.84
2597,潤弘,-31.29,-35.46,-26.81,-14.95,-9.24,-2.31,-3.93,-10.1,-14.72
2601,益航,-3.1,-10.75,-10.19,-12.51,-10.36,-15.58,-12.91,-8.85,-4.19
2603,長榮,-7.26,-18.98,-16.78,-12.48,-6.98,18.3,22.63,25.25,20.98
2605,新興,-1.74,-23.05,-24.36,-29.19,-20.53,-10.48,-5.78,-7.97,-4.52
2606,裕民,-13.31,-22.82,-20.53,-21.56,-17.75,22.45,34.01,29.7,30.44
2607,榮運,9.19,0.93,0.79,0.07,1.68,4.94,2.4,1.69,1.1
2608,大榮,6.07,8.06,6.54,4.57,3.91,0.07,-0.07,2.41,2.94
2609,陽明,-5.36,-18.2,-16.51,-14.09,-9.53,11.56,15.65,18.33,13.59
2610,華航,-3.67,-5.83,-5.43,-4.08,-2.74,2.28,7.44,8.64,10.66
2611,志信,-5,-16.56,-10.78,-8.99,-10.55,-16.12,-15.4,-15.71,-15.97
2612,中航,-3.72,-2.31,-2.27,-1.93,-1.98,-4.68,-3.6,-3.57,-2.32
2613,中櫃,-3.75,0.94,-0.54,0.67,0.96,1.48,2.13,3.63,3.41
2614,東森,-11.17,-6.94,-5.76,-2.92,-7.46,-17.9,19.66,24.04,34.91
2615,萬海,-4.65,-18.11,-15.64,-13.22,-10.19,-1.25,2.69,5.91,5.96
2616,山隆,-22,-14,-9.2,-5.84,-1.67,25.87,13.64,11.53,9.44
2617,台航,-7.42,-15.09,-14.32,-12.32,-8.38,14.27,12.2,13.37,14.66
2618,長榮航,3.06,4.59,5.02,6.06,5.48,9.05,12.82,12.16,13.05
2634,漢翔,,8.38,8.21,2.23,1.66,-6.48,-10.46,-5.23,0.78
2636,台驊投控,0.08,-10.76,-8.72,-4.98,0.07,10.11,12.11,11.17,8.14
2637,慧洋-KY,21.59,6.88,1.69,-1.79,-3.02,-5.15,-2.58,1.05,3.37
2640,大車隊,10.62,7.88,6.28,1.73,1.36,-6.82,-3.25,1.1,2.31
2641,正德,2.92,-4.29,3.11,8.48,10.67,9.42,0.28,-3.49,-7.77
2642,宅配通,0.81,0.76,0.74,1.2,1.93,5.69,8.83,13.51,15.97
2701,萬企,,,,,,,,,
2702,華園,23.26,93.99,89.76,81.98,59.74,0.19,1.77,-0.29,-1.56
2704,國賓,4.47,3.73,0.75,0.94,-0.67,-14.27,-12.99,-14.61,-14.31
2705,六福,6.08,3.83,7.53,9.3,10.25,2.69,3.07,-0.21,0.68
2706,第一店,,,,,,,,,
2707,晶華,5.42,-0.55,-0.53,1.87,2.7,-0.21,1.02,2.27,2.16
2712,遠雄來,,,,,,,,,
2718,晶悅,,,,,,,,,
2719,燦星旅,-3.78,-19.6,-19.42,-15.83,-16.5,-10.55,-4.06,-5.75,-2.59
2722,夏都,,,,,,,,,
2723,美食-KY,14.15,14.51,14.49,10.16,7.77,-2.11,-1.91,2.12,4.41
2724,富驛-KY,-13.64,-2.37,-6.58,-7.31,-8.1,-14.3,,-10.65,-8.22
2726,雅茗-KY,5.05,8.11,9.64,8.92,9.52,12.81,13.34,13.76,13.54
2727,王品,-0.48,-4.11,-5.28,-4.77,-4.37,-2.48,-3.23,-2.84,-1.81
2729,瓦城,18.83,15.05,13.38,13.2,11.61,4.84,5.33,5.22,6.57
2731,雄獅,18.74,6.72,2.76,2.51,4.15,21.3,20.59,21.27,22.44
2732,六角,16.97,26.37,27.38,28.86,26.84,11.97,12.44,17.48,19.26
2734,易飛網,10.34,4.44,1.57,-7.04,-11.46,-33.1,-24.57,-23.46,-21.63
2801,彰銀,,,,,,,,,
2809,京城銀,,,,,,,,,
2812,台中銀,,,,,,,,,
2816,旺旺保,,,,,,,,,
2820,華票,,,,,,,,,
2823,中壽,,,,,,,,,
2832,台產,,,,,,,,,
2833,台灣人壽(下市),,,,,,,,,
2834,臺企銀,,,,,,,,,
2836,高雄銀,,,,,,,,,
2838,聯邦銀,,,,,,,,,
2841,台開,-66.95,-19.99,-40.46,-45.33,-50.54,133.62,357.31,236.05,162.43
2845,遠東銀,,,,,,,,,
2847,大眾銀行(下市),,,,,,,,,
2849,安泰銀,,,,,,,,,
2850,新產,,,,,,,,,
2851,中再保,,,,,,,,,
2852,第一保,,,,,,,,,
2855,統一證,,,,,,,,,
2856,元富證,,,,,,,,,
2867,三商壽,,,,,,,,,
2880,華南金,,,,,,,,,
2881,富邦金,,,,,,,,,
2882,國泰金,,,,,,,,,
2883,開發金,,,,,,,,,
2884,玉山金,,,,,,,,,
2885,元大金,,,,,,,,,
2886,兆豐金,,,,,,,,,
2887,台新金,,,,,,,,,
2888,新光金,,,,,,,,,
2889,國票金,,,,,,,,,
2890,永豐金,,,,,,,,,
2891,中信金,,,,,,,,,
2892,第一金,,,,,,,,,
2901,欣欣,,,,,,,,,
2903,遠百,-2.03,-1.25,-2.08,-2.71,-3.34,-10.96,-9.08,-8.46,-5.36
2904,匯僑,-3.98,3.36,-3.06,-1.77,-1.08,-25.73,-18.66,-14.19,-12.56
2905,三商,8.23,12.17,9.23,8.13,8.97,-0.89,1.4,4.72,6.47
2906,高林,-6.34,-8.01,2.54,6.16,12.4,20.91,20.75,13.42,7.53
2908,特力,0.1,-0.15,-1.2,-2.02,-1.5,0.78,3.23,4.47,4.29
2910,統領,-31.71,1.83,1.48,-3.03,-0.59,-25.77,-46.85,-50.21,-57.63
2911,麗嬰房,-1.04,-9.1,-9.6,-11.56,-12.45,-20.72,-18.76,-18.2,-15.55
2912,統一超,2.52,6.78,6.13,5.48,4.81,2.88,2.29,2.48,2.68
2913,農林,-50.24,-40.67,-28.32,-31.19,-34.79,1035.9,430.3,326.43,268.7
2915,潤泰全,-5.56,-1.06,-1.21,-1.03,-1.02,-13.07,-3.25,-6.56,267.2
2916,滿心,2.19,1.17,-1.4,-2.14,-4.74,,,,
2923,鼎固-KY,66.32,-36.94,-33.4,-51.62,-41.71,-37.71,-32.38,-22.87,-32.57
2924,東凌-KY,-14.62,-20,-19.74,-18.84,-16.31,-18.86,-19.1,-18.32,-19.04
2926,誠品生活,8.97,20.86,21.37,17.26,11.46,-1.25,-1.07,-0.68,0.35
2929,淘帝-KY,15.34,5.97,5.8,6.26,6.04,-0.68,-0.99,1.66,3.87
3002,歐格,-8.95,-4.8,-12.11,-14.86,-13.29,19.18,57.53,67.19,64.49
3003,健和興,-3.21,-3.77,-3.62,-1.36,0.95,16.43,14.87,14.08,10.82
3004,豐達科,12.06,16.54,12.34,11.57,6.18,-3.6,-0.22,4.06,6.72
3005,神基,12.54,2.29,4.77,8.62,11.3,20.7,13.22,11.31,8.77
3006,晶豪科,-5.39,-11.08,-8.77,-3.95,0.37,29.63,25.32,17.26,12.43
3008,大立光,21.96,-21.73,-24.76,-19.29,-13.45,30.66,20.78,13.51,9.88
3010,華立,0.36,-1.38,3.26,0.29,-1.25,3.21,1.39,6.25,8.53
3011,今皓,-9.74,3.75,8.17,-6.67,-17.03,-51.1,-52.67,-43.97,-37.08
3013,晟銘電,7.43,2.67,15.87,26.83,31.86,46.82,24.56,17.38,13.23
3014,聯陽,-10.36,-7.54,0.69,3.22,1.39,0.81,-0.87,-0.55,1.47
3015,全漢,-12.08,8.5,13.34,13.16,10.53,0.14,-5.45,-4.72,-5.95
3016,嘉晶,120.07,34.23,39.93,46.76,43.87,20.17,17.1,18.68,19.78
3017,奇鋐,6.77,8.83,5.27,1.93,3.23,0.36,-0.06,1.27,2.28
3018,同開,-22.87,31.53,18.6,48.73,58.21,-0.74,21.39,-7.87,-12.26
3019,亞光,3.12,-11.58,-4.07,-1.69,-1.77,6.43,7.38,3.37,4.17
3021,鴻名,7.86,-2.66,3.25,6.11,7.26,12.85,14.36,12.25,9.78
3022,威強電,7.12,0.31,-12.64,-3.4,11.99,29.96,18.21,5.76,-9.79
3023,信邦,4.02,10.52,9.86,6.49,6.73,-3.27,-3,0.73,1.05
3024,憶聲,-11.08,-13.43,-27.51,-32.18,-31.97,-29.11,-27.14,-22.33,-24.34
3025,星通,-13.36,6.56,2.07,13.23,10.52,-37.78,-11.67,-11.7,3.58
3026,禾伸堂,-15.16,-8.61,-9.01,-5.63,-3.16,6.07,2.19,-0.09,-0.44
3027,盛達,0.14,1.37,5.31,-4.99,-1.61,-40.26,-42.2,-38,-30.07
3028,增你強,-15.35,-3.02,-7.64,-7.47,-5.82,0.55,10.44,19.7,23.84
3029,零壹,8.73,4.47,6.58,11.45,9.77,8.48,6.18,5.12,0.59
3030,德律,-19,-37.52,-30.16,-39.52,-34.8,4.31,-4.82,12.16,16.18
3031,佰鴻,-16.4,-6.09,1.52,6.96,5.82,-3.06,-6.52,-9.04,-9.02
3032,偉訓,6.07,27.5,41.98,61.56,63.1,63.07,53.35,29.14,20.71
3033,威健,-2.74,4.99,8.19,9.95,12.62,15.52,15.78,18.82,18.72
3034,聯詠,-5.91,-13.61,-10.91,-9.96,-10.26,-0.47,1.4,2.01,3.12
3035,智原,14.56,-21.62,-20.03,-19.23,-20.03,13.23,9.35,5.21,1.57
3036,文曄,5.41,-4.59,0.13,14.73,26.89,40.95,37.25,31.29,31.41
3037,欣興,4.69,14.19,2.2,-1.87,-3.11,-4.35,-3.75,-0.12,3.76
3038,全台,-11.3,-1.05,-5.17,-7.4,-8.57,-18.17,-13.85,-10.03,-5.47
3040,遠見,-9.41,0.12,-4.72,0.96,0.38,-28.3,-19.03,-20.94,-14.18
3041,揚智,-21.86,7.9,13.39,1.93,-6.36,-23.1,-6.96,-2.24,-6.28
3042,晶技,-2.74,-1.22,0.88,3.28,4.01,1.14,-3.33,-6.87,-8.88
3043,科風,-10.48,-18.13,-8.04,-9.02,-12.61,-0.31,-6.66,-1.94,-5.1
3044,健鼎,2.24,-0.48,1.89,0.18,0.3,3.42,1.52,3.09,5.3
3045,台灣大,3.13,-1.75,-0.7,0.56,0.43,-1.23,-1.73,-0.79,0.45
3046,建,37.84,-6.71,-19.48,-20.26,-27.13,-11.01,20.26,17.26,18.97
3047,訊舟,-10.14,-17.45,-15.01,-11.75,-5.62,3.85,5.57,11.08,8.24
3048,益登,17.38,-19.66,-16.23,0.84,5.74,24.95,18.06,3.73,0.34
3049,和鑫,-7.02,-57.79,-53.93,-42.46,-34.29,46.57,55.28,20.8,-0.53
3050,鈺德,13.94,-14.01,-8.81,0.46,-0.28,-3.21,-5.17,-14.39,-14.01
3051,力特,-16.09,-22.75,-22.15,-25.52,-22.77,-30.33,-21.72,-14.43,-12.3
3052,夆典,-31.9,-14.55,-20.75,-8.67,14.86,167.68,115.87,68.85,35.11
3054,立萬利,-62.66,-88.67,-88.43,-78.3,-61.3,160.57,159.43,71.01,7.77
3055,蔚華科,-14.74,35.49,21.57,25.31,19.7,-28.51,-26.71,-28.29,-24.56
3056,總太,118.48,-96.98,653.32,39.37,14.74,164.69,-41.64,-30.21,-31.32
3057,喬鼎,-21.68,-28.42,-20.16,-11.08,-10.63,-17.62,-23.25,-26.38,-31.42
3058,立德,-2.39,4.07,-1.5,-3.01,-0.1,4.42,1.3,0.97,-2.71
3059,華晶科,-19.05,-5.98,-6.95,-13.42,-7.32,9.74,-1.53,-4.54,-8.85
3060,銘異,13.51,22.65,10.5,6.48,2.46,-14.26,-7.53,-8.31,-8.38
3062,建漢,-10.39,-29.76,-37.41,-32.97,-29.02,-23.24,-26.08,-17.01,-9.68
3064,泰偉,-23.04,435.31,166.6,75.6,49.48,-95.7,-91.05,-87.89,-75.07
3066,李洲,-15.82,-12.43,-13.77,-11.99,-10.74,-5.24,-5.08,-2.57,-0.47
3067,全域,-13.32,-30.87,-35.41,-23.48,-11.77,43.18,30.89,12.63,3.31
3068,美磊,2.25,5.69,12.12,13.86,11.58,4.12,3.45,-0.84,-3.54
3071,協禧,-8.59,-1.02,-5.46,-5.79,-6.47,-3.85,-3.58,-0.11,1.21
3073,凱柏實業,-46.96,-61.92,391.05,502.1,418.31,196.19,-71.65,-75.69,-66.31
3078,僑威,4.35,15.28,21.18,14.84,1.9,-2.95,-11.85,-5.52,-2.04
3083,網龍,-13.59,26.5,0.08,-3.29,0.67,-3.24,8.38,15.31,6.15
3085,新零售,-10.56,-33.23,-26.49,-21.26,2.09,130.14,161.61,197.98,152.2
3086,華義,-7.81,-14.04,-43.1,-48.2,-53.06,-66.29,-57.24,-53.48,-52.33
3088,艾訊,9.66,12.31,8.08,4.1,-1.75,-18.54,-14.69,-14.28,-15.14
3089,遠昇,-42.12,-49.2,-39.52,-30.39,-29.29,-14.6,-2.23,7.81,3.19
3090,日電貿,-3.31,-9.98,-4.2,2.06,2.25,6.24,3.1,-0.89,-2.32
3092,鴻碩,7.91,8.08,23.14,25.42,21.41,8.42,-2.93,-5.85,-5.8
3093,港建,0.1,-2.52,27.12,11.45,-1.17,5.34,-11.89,-17.04,-13.08
3094,聯傑,2.04,13.3,-0.56,-1.54,-4.97,-11.35,-1.74,0.5,-1.66
3095,及成,-18.49,-74.15,-65.11,-13.56,-71.48,-47.81,-42.79,-17.24,-31.74
3105,穩懋,21.25,17.29,16.22,18.12,13.38,-0.3,3.47,10.45,25.42
3114,好德,10.04,-26.86,-19.42,-10.47,-5.61,17.74,28.56,22.43,21.97
3115,寶島極,17.62,-29.86,-29.17,-28.28,-26.88,14.32,2.34,0.39,-5.97
3118,進階,,,,,,,,,
3122,笙泉,4.42,39.14,16.74,11.83,5.26,-31.13,-28.35,-26.92,-27.4
3126,,,,,,,,,,
3128,昇銳,-3.48,19.17,4.58,5.21,3.58,-14.27,-9.88,-7.93,-1.22
3130,一零四,8.99,9.26,3.88,3.76,3.22,4.79,4.9,4.79,5.86
3131,弘塑,24.11,33.69,23.92,19.19,8.28,-0.81,10.91,5.69,-2.05
3141,晶宏,8.56,27.96,30.75,20.88,14.63,-15.8,-17.19,-8.49,-3.53
3144,新揚科,0.53,15.28,5.17,7.37,10.5,10.03,14.88,17.55,12.1
3149,正達,-28.57,-52.08,-50.5,-55.33,-54.57,-15.92,28.27,37.93,41.51
3152,璟德,,,,,,,,,
3162,精確,-1.76,-26.05,-22.07,-18.23,-17.68,-16.66,-7.34,-16.41,-11.13
3163,波若威,28.68,23.38,28.32,41.01,36.29,-10.57,-28.84,-34.38,-31.9
3164,景岳,-5.28,7.15,10.86,2.38,1.13,1.87,0.49,3.84,2.25
3167,大量,-19.6,-9.08,-9.38,-6.02,4.61,42.86,55.61,76.56,75.54
3169,亞信,33.18,13.77,15.19,10.59,3.27,4.22,14.52,9.45,8.39
3171,新洲,-2.14,6.11,1.43,-2.8,-2.31,-8.13,-7.97,-6.11,-4.86
3176,基亞,-2.37,38.07,22.31,15.64,10.16,-0.27,7.05,8.86,14.47
3188,鑫龍騰,-100,-100,-76.38,,,,2214.72,1012.65,864.94
3189,景碩,-7.55,0.45,3.41,4.24,0.45,-7.45,-11.27,-8.21,-3.58
3191,和進,-56.34,-50.3,-59.07,-63.96,-8.77,-23.07,-20.35,-11.48,-10.15
3202,樺晟,1.39,2.11,12.26,14.86,13.99,10.46,5.01,-0.94,1.65
3205,佰研,182.64,256.55,158.92,64,11.65,-75.75,-75.22,-70.16,-66.57
3206,志豐,13.35,19.69,15.17,13.96,25.63,19.52,11.91,22.78,21.28
3207,耀勝,-12.46,12.74,19.31,17.2,9.81,-14,-17.23,-19.32,-17.14
3209,全科,9.42,17.7,18.15,16.93,15.23,21.58,13.98,14.18,12.73
3211,順達,-16.11,-5.99,-10.02,-11.5,-18.7,-29.22,-20.08,-17.33,-10.61
3213,茂訊,,,,,,40.95,36.53,23.44,18.38
3217,優群,-2.77,7.17,14.58,17.06,17.25,5.34,7.26,7.73,6.72
3218,大學光,2.61,-0.08,3.3,3.13,5.79,-0.42,-0.88,1.49,0.88
3219,倚強,-33.29,-10.91,-12.8,-20.41,-26.06,-80.58,2.14,194.46,573.57
3221,台嘉碩,0.02,12.45,17.31,15.8,10.85,-6.88,-3.58,-3.79,-4.94
3224,三顧,5.42,-2.71,-1.71,-16.97,-22.78,-33.78,-27.79,-18.45,-14.05
3226,至寶電,26.84,37.14,15.33,14.67,15.35,-1.88,0.93,2.61,9.06
3227,原相,-9.03,-5.79,-4.41,-1.62,0.41,7.4,15.37,18.81,17.98
3228,金麗科,,,,,,,,,
3229,晟鈦,-6.96,-16.18,-29.23,-34.16,-33.86,-13.27,-14.96,-5.7,-6.74
3230,錦明,-25.84,-53.6,-50.49,-43.21,-42.9,3.91,10.96,-3.3,-12.08
3231,緯創,5.22,-10.62,-5.21,0.15,5.88,25.03,28.77,27.7,26.7
3232,昱捷,-16.49,-31.04,-39.22,-33.39,-29.83,13.8,46.52,82.98,114.81
3234,光環,88.38,101.91,34.94,4.9,-16.38,-56.7,-55.47,-57.31,-51.61
3236,千如,3.56,12.7,12.93,10.75,7.18,7.92,11.52,16.04,21.27
3252,海灣,-32.89,-40.15,-12.85,110.44,114.04,50.1,132.88,11.62,24.57
3257,虹冠電,-14.94,5.38,0.49,0.99,-1.31,-20.03,-14.95,-9.41,-9.8
3259,鑫創,-16.61,14.6,17.05,29.7,33.31,-19.86,-17.81,-15.69,-4.85
3260,威剛,-30.57,-10.54,-1.77,5.58,15.07,64.58,57.36,51.6,38.79
3264,欣銓,1.55,-15.53,-9.41,-3.79,5.67,40.67,34.76,30.24,25.55
3265,台星科,-31.24,-27.66,-12.32,5.5,15.17,-4.45,-23.44,-21.63,-15.68
3266,昇陽,-63.54,160.29,56.09,-7.52,-21.37,-7.76,-6.73,-2.36,-1.37
3268,海德威,-11.17,0.19,-1.02,1.12,-0.03,38.97,28.65,30.88,25.31
3272,東碩,-7.97,3.49,3.29,12.16,11.62,3.01,14.53,11.17,8.85
3276,宇環,,,110.16,101.39,74.91,2.15,11.14,16.97,12.49
3284,太普高,-13.49,-5.13,-4.15,-5.85,-4.51,-1.96,-4.19,-3.69,-0.99
3285,微端,23.4,20.27,7.6,-5.78,-8.12,-9.49,-9.72,-15.3,-18.04
3287,廣寰科,-30.52,-4.34,-6.69,-0.55,0.94,-5.03,-20.57,-24.7,-20.11
3288,點晶,-32.21,-27.52,-22.8,-22.57,-21.36,7.97,-7.97,-10.98,-9.67
3289,宜特,9.61,12.31,20.49,16.08,16.01,7.91,13.09,14.95,20.5
3290,東浦,-15.75,-31.3,-19.44,-18.23,-7.32,19.99,18.1,20.17,16.88
3291,遠翔科技股份有限公司(下櫃),,,,,,,,,
3293,鈊象,16.46,120.66,102.39,86.17,73.15,-3.49,-3.98,0.51,-0.18
3294,英濟,21.75,-15.66,-13.77,-13.38,-12.6,-1.91,-0.35,2.4,4.13
3296,勝德,-8.54,1.53,10.39,7.55,7.31,13.01,-0.36,0.45,-1.22
3297,杭特,-24.76,-8.11,-4.47,-14.85,-23.57,-47.54,-45.51,-40.47,-35.56
3299,帛漢,4.92,-8.59,-7.83,-7.66,-7.74,0.22,1.3,-0.47,-1.69
3303,岱稜,-10.23,15.21,7.23,1.13,0.1,-7.1,-12.59,-8.98,-7.68
3305,昇貿,-18.03,-20.13,-11.36,-0.74,1.51,19.39,15.05,11.2,9.4
3306,鼎天,-5.68,12.71,13.85,4.51,0.88,-29.7,-23.29,-11.95,-10.33
3308,聯德,-22.76,-37.9,-30.53,-26.1,-23.14,12.22,-17.72,-15.23,-16.36
3310,佳穎,101.18,94.22,60.16,49.58,-7.6,10.37,36.54,56.86,97.64
3311,閎暉,-21.6,-30.26,-28.83,-29.58,-32.36,-12.68,-14.82,-7.75,-4.3
3312,弘憶國際,-17.98,-46.5,-46.58,-46.89,-44.57,-19.3,-8.75,0.08,2.78
3313,斐成,-15.32,-14.38,-9.36,-8.15,-9.42,-21.18,-26.16,-31.63,-35.23
3315,宣昶(下市),,,,,,,,,
3317,尼克森,-14.44,16.47,27.29,20.54,16.77,3.57,-1.66,3.81,2.13
3322,建舜電,-9.45,20.88,13.29,11.91,7.33,-7.06,-0.7,0.29,3
3323,加百裕,2.18,-14.2,-8.53,-1.82,5.2,40.46,54.4,52.66,45.82
3324,雙鴻,10.8,36.69,40.34,42.58,39.24,-4.43,6.14,4.52,6.13
3325,旭品,1.6,4.06,-7.5,2.48,2.69,-11.86,-15.59,-11.9,-14.33
3332,幸康,-2.45,-9.03,-4.72,-4.55,-6.53,9.01,8,8.74,9.24
3338,泰碩,-2.83,8.45,10,14.37,12.59,7,6.12,6.09,6.46
3339,泰谷,-45,-35.85,-23.65,-15.8,-15.19,-13.45,-18.76,-19.4,-15.81
3354,律勝,-30.96,-37.25,-31.99,-21.77,-18.59,6.61,6.85,14.58,23.89
3356,奇偶,-4.84,-6.78,-4.62,-7.82,-9.89,-19.69,-20.84,-18.03,-16.68
3360,尚立,-14.99,5.56,2.16,3.64,16.7,31.99,21.04,-7.46,-30.12
3362,先進光,-15.25,-17.59,4.68,15.54,17.1,28.35,20.01,18.94,19.01
3363,上詮,5.12,63.47,48.07,43.03,48.4,9.97,10.78,6.76,-2.67
3372,典範,,,,,,,,,
3373,熱映,23.62,21.8,14.26,4.25,-9.53,-17.94,-20.12,-17.65,-6.87
3374,精材,,,,,,,,,
3376,新日興,6.93,-15.15,-11.8,-5.26,-4.13,6.27,14.63,14.01,6.8
3379,彬台,-13.28,-1.42,-19.44,-47.5,-36.8,-38.16,-39.37,-18.07,-14.03
3380,明泰,-1.21,-11.4,-4.43,-5.28,-5.06,-8.18,-15.18,-11.98,-12.71
3383,新世紀,-36.88,-55.24,-56.16,-49.06,-49.37,-22.68,-14.04,-12.96,-5.49
3388,崇越電,-5.4,-2.61,-3.47,-0.21,1.7,9.23,7.69,7.11,6.06
3390,旭軟,-39.2,-36.04,-31.82,-23.16,-18.27,66.08,53.59,57.44,57.68
3402,漢科,30.86,66.96,45.68,35.36,31.22,6.39,5.33,6.61,3.7
3406,玉晶光,-12.68,-31.48,-27.82,-23.01,-22.29,30.73,4.86,8.06,13.9
3416,融程電,0.08,-10.72,-9.74,-7.65,-11.24,3.06,1.35,4.3,5.06
3419,譁裕,7.2,11,13.62,15.87,20.22,12.13,4.76,-8.61,-20.2
3428,光燿科,30.09,60.41,28.39,1.06,9.37,-2.42,0.26,-0.11,-13.53
3431,長天,-40.81,-53.21,-50.8,-43.1,-38.87,-50.61,-36.82,-36.86,-35.95
3432,台端,-45.51,-46.78,-42.55,-41.68,-43.74,-47.9,-46.33,-50.29,-48.73
3434,哲固,-0.28,-3.43,3.65,5.28,2,2.34,-0.83,-6.76,-4.99
3437,榮創,-13.27,-25.53,-16.93,-6.46,0.02,5.24,3.9,2.45,-3.14
3438,類比科,-15.17,23.29,10.99,9.84,26.78,37.06,40.94,43.33,14.01
3441,聯一光,-18.01,-24.01,-31.76,-32.33,-24.87,-0.51,28.91,22.96,19.4
3443,創意,11.65,28.15,12.43,13.11,19.69,8.49,23.43,30.57,30.89
3444,利機,-8.79,-2.11,-10.41,-9.47,-8.68,8.33,6.3,1.93,-0.76
3450,聯鈞,4.69,30.51,27.2,22.17,15.2,-11.36,-11.79,-11.73,-11.43
3452,益通,1.7,41.95,41.4,3.81,-13.4,-24.17,-17.43,0.97,6.57
3454,晶睿,12.4,18.45,18.32,15.71,15.98,18.08,17.38,18.23,22.42
3455,由田,-6.07,25.06,-8.61,26.14,42.45,68.33,139.56,66.33,39.03
3465,祥業,-61.38,-37.16,-25.42,-13.91,-14.09,-15.92,-46.87,-59.48,-64.27
3466,致振,-33.38,10.63,6.48,13,13.96,27.7,22.92,10.36,18.23
3474,華亞科(下市),-26.41,-41.4,-35.45,-26.23,,,,,
3479,安勤,19.39,42.69,47.25,27.87,12.78,-19.56,-17.31,-9.95,-4.03
3481,群創,-15.05,-43.67,-36.45,-30.06,-21.16,52.48,38.4,26.47,14.66
3483,力致,-9.26,16.88,34.24,36.32,28.51,16.14,9.81,9.97,10.3
3484,崧騰,2.11,-7.31,-1.12,5.5,5.35,20.34,11.53,9.79,9.33
3489,森寶,5.92,56.53,133.25,93.91,56.43,101.72,-23.42,-57.73,-66.69
3490,單井,20.05,-48.52,-63.96,-67.82,-70.17,-70.47,-61.34,-50.03,-40.65
3491,昇達科,13.3,16.84,10.06,4.91,6.59,12.56,11.85,5.64,-2.23
3494,誠研,-24.02,0.89,-3,1.05,1.42,-24.29,-19.36,-27.35,-28.84
3498,陽程,25.73,80.09,-11.59,-40.66,-44.96,-41.27,-16.82,-1.08,9.35
3499,環天科,42.72,-16.16,-4.88,-16.18,-8.21,8.22,24.15,21.11,6.32
3501,維熹,1.18,1.47,-3.3,-8.88,-9.22,-10.4,-8.15,-1.77,1.34
3504,揚明光,-10.89,-8.91,-9.52,-10.7,-7.73,-11.32,-2.98,4.76,8.24
3508,位速,-24.16,-44.8,-64.51,-65.33,-61.21,-49.56,-30.51,-6.62,28.88
3511,矽瑪,37.94,53.52,14.52,-2.18,-1.18,-39.74,-30.29,-21.01,-17.74
3512,能緹,23.69,-4.45,-17.8,-30.32,-29.6,35.64,123.69,159.24,157.51
3514,昱晶,1.16,58.89,35.33,3.07,-6.78,-30.01,-30.61,-10.93,-2.55
3515,華擎,-18.97,0.11,3.68,0,-1.34,6.64,25.47,29.74,29.37
3516,亞帝歐,-7.59,-18.84,-5.92,0.7,4.91,17.94,2.61,1.61,-2.82
3518,柏騰,-6.61,-35.63,-32.71,-28.91,-28.77,-26.81,-21.7,-21.63,-21.13
3519,綠能,1.45,30.79,35.23,12.37,-1.26,-50.14,-48.17,-33.55,-22.88
3520,振維,-36.9,-15.22,0.11,12.87,20.13,24.28,25.75,40.59,36.79
3521,鴻翊,,,,,,,,,
3522,宏森,-31.53,-31.7,-24.63,-26.87,-21.54,3.05,-14.03,-2.13,22.72
3523,迎輝,-38.98,-49.42,-51.32,-47.49,-45.23,-38.76,-38.45,-48.73,-58.79
3526,凡甲,1.11,14.51,16.92,19,12.12,-18.04,-9.57,-6.87,-2.14
3527,聚積,-5.32,21.58,20.39,24.66,22.55,13.33,7.45,6.49,9
3528,安馳,,,,,,,,,
3529,力旺,8.73,23.68,11.31,14.98,11.34,5.44,11.6,15.91,13.19
3531,先益,-10.42,-11.87,-5.23,-3.08,-2.52,18.5,15.77,14.3,14.01
3532,台勝科,-5.91,-12.94,-7.61,-1.71,2.92,17.67,17.56,17.59,17.77
3533,嘉澤,-1.29,0.78,7.74,8.15,8.12,15.33,15.63,16.69,18.28
3535,晶彩科,38.25,-24.82,29.46,34.44,37.44,-19.89,-41.64,-30.26,-26.23
3536,誠創,-14.49,-15.09,-17.76,-16.77,-2.94,1.74,3.93,11.61,13.89
3537,堡達,-5.68,28.37,46.83,55.58,40.7,40.87,12.78,-2.49,-4.31
3540,曜越,-10.08,20.59,20.18,18.74,17.21,12.55,14.01,14.81,12.79
3541,西柏,-8.74,6.99,29.39,32.4,32.06,44.1,25.5,24.91,19.16
3545,敦泰,153.82,-4.96,-6.45,-2.42,-4.02,-6.39,-9.68,-3.62,-2
3546,宇峻,-12.86,3.95,6.64,15.98,18.92,57.05,43.71,18.56,29.62
3548,兆利,3.7,28.74,58.11,59.06,43.83,20.76,0.82,-2.5,-1.69
3550,聯穎,-12.3,-10.31,-8.39,-6.27,-4.41,8.59,4.63,9.76,10.01
3551,世禾,-10.82,-10.92,-8.8,-4.68,-1.83,13.71,11.26,12.28,13.09
3552,同致,36.9,104.33,72.19,56.22,40.12,-29.85,-28.26,-26.61,-20.83
3553,,,,,,,,,,
3555,重鳥鵬,-1.07,-85.25,-79.25,-67.24,-41.29,393.45,210.95,116.63,28.67
3556,禾瑞亞,-0.93,25.42,12.47,25.19,23.28,-2.74,-5.96,-5.96,-7.04
3557,嘉威,-18.5,-46.36,-32.56,-28.82,-29.57,-83.18,-88.75,-90.01,-89.65
3558,神準,22.64,-2.88,-6.17,-14.16,-12.49,2.71,2.42,17.57,27.51
3559,全智科(下市),,,,,,,,,
3561,昇陽光電,8.73,64.83,47.31,11.09,-8.66,-58.86,-49.89,-38.15,-34.39
3562,頂晶科,,,,-72.16,-68.65,-61.81,-14.98,10.04,12.53
3563,牧德,-6.74,4.16,3.97,14.61,32.7,57.81,59.85,61.31,75.5
3564,其陽,30.89,3.25,-6.81,-3.22,-2.9,-26.48,-31.16,-30.42,-22.03
3567,逸昌,,,,,,,,,
3570,大塚,12.16,-7.87,-4.7,-8.17,-12.22,-23.29,-20.4,-23.27,-22.19
3573,穎台(下市),,,,,,,,,
3576,新日光,-19.46,27.5,8.21,-11.95,-25.56,-63.39,-57.91,-48.84,-38.03
3577,泓格,-3.57,2.64,2.37,23.42,14.65,0.97,-0.77,-14.66,-10.5
3579,尚志,-0.88,29.01,33.84,11.99,-1.07,-49.04,-46.99,-32.59,-22.34
3580,友威科,-18.34,13.51,6.3,9.81,15.67,-27.37,61.43,136.44,112.49
3581,博磊,-6.17,0.59,1.27,2.44,7.21,28.78,15.97,32.26,38
3583,辛耘,8.31,37.42,32.26,22.77,18.78,-31.68,-12.33,-7.05,1.26
3584,介面光電(下市),,,,,,,,,
3587,閎康,6.05,40.96,40.38,35.67,30.23,21.47,14.98,14.4,16.82
3588,通嘉,-3.18,15.1,12.1,19.02,17.78,-13.84,-12.28,-15.18,-16.37
3591,艾笛森,15.44,-20.76,-9.4,-3.07,-2.01,-2.72,-23.41,-26.13,-22.43
3593,力銘,622.65,20.22,11.27,11.9,3.63,-9.96,-1.61,9.47,23.29
3594,磐儀,-1.47,40.68,17.16,12.34,7.56,-22.9,-5.94,2.33,-0.87
3596,智易,14.61,25.63,34.79,28.18,19.7,-17.04,-23.36,-20.02,-15.89
3598,奕力(下市),-17.68,-11.92,,,,,,,
3605,宏致,-4,39.8,43.87,43.22,30.66,-0.11,0.35,7.86,9.29
3607,谷崧,3.6,-51.79,-44,-39.28,-37.85,1.1,-1.98,-6.35,-1.97
3609,東林,-3.81,-12.42,-2.27,-6.47,-5.67,5.28,-6.15,-3.63,-6.79
3611,鼎翰,8.94,22.38,23.13,25.46,29.28,22.33,8.91,8.99,7.81
3615,安可,4.93,9.22,8.12,9.78,16.26,39.72,26.53,23.72,16.44
3617,碩天,22.6,18.99,17.85,11.42,9.55,14.27,5.05,11.03,11.34
3622,洋華,-57.31,-48.94,-44.75,-35.55,-34.31,-45.66,-33.11,-39.26,-38.6
3623,富晶通,,,,,,,,,
3624,光頡,7.82,5.29,11.24,11.36,11.05,7.03,3.04,5.22,7.41
3625,西勝,17.61,15.31,20.78,37.79,43.75,64.04,61.13,72.23,74.54
3628,盈正,-3.21,-29.9,-15.31,-12.18,-11.55,23.12,-4.53,-1.87,-1.08
3629,地心引力,,,12.12,8.22,-3.05,-45.98,-41.79,-35.03,-46.03
3630,新鉅科,-39.28,8.41,6.03,3.63,12.33,25.28,-0.68,-8.84,-20.85
3631,晟楠,-41.02,-44.54,-39.74,-37.04,-29.46,-8.19,-11.1,77.41,159.62
3632,研勤,49.99,-30.01,-40.48,-50.71,-49.34,-39.62,-20.57,-1.68,-0.7
3642,駿熠電,-13.37,-47.74,-58.6,-51.01,-42.27,-7.98,-11.22,-26.49,-28.26
3645,達邁,0.82,-13.05,1.02,13.45,17.62,34.45,12.18,5.33,11.74
3646,艾恩特,-9.09,7.2,-8.49,-8.55,-7.64,-12.19,-14.99,-12.91,-7.78
3652,精聯,5.69,-5.51,-1.05,4.23,3.56,17.03,14.3,20.2,12.54
3653,健策,-10.87,-2.27,-1.82,0.85,2.32,10.59,6.42,8.73,8.14
3658,漢微科(下櫃),,,,,,,,,
3661,世芯-KY,-19.31,35.02,11.78,-7.58,-2.5,-19.35,9.68,32.52,15.57
3662,,,,,,,,,,
3663,鑫科,-14.91,-12.94,-12.78,1.24,8.51,15.26,13.09,-3.65,-9.78
3664,安瑞-KY,-43.17,-5.69,-28.36,-31.37,11.07,-5.56,-13.21,2.94,10.62
3665,貿聯-KY,12.5,7.7,9.74,9.82,9.4,14.18,38.6,56.53,69.41
3666,光耀,-24.27,29.46,24.55,28.8,16.48,-32.18,-10.1,-1.99,-1.22
3669,圓展,-11.15,6,16.34,17.02,17.1,10.98,2.95,2.61,2.86
3673,TPK-KY,-6.3,-26.63,-27.27,-25.81,-26.49,0.83,14.35,15.26,20.17
3675,德微,-2.6,-9.96,-5.46,-3.13,1.1,27.73,27.11,27.18,26.49
3679,新至陞,7.85,12.31,1.33,-4.98,-5.94,-4.37,-3.1,-1.8,-2.84
3680,家登,3.69,7.33,9.95,11.2,8.93,-38.06,-31.1,-22.8,-16.45
3682,亞太電,-8.92,-11.33,-10.42,-8.09,-4.68,-0.29,-2.67,-2.15,-3.15
3684,榮昌,32.53,-4.38,-12.97,-14.23,-15.1,-9.42,1.04,4.83,8.37
3685,元創精密,-8.06,-36.68,-43.87,-41.46,-37.73,-18.06,-17.5,-14,-16.1
3686,達能,,,,,,,,,
3687,歐買尬,112.84,55.82,23.63,32.67,18.39,14.35,16.46,-2.48,-5.55
3689,湧德,-12.9,0.83,2.76,-0.67,-0.38,-10.13,-7.05,-3.45,-4.13
3691,碩禾,63.25,61.72,40.56,10.67,-6.12,-51.21,-49.19,-40.95,-34.77
3693,營邦,41.38,-71.17,-47.1,-42.32,-32.27,10.03,-28.1,-21.33,-22.96
3694,海華,22.35,51.78,24.11,6.06,-7.04,-19.42,-5.15,-4.37,1.52
3698,隆達,-1.97,-3.19,-1.57,-1.54,-3.11,-7.36,-11.67,-10.66,-12.69
3701,大眾控,-10.37,-3.04,-7.58,-15.2,-18.78,-41.14,-39.54,-27.19,-24.96
3702,大聯大,13.94,12.52,9.82,6.6,4.15,-2.11,-3.1,-0.88,-0.82
3703,欣陸,-2.98,-33.91,-14.83,0.55,12.68,9.31,11.21,13.62,15.68
3704,合勤控,0.61,23.3,17.01,10.07,4.94,-25.79,-23.18,-17.46,-14.72
3705,永信,3.56,-0.19,1.39,3.14,2.6,7.4,2.66,4.96,6.97
3706,神達,19.01,-31.85,-30.91,-16.94,-3.42,17.89,18.51,13.01,0.87
3707,漢磊,325.67,26.85,31.95,36.86,37.15,23.47,19.1,20,20.46
4102,永日,,,,,,,,,
4103,百略,4.47,7.79,-2.45,-4.3,-1.84,-9.29,-3.1,-7.88,-6.91
4104,佳醫,6.82,1.24,0.38,-0.69,0.05,-0.2,-1.62,-1.74,-1.78
4105,東洋,7.23,26.9,28.64,23.7,17.7,3.7,0.21,4.04,8.46
4106,雃博,-10.93,-1.62,-3.1,-1.45,-1.27,-7.77,-2.29,7.71,4.97
4107,邦特,12.08,15.75,16.8,16.52,11.71,-5.86,-5.42,-3.17,0.94
4108,懷特,-76.88,-41.1,-10.2,3.54,19.27,164.13,108.37,135.65,115.8
4109,穆拉德加捷,35.44,-1.5,1.17,-12.57,-21.5,-25.4,-26.58,-21.36,-16.66
4111,濟生,-1.15,2.57,0.99,2,3.41,14.08,10.42,9.9,8.39
4113,聯上,,,,,,,,,
4114,健喬,20.35,19.58,17.55,8.96,5,-9.1,-9.26,-4.9,-0.23
4119,旭富,21.36,45.68,14.21,12.56,5.11,-49.1,-47.54,-41.15,-31.64
4120,友華,-1.86,-2.23,5.05,3.84,6.62,2.73,-0.87,1.03,-0.11
4121,優盛,2.17,-2.01,-5.02,-6.84,-8.17,-12.02,-8.97,-2.74,0.82
4123,晟德,655.74,1216.66,1216.57,278.5,121.43,16.81,20.5,28.26,28.94
4126,太醫,7.63,24.35,26.11,14.48,4.2,-6,-3.53,1.13,2.68
4127,天良,-0.39,-11.88,-11.56,-11.64,-10.13,-18.82,-28.44,-33.33,-31.77
4128,中天,8.54,6.84,3.42,0.83,0.24,-9.09,-11.6,-9.04,-7.2
4129,聯合,26.51,14.45,2.01,-1.33,-0.66,2.75,27.27,41.72,42.6
4130,健亞,0.45,-20.64,-14.99,-11.15,-13.9,2.44,4.55,0.12,-0.71
4131,晶宇,,,,,,,,,
4133,亞諾法,3.03,5.91,-2.17,-0.77,-2.56,1.57,5.53,8.06,8.01
4137,麗豐-KY,43.07,33.81,0.91,-13.79,-23.52,-34.89,-19.09,-11.17,-2.08
4138,曜亞,9.11,1.56,-4.37,-9.04,-7.56,-9.41,-10.92,-8.28,-4.79
4139,馬光-KY,44.64,14.45,13.93,4.18,-5.04,-5.47,-7.77,-3.21,2.86
4141,龍燈-KY,2.95,1.34,1.51,-5.62,-8.31,-13.86,-12.12,-11.57,-4.92
4142,國光生,-39.49,62.23,182.92,89.14,108.69,67.27,-19.87,13.23,-7.25
4144,康聯-KY,22.13,12.93,22.81,17.65,21.41,-2.16,-8.74,-12.09,-19.33
4152,台微體,-37.69,-65.77,-49.92,-39.97,-30.28,24.82,24.22,28.26,19.1
4153,鈺緯,43.61,-17.84,-21.31,-24.16,-25.22,-20.52,-8.35,-14.46,-14.7
4154,康樂-KY,7.48,35,27.19,24.42,12.79,-35.61,-22.11,-22.13,-17.2
4157,太景*-KY,-25.42,-8.56,69.47,54.26,87.2,-29.18,716.31,505.84,278.86
4160,創源,23.65,47.72,16.19,28.44,25.89,18.4,14.29,2.31,5.73
4161,聿新科,9.03,-7.96,-5.2,3.03,5.45,21.04,19.57,3.35,-0.2
4162,智擎,121.52,-75.19,-35.18,-34.98,123.72,590.42,-87.7,-78.99,-24.77
4163,鐿鈦,4.46,2.25,14.79,13.19,8.95,-9.55,-17.54,-13.07,-11.67
4164,承業醫,14.55,18,-2.85,-14.15,-7.94,58.89,3.72,7.3,-3.99
4168,醣聯,-11.58,-89.98,-96.35,-96.35,-96.57,296.33,156.65,156.65,165.27
4171,瑞基,11.59,16.22,7.91,4.74,0.75,-5.46,1.27,-0.75,3.42
4173,久裕,-1.38,-5.34,-5.37,-2.76,-2.69,-1.97,-3.72,-6.87,-7.68
4174,浩鼎,,,,,,,-99.6,-99.6,-99.59
4175,杏一,7.59,9.19,6.65,6.83,5.91,3.81,4.44,5.46,5.23
4180,安成藥,22.62,147.76,129.71,91.39,70.06,-6.01,-4.04,2.53,8.44
4188,安克,,,,,,,,,
4192,杏國,205.09,12.2,-72.46,-64.12,-55.39,24.39,25.76,25.81,18.06
4198,環瑞醫,3,0.05,1.93,-29.48,-28.84,14.67,-1.02,-0.69,1.35
4205,中華食,,,,,,,,,
4207,環泰,-2.76,-2.92,3.08,6.82,5.64,5.8,-3.52,-3.28,-4.28
4303,信立,-5.05,-33.18,-37.5,-38.29,-35.7,-12.41,8.14,11.47,1.99
4304,勝昱,-24.79,-11.11,-7.81,-2.23,2.25,44.81,46.79,33.4,23.86
4305,世坤,,,,,,,,,
4306,炎洲,-12.18,-2.25,-1.14,8.15,6.89,4.99,0.64,-6.83,1.11
4401,東隆興,7.53,1.73,-9.05,-4.28,-3.21,3.51,4.28,1.67,1.23
4402,福大,-36.79,-26.34,-50.04,-54.23,-55.04,-58.2,-55.93,-47.61,-24.84
4406,新昕纖,,,,,,,,,
4413,飛寶企業,,,,,,,,,
4414,如興,-1.39,34.57,24.23,18.19,12.48,-26.03,-21.63,140.83,264.81
4415,台原藥,1.56,44.81,-44.94,-71.92,-16.96,-23.28,280.95,25.45,-2.17
4416,三圓,-44.14,-94.67,-97.14,-95.79,-93.41,-23.39,-41.3,-42.04,-50.48
4417,金洲,-4.9,-17.05,-10.21,-14.31,-7.59,2.48,-0.45,5.97,9.78
4419,元勝,,,,,,,,,
4420,光明,,,,,,,,,
4426,利勤,58.36,45.32,24.37,24.44,13.34,-28.51,-19.87,-23.34,-23.4
4429,聚紡,-16.62,-3.35,-12.03,-10.86,-5.51,-15.07,-7.47,-10.43,-13.79
4430,耀億,-10.76,-10.5,-11.94,-10.92,-8.25,1.77,-4.73,-3.47,-2.17
4432,銘旺實,-10.5,21.29,13.62,3.98,-4.89,-40.01,-34.1,-26.87,-19.52
4433,興采,6.28,15.12,9.65,4.43,1.91,-11.35,-9.54,-4.11,-0.38
4502,健信,98.03,147.2,81.27,45.25,25.48,37.3,53,46.59,33.19
4503,金雨,15.68,-7.71,10.76,33.27,20.13,60.14,48.67,41.76,37.02
4506,崇友,10.45,68.76,27.12,2.75,3.25,-1.67,-3.71,-2.47,2.17
4510,高鋒,-3.04,-12.89,-0.38,5.3,11.67,22,12.93,22.3,22.69
4513,福裕,-10.45,-42.76,-39.56,-33.95,-31.08,13.41,11.56,17.56,23.85
4523,永彰,16.75,59.09,20.32,11.06,12.17,-20.36,-25.98,-23.49,-16.45
4526,東台,1.26,-8.11,4.89,0.01,6.3,20.77,-1.65,4.08,-0.05
4527,方土霖,0.29,-14.07,-4.72,4.45,4.15,19.08,13.49,4.75,4.47
4528,江興鍛,22.9,-4.61,-4.26,-3.01,0.53,12.22,14.62,22.28,22.16
4529,淳紳,53.4,434.26,2327.9,95.22,85.48,52.91,-74.31,-72,-68.91
4530,宏易,-77.84,-59.71,47.92,81.09,82.74,48.8,68.55,32.62,44.24
4532,瑞智,-13.77,3.52,6.35,8.69,13.08,5.3,6.13,10.4,12.18
4533,協易機,-13.97,104.19,23.69,24.8,21.44,-8.87,-10.26,-9.68,-4.32
4534,慶騰,2.87,0.38,42.4,88.44,95.6,159.97,73.64,14.39,-1.07
4535,至興,-2.72,-9.44,-7.78,-5.19,-4.98,0.16,-0.75,-0.7,-0.88
4536,拓凱,1.44,-16.22,-7.1,-7.31,-6.53,0.26,-2.33,-1.63,1.59
4541,晟田,,,,,,,,,
4542,科嶠,-34.81,-45.86,-52.79,-49.49,-39.64,32.14,110.66,105.36,100.43
4549,桓達,-9.44,-0.6,-1.84,-0.68,4.42,24.29,25.24,25.72,22.51
4550,長佳,10.78,36.48,33.77,38.3,32.12,-23.96,-10.08,-7.55,-12.53
4609,唐鋒,3.53,1.12,2.2,8.02,-1.61,-41.82,-44.49,-47.5,-33.36
4702,中美實,-14.89,-20.34,-16.09,-21.53,-20.66,-26.02,-34.94,-32.8,-35.95
4703,,,,,,,,,,
4706,大恭,-0.86,17.85,17.82,15.99,15.06,-3.02,-3.06,-1.22,-4.04
4707,磐亞,-7.92,-27.9,-16.7,-17.71,-15.45,,,,
4711,永純,-17.28,-14.1,-9.29,-5.75,-0.4,29.31,14.92,14.21,3.8
4712,南璋,-41.52,-68.04,-58.01,-52.37,-44.89,-56.99,-64.91,-53.13,-54.57
4714,永捷,4.25,-44.28,-50.33,-44.79,-33.13,33.9,25.16,21.27,14.06
4716,大立,-14.09,-12.72,-4.03,-2.63,-1.17,11.93,3.54,1.64,1.59
4720,德淵,6.12,3.51,4.93,3.43,6.66,10.59,7.12,11.07,8.5
4721,美琪瑪,-24.12,10.16,6.31,11.35,16.31,37.19,49.19,72.88,79.74
4722,國精化,-9.83,-2.49,1.43,1.92,3.33,6.28,0.59,6.01,6.34
4725,信昌化,,,,,,,,,
4726,永昕,,,,,,,,,
4728,雙美,-39.28,8.58,0.58,8.9,39.3,23.98,56.54,32.49,22.24
4729,熒茂,-34.37,-62.29,-69.61,-59.09,-50.79,18.72,-5.32,-18.51,-25.37
4733,上緯企業(下市),,,,,,,,,
4735,豪展,35.22,-0.59,-9.2,-0.55,4.13,20.25,16.53,9.74,3.06
4736,泰博,4.6,40.23,29.1,20.01,19.4,2,3.86,4.49,6.24
4737,華廣,5.58,-10.41,3.66,3.82,8.11,14.98,5.13,2.5,4.59
4739,康普,31.61,3.14,1.11,3.14,2.24,29.29,21.3,22.61,24.72
4743,合一,,,,,,,-59.84,-66.08,-54.64
4745,合富-KY,3.09,-15.2,-8.61,-8.89,-9.44,-7.58,-6.86,-0.63,2.4
4746,台耀,4.03,40.88,61.97,39.57,22.82,-22.48,-24.16,-22.34,-20.38
4747,強生,,,,,,,,,
4755,三福化,0.67,2.3,13.4,10.36,8.82,0.2,-3.63,0.99,4.25
4903,聯光通,-16.51,-15.56,-19.56,-32.03,-24.84,-27,-30.3,-17.65,-17.29
4904,遠傳,3.31,-3.89,-3.17,-1.68,-3.03,-5.62,-5.27,-4.16,-2.41
4905,台聯電,-36.26,-5.73,1.44,-7.53,-4.88,-9.13,-17.32,-20.88,-18.81
4906,正文,-0.87,-30.59,-23.33,-20.15,-17.22,25.89,1.96,-6.7,-6.41
4907,富宇,,,,,,,,,
4908,前鼎,,,,,,,,,
4909,新復興,-7.96,18.08,6.41,3.65,-1.71,-11.55,-4.84,-11.81,-15.41
4911,德英,,,,,,,,,
4912,聯德控股-KY,-4.59,-22.18,7.33,10.01,9.22,22.35,20.63,31.32,33.1
4915,致伸,21.63,3.45,6.48,6.82,1.25,-3.91,-5.61,-10.86,-5.58
4916,事欣科,2.97,-0.43,54.35,65.78,60.87,81.05,57.71,111.38,137.54
4919,新唐,7.2,13.47,14.58,12.29,13.89,14.62,11.15,11.49,10.88
4924,欣厚-KY,-21.65,-35.22,-26.07,-16.23,-13.67,30.73,21.04,15,10.66
4927,泰鼎-KY,17.13,5.99,4.72,0.29,-0.51,27.77,19.01,18.96,21.09
4930,燦星網,-0.02,-11.16,-11.13,-10.72,-10.26,-1.02,-2,-3.29,-3.65
4933,友輝,,,,-17.66,-16.98,-21.1,-18.26,-19.7,-19.78
4934,太極,19.4,40.43,51.53,13.39,-6.16,-43.36,-46.47,-31.08,-18.75
4935,茂林-KY,13.15,-15.33,-9.81,-12.61,-14.12,-5.66,-9.55,-5.33,-3.18
4938,和碩,19.02,-6.52,-2.27,-0.56,-4.61,-6.78,-0.34,2.39,3.12
4939,亞電,-19.78,-23.55,-20.35,-14.67,-7.96,15.02,14.71,15.89,11.95
4942,嘉彰,-25.48,-17.27,-14.69,-13.95,-12.56,-8.1,-4.04,-0.42,2.06
4944,兆遠,-13,-44.23,-45.94,-36.33,-27.42,33.2,20.18,4.33,-5.47
4946,辣椒,-44.26,-30.7,-25.2,-16.34,-12.85,-7.06,-12.01,-17.06,-7.41
4947,昂寶-KY,6.14,4,17.78,19.57,15.54,-0.1,3.41,10.48,16.12
4950,牧東,-14.69,47.96,55.91,73.05,65.51,-41.5,-31.93,-44.53,-48.16
4952,凌通,8.22,21.69,16.56,8.44,6.08,-5.92,-8.18,-5.55,-3.57
4953,緯軟,0.84,7.38,6.01,7.16,8.36,-1.3,-1.28,-0.88,2.72
4956,光鋐,-10.79,-27.05,-22.2,-15.58,-10.04,14.14,5.18,2.36,-1.43
4958,臻鼎-KY,12.88,-13.36,-15.15,-9.98,-3.9,13.78,7.57,22.03,32.58
4960,奇美材,-19.41,-30.18,-24.13,-19.79,-18.62,16.51,10.58,8.3,10.28
4965,商店街,39.92,48.66,35.66,26.87,16.58,-15.51,-20.24,-22.56,-21.7
4966,譜瑞-KY,15.49,54.21,50.43,33.66,26.67,0.47,8.33,15.54,13.67
4971,IET-KY,30.76,11.32,10.21,3.78,3.27,-16.04,-9.16,-4.24,-0.67
4972,湯石照明,11.3,3.82,-1.09,-8.38,-9.98,-26.55,-27.41,-20.33,-16.1
4973,廣穎,-24.69,-17.66,-15.91,-16.65,-22.59,-30.13,-27.23,-12.84,1.31
4974,亞泰,9.07,-48.02,-29.72,-15.38,-11.5,57.02,31.02,13.25,14.94
4976,佳凌,,,,,,,,,
4977,眾達-KY,-2.91,1.99,13.48,9.06,12.02,6.48,2.66,12.13,6.78
4979,華星光,38.67,8.63,-18.87,-29.41,-39.78,-61.55,-55.11,-40.97,-33.81
4984,科納-KY,11.64,37.24,38.52,25.6,12.56,-37.43,-42.53,-42.19,-40.49
4987,科誠,-11.76,-18.33,-15.18,-16.06,-11.09,6.24,6.23,7.79,6.05
4991,環宇-KY,22.7,29.82,23.81,17.92,9.62,-11.23,-7.95,-0.13,5.83
4994,傳奇,-15.92,-8.87,-11.45,-25.34,-22.2,-19.14,-10.75,-2.97,-10.71
4995,晶達,-4.1,15.4,4.79,4.97,10.08,-3.14,17.27,19.55,14.61
4999,鑫禾,-10.36,-16.08,5.32,13.52,13.81,13.76,11.39,3.89,2.4
5007,三星,-5.72,-7.32,-1.22,0.84,1.55,8.31,2.48,4.37,6.73
5009,榮剛,-10.84,-34.62,-31.28,-25.53,-19.53,7.32,7.81,6.3,4.87
5011,久陽,,,,,,,,,
5013,強新,-7.2,1.39,4.99,10.58,14.23,22.74,17.9,16.66,14.92
5014,建錩,4.16,-14.43,-12.19,-15.41,-7.13,43.45,33.17,35.62,28.67
5015,華祺,-24.15,10.94,20.92,13.34,7.14,2.68,3.39,8.98,10.47
5016,松和,-17.42,-8.46,-1.39,-1.37,2.76,20.15,8.6,15.48,11.97
5102,富強,-33.12,-28.85,-22.67,-14.51,-6.36,11.73,7.44,6.66,4.49
5201,凱衛,-0.34,-36.54,-25.58,-16.64,-12.24,-14.01,0.99,-7.18,-8.39
5202,力新,12.42,-4.01,-8.71,-12.99,-18.11,-45.38,-19.79,-11.91,-5.24
5203,訊連,-11.07,4.51,2.46,-2.45,-4.07,-12.39,-8.73,-8.2,-10.11
5205,漢康,-72.71,-59.78,1535.55,1640.18,2213.27,3801.02,-1.08,-7.69,110.3
5206,坤悅,132.83,227.48,-31.64,12.19,-37.1,723.95,409.02,13.22,26.48
5209,新鼎,6.8,-24.49,-14,-15.28,-21.23,-34.91,-25.81,-1.62,17.44
5210,寶碩,-8.63,-31.39,-21.85,-6.7,-2.48,21.08,-13.51,-13.97,-9.15
5211,蒙恬,-11.59,0.68,1.65,0.64,0.81,-1.47,-3.24,-3.43,-4.58
5212,凌網,9.87,11.46,5.61,5.26,2.44,-4.08,2.57,6.27,3.96
5213,亞昕,108.02,-68.97,-65.42,-65.31,-29.87,-79.76,-59.94,-54.58,39.3
5215,科嘉-KY,0.42,-29.63,-22.4,-14.93,-16.86,6.62,5.83,-0.84,-1.96
5225,東科-KY,43.64,-30.89,-32.05,-24.36,-20.79,5.97,22.16,16.89,18.94
5227,立凱-KY,26.58,-9.68,17.05,26.22,20.43,-18.89,-38.87,-43.25,-43.22
5230,雷笛克光學,8.82,1.93,-6.55,-9.01,-8.37,-5.61,-6.35,-5.62,-6.91
5234,達興材料,1.42,-3.51,1.62,5.8,7.17,11.9,7.45,7.16,8.21
5243,乙盛-KY,-13.97,7.02,20.92,26.57,28.25,35.89,15.77,1.65,0.14
5251,天鉞電,-28.22,-18.76,-4,-10.5,-4.3,-38.07,-39.54,-38.36,-43.51
5255,美桀,-7.84,-4.31,12.94,16.54,18.98,18.84,13.87,14.68,14.51
5259,清惠,,,,,,,,,
5263,智崴,-14.96,42.09,2.5,10.1,24.98,89.93,118.24,86.46,71.77
5264,鎧勝-KY,11.86,5.5,-7.56,-14.54,-15.15,-24.74,-5.02,3.99,1.5
5266,,,,,,,,,,
5269,祥碩,2.07,6.66,15.55,26.94,32.22,68.34,91.17,64.14,44.66
5272,笙科,,,,,,,,,
5274,信驊,,,,32.28,35.58,58.13,52.64,44.02,40.76
5276,達輝-KY,-16.39,8.65,-3.83,10.11,18.27,-12.64,-5.36,-13.99,-19.81
5278,尚凡,-7.42,45.84,54.75,43.93,36.23,19.7,25.29,37.71,46.89
5284,jpp-KY,12.07,-0.09,-0.21,0.95,-1.77,0.47,5.08,5.52,7.68
5285,界霖,-10.96,-2.99,-5.77,-6.77,-3.43,-3.26,19.08,49.07,69.78
5287,數字,17.83,3.76,-12.11,-9.91,-8.5,11.9,10.99,10.66,10.51
5288,豐祥-KY,5.52,10.94,13.75,9.77,3.91,-8.35,-5.03,-3.48,-2.46
5289,宜鼎,24.26,11.85,5.53,2.89,5.92,28.59,41.96,41.7,40.87
5291,邑昇,-32.16,-0.4,-0.31,-0.89,1.73,-8.48,-10.12,-4.21,-7.66
5301,寶得利,24.12,-1.17,-2.39,-19.89,-36.65,-81.15,-75.18,-69.35,-58.07
5302,太欣,9.42,3.91,-14.6,-13.25,-12.34,-18.53,-27.22,-38.82,-41.47
5304,鼎創達,16.01,-9.54,1.18,-0.42,-1.88,5.53,5.36,16.56,21.15
5305,敦南,-7.16,7.58,9.56,12.91,11.34,-2.61,2.82,7.27,9.7
5306,桂盟,21.4,16.63,20.33,18.79,18.92,17.46,25.03,24.55,25.86
5309,系統電,-22.99,15.74,42.49,56.49,35.71,-26.39,-34.43,-33.85,-29.13
5310,天剛,118.96,20.96,35.73,26.89,-42.46,-20.57,1.49,10.01,9
5312,寶島科,5.9,3.57,4.76,5.51,5.88,10.41,6.43,6.74,5.98
5314,世紀,-19.95,38.04,12.09,10.69,0.39,-40.24,-27.12,-9.67,3.11
5315,光聯,18.11,7.25,5.7,2.58,-1.68,-21.44,-24.42,-26.18,-30.47
5317,凱美,-8.63,-1.54,-4.76,-5.48,-7.61,-21.01,-16.85,-15.82,-14.11
5321,友銓,1.63,-31.54,-27.12,-19.41,-14.05,2.76,-7.32,-14.07,-17.17
5324,士開,-15.43,-0.32,973.73,631.96,510.75,425.79,-35.33,-16.49,15.72
5328,華容,-13.1,11.33,4.49,4.08,-2.86,-20.51,-21.61,-17.32,-15.21
5340,建榮,-7.35,8.18,18.6,19.61,25.07,41.16,35.72,33.6,30.92
5344,立衛,,,,,,,,,
5345,天揚,-37.23,-6.65,-3.4,-8.12,-10.02,-43.21,-36.12,-28.78,-36.96
5347,世界,-2.56,-2.87,1.08,7.82,10.76,0.79,-4.28,-3.63,-3.56
5348,系通,-2.22,-33.49,-36.27,-31.44,-29,,,,
5349,先豐,-5.24,-18.3,-3.15,-1.18,-5.05,-22.57,-19.85,-15.24,-7.14
5351,鈺創,-2.53,-13.09,-15.93,-13.9,-12.7,-11.84,-9.13,-6.83,-4.76
5353,台林,-12.34,16.61,13.05,9.56,11.47,-12.2,-4.06,6.27,10.43
5355,佳總,-17.82,-29.63,-28.61,-18,-10.58,21.04,5.38,-4.17,-6.89
5356,協益,-3.1,-0.89,4.79,4.92,5.88,-9.78,-5.08,-3.88,-4.53
5364,力麗店,158.98,40.45,11.96,12.36,28.78,-10.36,-4.33,-4.04,-2.63
5371,中光電,-16.04,-12.09,-16.12,-17.3,-16.29,-12.02,-12.05,-9.93,-6.93
5381,合正,-24.43,-53.27,-59.1,-37.16,-39,-15.87,-18.85,-12.93,-6.51
5383,金利,-18.56,7.08,11.36,14.63,20.17,16.73,18.57,24.71,25.07
5384,捷元(下櫃),,,,,,,,,
5386,青雲,,,,,,,,,
5388,中磊,50.96,38.79,21.25,8.84,4.83,-5.47,-2.49,2.14,5.17
5392,應華,59.98,67.71,32.29,36.75,97.18,21.95,8.49,2.93,5.17
5395,圓方創新(下櫃),,,,,,,,,
5398,慕康生醫,-8.23,-3,3.64,14.11,65.13,188.35,168.43,141.15,63.06
5403,中菲,,16.2,11.12,11.58,17.48,13.5,4.74,7.53,0.05
5410,國眾,2.96,31,15.75,16.86,5.73,10.83,22.94,13.43,10.15
5425,台半,1.37,8.55,11.36,11.95,12.35,9.4,2.98,3.91,3.36
5426,振發,-12.93,-14.43,2.58,7.94,7.92,-3.8,-0.16,-1.16,-5.12
5432,達威,,,,,,,,,
5434,崇越,5.45,11.72,23.16,21.28,18.61,1.22,-2.1,1.64,5.09
5438,東友,-1.13,34.04,1.84,-1.97,-3.99,-3.88,-7.22,-3.57,-2.96
5439,高技,,,,,,,,,
5443,均豪,37.74,-11.57,25.98,3.41,0.54,104.15,22.96,27.17,32
5450,寶聯通,-8.79,20.14,17.16,8.81,-1.37,-26.68,-18.29,-14.2,-7.23
5452,佶優,-20.19,-6.81,-8.23,-6.32,-7.34,14.19,11.84,16.62,17.74
5455,昇益,,,,,,,,,
5457,宣德,12.08,7.93,24.26,23.21,22.65,0.08,-4.51,2.57,6.29
5460,同協,-9.93,-20.05,-18.01,-18.73,-16.41,0.52,2.64,5.63,6.37
5464,霖宏,-9.59,-27.91,-13.78,4.73,9.68,32.65,17.85,12.12,9.61
5465,富驊,1.28,-18.65,-19.2,-15.2,-17.81,-33.94,-29.61,-21.8,-12.77
5466,泰林(下櫃),,,,,,,,,
5468,凱鈺,-10.55,-60.03,-58.78,-58.99,-54.6,-13.81,-21.89,-21.72,-21.29
5469,瀚宇博,-16.95,-8.94,-3.1,-1.14,-2.48,-1.65,-4.39,-2.08,0.55
5471,松翰,-6.95,-12.62,-5.57,-4.23,-2.7,18.49,7.03,7.24,3.87
5474,聰泰,,,,,,,,,
5475,德宏,-17.8,-29.17,-24.13,-19.59,-9.01,31.51,21.79,23.96,18.71
5478,智冠,-1.36,2.56,6.56,4.49,5.08,5.72,0.09,1.65,0.45
5480,統盟,-6.94,-9.95,-2.24,-0.46,1.31,1.32,-2.29,-2.44,-3.64
5481,華韡,-68.74,-88.24,-76.29,-76.97,-76.57,-93.66,-91.92,-87.32,-45.66
5483,中美晶,1.61,4.34,5.19,2.6,11.78,91.48,88.47,98.7,87.89
5484,慧友,-28.83,3.99,10.59,3.55,-2.18,-31.4,-42.2,-49.48,-50.23
5487,通泰,1.02,21.05,22.83,26.15,19.88,16.77,6.89,4,4.56
5488,松普,-8.39,-18.6,-22.86,-18.32,-13.85,5.77,7.92,5,2.38
5489,彩富,-14.7,-6.06,-13.45,-17.62,-14.35,1.49,9.37,15.57,12.01
5490,同亨,66.55,-19.08,-37.21,-24.94,-14.09,-21.08,-12.36,-21.85,-36.44
5491,,-12.73,-18.64,-12.92,-5.97,-3.27,14.65,9.15,2.64,
5493,三聯,24.41,6.52,-15.77,-13.57,-5.85,7.85,2.81,4.66,4.7
5498,凱崴,-32.9,-29.51,-19.77,-13.57,-6.82,16.12,20.53,25.79,28.05
5505,和旺(下櫃),,,,,,,,,
5506,,,,,,,,,,
5508,永信建,,,,,,,,,
5511,德昌,-23.78,1.27,10.05,23.35,35.94,-1.42,-17.86,-20.89,-24.59
5512,力麒,-69.76,35.99,33.36,39.57,42.06,410.55,225.64,170.57,111.26
5514,三豐,-94.03,29.1,30.47,28.79,-91.6,-2.96,-5.77,-6.2,1016.73
5515,建國,-28.26,10.08,13.93,7.66,2.88,-13.78,-12.28,-3.62,10.95
5516,雙喜,,,,,,,,,
5519,隆大,-45.5,-69.63,-24.76,-26.98,-17.24,330.11,23.22,9.93,7.58
5520,力泰,-3.86,-22.71,-14.68,-13.97,-11.05,11.15,-2.7,-4.87,-10.13
5521,工信,22.14,-48.42,-39.73,-34.22,-39.93,8.72,-3.3,-10.99,-12.37
5522,遠雄,52.58,-61.34,-5.03,11.64,1.92,20.61,-49.43,-40.88,-32.77
5523,豐謙,-99.81,-82.01,25.05,5388.66,8716.71,28912.98,38023.25,651.07,436.1
5525,順天,17.12,-86.62,-85.16,-77.1,-73.51,-35.33,8.59,-10.72,48.92
5529,志嘉,-94.18,123.1,99.46,423.46,489.09,433.28,529.21,141.98,487.4
5530,龍巖,-35.26,-2.47,-5.15,-6.38,-1.86,15.32,31.92,42.19,47.38
5531,鄉林,-4.47,494.49,272.19,169.18,54.31,-81.11,-78.93,-55.86,-34.04
5533,皇鼎,-28.09,-55.72,-43.68,-36.24,-22.68,-29.58,2.09,54.42,109.41
5534,長虹,-40.17,760.62,360.52,152.97,70.03,-63.95,-30.93,-13.65,31.6
5536,聖暉,12.89,32.96,14.36,13.2,-1.8,52.31,43.3,26.86,36.09
5538,東明-KY,-6.22,-6.49,-5.86,-3.66,-0.33,8.25,16.16,23,26.58
5601,台聯櫃,,,,,,,,,
5603,陸海,-19.61,-9.14,-8.49,-6.61,-4.22,-3.76,1.95,2.21,0.26
5604,中連貨,-6.54,-8.78,-9.43,-9.33,-8.97,-5.79,-11.21,-11.92,-13.4
5607,遠雄港,-1.86,0.18,2.37,3.15,4.65,10.94,11.04,11.77,11.97
5608,四維航,-0.18,-21.78,-21.39,-21.43,-21.06,-10.68,-9.19,-6.03,-0.7
5609,中菲行,-8.45,-1.5,4.43,7.27,3.92,10.96,6.67,10.97,8.51
5701,劍湖山,-2.54,-12.39,-10.49,-57.39,-55.78,-6.95,-4.43,1.22,-2.56
5703,亞都,-0.45,-5.55,-4.78,-4.7,-5,-5.18,-6.21,-8.11,-8.49
5704,老爺知,,,,,,,,,
5706,鳳凰,3.1,-9.57,-10.78,-7.59,-5.22,-17.09,-8.34,-5.63,-3.47
5820,日盛金,,,,,,,,,
5871,中租-KY,6.59,3.16,4.18,3.95,3.2,6.83,4.89,6.58,9.07
5878,台名,15.35,5.19,22.92,20.71,19.9,25.03,-0.72,-9.08,-9.27
5880,合庫金,,,,,,,,,
5902,德記,-0.98,8.54,1.47,0.23,1.06,-7.05,-11.65,-13.36,-9.42
5903,全家,3.07,5.52,4.7,4.32,4.8,5.26,6.16,6.43,6.37
5904,寶雅,,,,,,,,,
5905,南仁湖,-6.96,1.11,5.05,4.89,5.64,-1.81,1.6,-0.97,-0.68
5906,台南-KY,-30.18,-44.94,-38.91,-21.17,5.7,-9.17,-9.26,62.95,34.5
5907,大洋-KY,-4.85,-11.94,-12.09,-14.47,-11.54,-17.24,-14.06,-10.6,-5.6
6005,群益證,,,,,,,,,
6015,宏遠證,,,,,,,,,
6016,康和證,,,,,,,,,
6020,大展證,,,,,,,,,
6021,大慶證,,,,,,,,,
6022,大眾證券(下櫃),,,,,,,,,
6023,元大期,,,,,,,,,
6024,群益期,,,,,,,,,
6101,寬魚國際,-59.91,-41.64,-63.1,-70.34,-73.27,-77.13,-79.09,-50.3,-24.47
6103,合邦,1040.17,407.6,280.49,228.69,176.4,45.11,55.11,46.48,38.16
6104,創惟,-14.35,-21.94,-15.44,-5.18,-6.71,-5.12,-1.51,-1.65,1.64
6105,,,,,,,,,,
6107,華美電子,11.24,125.87,102.75,90.53,79.14,-3.7,-23.78,,
6108,競國,-12.77,11.46,10.43,11.44,9.84,-0.85,0.14,1.21,1.75
6109,亞元,-11.04,-15,-23.38,-28.08,-26.63,-14.79,-14.07,-10.84,-14.91
6111,大宇資,127.63,-28.24,7.53,-14.16,-7.17,52.43,25.59,23.93,12.31
6112,聚碩,1.14,2.23,5.41,5.46,7.14,18.46,16.71,15.26,14.3
6113,亞矽,5.2,11.36,-0.17,-8.2,-10.85,-41.14,-28.86,-19.79,-15.53
6114,久威,115.78,-18.95,-10.18,8.64,30.53,111.66,91.34,64.45,29.9
6115,鎰勝,-6.57,-2.47,-3.55,-3.88,-1.42,-0.91,-0.77,1.52,1.12
6116,彩晶,-27.43,-32.01,-19.09,8.74,39.27,73.05,43.49,20.65,-0.76
6117,迎廣,-29.03,14.61,13.57,15.31,4.79,-17.89,-15.94,-17.21,-13.45
6118,建達,-9.21,-4.89,-7.6,-7.54,-9.65,-9.73,-11.66,-7.74,-3.06
6120,達運,-6.04,-31.64,-20.6,-19.72,-20.11,7.53,-12.4,-11.3,-15.09
6121,新普,7.03,-11.07,-12.13,-11.19,-9.52,-12.25,-9.58,-3.51,0.28
6122,擎邦,-5.25,-27.42,-13.67,-4.71,8.02,89.86,96.28,103.24,87.7
6123,上奇,-7.96,67.93,46.86,44.7,42.94,-8.94,-18.48,-17.97,-21.18
6124,業強,-12.83,1.03,18.41,20,21.69,18.31,13.75,7.24,-1.01
6125,廣運,6.52,15.54,4.77,3.37,-11.27,-81.46,-75.36,-20.86,-9.69
6126,信音,-20.15,-6.95,-2.23,0.92,1.13,8.75,9.57,8.18,5.15
6127,九豪,3.59,-7.26,-2.51,0.77,0.06,-3.91,0.31,-1.97,-0.07
6128,上福,2.78,8.12,2.72,0.82,0.51,-11.56,-9.4,-11.15,-12.13
6129,普誠,-15.39,9.76,9.94,1.14,1.1,-10.32,-16.24,-14,-14.05
6130,星寶國際,-18.27,-15.52,-18.32,-24.28,-27.09,-55.93,-55.91,-53.18,-51.97
6131,悠克,-52.26,-47.06,-41.88,-40.76,-44.48,-69.14,-69.92,-71.31,-70.9
6133,金橋,0.33,-12.53,-14.77,-9.28,-7.29,13.47,16.2,10.9,5.46
6134,萬旭,-16.21,-13.21,-10.89,-11.23,-11.65,-5.31,9.69,14.13,16.09
6135,,,,,,,,,,
6136,富爾特,7.88,17.77,10.9,1.97,-2.81,-5.24,-8.67,-5.49,-5.34
6138,茂達,-11.26,16.24,19.79,24.18,20.83,13.65,16.84,16.72,13
6139,亞翔,20.66,240.12,115.17,61.21,34.17,-41.04,-22.4,-13.54,-9.74
6140,訊達,4.96,13.16,12.64,6.09,4.33,8.12,1.15,20.09,28.5
6141,柏承,-18.51,14.53,26.48,23.48,24.97,19.68,19.96,22,21.9
6142,友勁,-17.01,-16.9,-22.31,-18.18,-14.43,-3.32,1.32,-4.06,-8.4
6143,振曜,-2.78,-5.53,14.89,25.12,15.06,88.2,66.68,35.97,21.64
6144,得利影,0.03,-5.25,-15.08,-8.35,-13.24,-31.66,-20.61,-15.9,-12.39
6145,勁永,11.28,-66.01,-62.98,-58.33,-54.6,-46.77,-49.83,-44.75,-30.14
6146,耕興,8.05,-9.04,-11.27,-11.49,-10.33,2.07,4.21,5.62,7.01
6147,頎邦,-4.64,-13.51,-10.24,-4.16,2.33,13.27,10.77,9.42,6.79
6148,驊宏資,1.84,77.61,53.47,-93.07,-92.85,-21.71,-14.33,60.9,25.6
6150,撼訊,-33.67,-32.23,-21.28,-8.59,0.91,-6.08,28.06,58.2,81.06
6151,晉倫,-4.69,-11.5,-8.28,-8.37,-3.94,3.65,-1.58,3.14,3.69
6152,百一,10.74,26.71,6.9,8.32,7.61,-3.8,1.44,-5.09,-7.82
6153,嘉聯益,-2.51,-12.42,-13.84,-13.91,-11.26,0.07,-6.65,-6.3,-7.26
6154,順發,-4.89,-4.4,-7.61,-7.3,-7.47,-10.31,-8.52,-7.69,-7.54
6155,鈞寶,-6.05,-5.99,-2.68,-3.13,1.65,9.4,8.26,11.49,8.67
6156,松上,3.61,0.59,-2.29,-0.37,4.52,2.39,13.13,11.66,6.95
6158,禾昌,-23.01,-20.99,-14.34,-13.35,-13.26,-13.28,-13.5,-14.29,-15.13
6160,欣技,-16.59,46.02,40.98,31.3,15.33,-35.9,-28.03,-15.54,-4.75
6161,捷波,-38.93,-66.59,-65.46,-59.78,-55.23,23.68,23.55,13.43,7.9
6163,華電網,-6.56,-2.4,-23.31,-11.65,22.65,-31.28,-23.96,26.42,2.32
6164,華興,-7.5,-7.37,-7.93,-11.21,-12.16,-10.41,-14.28,-13.97,-15.34
6165,捷泰,-40.92,-13.81,-7.63,-18.42,-29.11,-85.71,-79.53,-76.89,-75.88
6166,凌華,12.69,-5.52,-3.65,-2.86,5.53,11.59,13.89,17.85,11.48
6167,久正,-8.58,15.96,14.03,7.93,6.43,3.18,4.99,7.02,4.23
6168,宏齊,-21.86,-33.14,-34.79,-36.51,-33.38,-1.03,1.98,7.34,6.25
6169,昱泉,-20.63,28.46,32.93,28.18,33.76,-38.61,23.26,102.84,108.32
6170,統振,-19.09,-16.32,-10.53,-9.88,-6.66,-12.72,-9.29,-9.75,-8.54
6171,亞銳士,,,,,,,,,
6172,互億,,,,,,,,,
6173,信昌電,-5.01,6.27,12.01,12.43,12.28,18.42,15.51,17.12,17.97
6174,安,-7.02,-1.39,2.62,2.6,4.05,8.79,1.2,0.23,-0.57
6175,立敦,3.36,-0.98,7.56,10.76,17.18,20.62,18.98,22.94,24.91
6176,瑞儀,0.89,25.86,14.02,-6.18,-10.79,4.11,17.5,23.63,17.66
6177,達麗,-3.72,-16.13,-6.38,7.45,-46.98,-88.21,103.99,86.23,128.69
6179,亞通,120.87,26.77,18.05,42.95,70.2,124.29,46.44,11.98,-5.81
6180,橘子,6.73,-5.32,-7.11,-10.11,-13.13,-4.41,-8.61,-10.16,0.78
6182,合晶,-6.77,6.97,3.48,1.39,0.61,5.41,8.53,13.73,18.07
6183,關貿,-2.5,-1.27,-0.95,0.21,-4.99,2.13,5.9,8.94,12.53
6184,大豐電,78.79,3.41,0.2,-0.99,-1.57,2.08,9.07,13.29,13.84
6185,幃翔,-10.95,-17.04,-16.13,-12.95,-12.66,-6.49,-0.28,0.9,1.2
6186,新潤,,,,,,,,,
6187,萬潤,-0.84,-15.06,3.5,41.8,40.17,21.69,0.56,-16.33,-11.63
6188,廣明,-32.43,-36.2,-33.19,-32.27,-28.45,3.7,-0.17,0.39,-1.54
6189,豐藝,-13.61,-4.3,4.24,7.1,6.48,5.56,-3.14,-2.52,-1.77
6190,萬泰科,-5.59,-8.36,-4.83,-1.36,-1.17,11.9,7.85,9.17,10.11
6191,精成科,-22.59,-6.71,-0.28,-0.32,-3.35,-9.46,-12.09,-9.27,-8.2
6192,巨路,-9.9,-6.4,-4.83,-6.88,-9.63,-3.62,-5.58,-6.63,-3.85
6194,育富,-41.73,217.42,200.38,97.23,76.57,51.81,63.43,83.31,64
6195,詩肯,,,,,,,,,
6196,帆宣,20.49,14.79,6.97,2.72,3.43,22.43,13.51,8.78,8.37
6197,佳必琪,10.66,-20.27,-10.66,-7.53,-3.51,-7.16,-7.06,-14.4,-16.48
6198,凌泰,-13.02,-36.2,-49.42,-44.29,-30.97,2.16,22.92,22.54,0.17
6199,天品,-0.68,9.26,14.9,-5.59,-13.23,-22.76,21.13,38.52,72.73
6201,亞弘電,-12.09,-2.11,2.15,7.66,11,-18.74,-17.22,-15.06,-12.39
6202,盛群,0.95,3.4,4.56,4.94,4.79,19.63,11.95,9.53,10.99
6203,海韻電,-32.22,-7.81,1.79,-1.03,-3.57,-22.22,-12.92,-4,3.02
6204,艾華,-7.57,8.37,2.02,1.88,2.69,-2.7,-2.67,-0.3,0.4
6205,詮欣,-14.39,-15.88,-10.32,-8.83,-6.1,-8.49,-8.33,-8.39,-13.72
6206,飛捷,9.78,14,7.31,9.64,8.07,13.12,19.55,15.11,16.53
6207,雷科,2.81,-24.18,-15.12,-12.45,0.44,78.23,45.96,34.55,14.11
6208,日揚,-9.16,6.19,4.22,5.14,2.97,-9.4,12.78,12.93,28.49
6209,今國光,-2.12,-2.18,-3.81,-3.63,-4.19,-3.25,-3.07,-5.98,-8.7
6210,慶生,,,,,,,,,
6211,,,,,,,,,,
6212,理銘,,,,,,,,,
6213,聯茂,-5.3,2.11,6.4,4.14,3.17,10.29,5.4,7.21,7.79
6214,精誠,3.19,-1.67,-0.05,0.27,-0.63,-0.49,1.07,4.27,4.1
6215,和椿,-12.86,-3.64,-2.25,-8.8,-8.31,-13.72,-3.03,8.57,1.2
6216,居易,5.7,13.67,-1.72,-1.12,4.81,-15.39,-13.95,-15.54,-14.1
6217,中探針,23.97,-7.42,2.38,5.52,6.41,19.05,11.7,5.78,0.47
6218,豪勉,-0.15,-21.81,9.2,14.72,15.43,3.61,7.37,1.48,4.68
6219,富旺,-46.66,-84.68,-76.45,-13.12,6.34,51.24,394.91,34.33,32.83
6220,岳豐,2.16,6.01,-9.92,-4.69,9.63,79.78,97.72,80.83,60.12
6221,晉泰,10.75,-19.69,-11.65,-18.23,-15.5,33.94,13.98,24.02,15.07
6222,上揚,-47.23,184.2,91.6,86.83,71.26,-67.93,-56.25,-60.02,-71.15
6223,旺矽,-3.44,-2.47,12.81,20.85,23.64,24.2,1.59,-9.45,-10.35
6224,聚鼎,4.18,-2.71,-3.01,0.34,-1.09,-5.3,-6.98,-8.45,-7.57
6225,天瀚,-41.56,-70.82,-72,-75.7,-76.76,-94.43,-93.35,-92.12,-88.85
6226,光鼎,6.36,-12.15,-13.82,-15.56,-10.85,-1.82,1.89,4.74,10.29
6227,茂綸,30.57,212.21,135.33,75.62,43.68,-47.43,-39,-28.54,-22.62
6228,全譜,-33.56,50.39,27.07,-3.01,-7.61,8.12,2.57,-5.37,21.82
6229,研通,4.81,83.1,70.84,43.72,30.89,-9.17,10.27,31.4,40.23
6230,超眾,1.75,32.48,29.09,26.43,20.73,-13.11,-9.02,-4,-3.15
6231,系微,-4,-15,-18.39,-15.44,-13.29,10.77,11.3,10.85,9.28
6233,旺玖,34.47,21.59,14.46,9.15,6.95,-4.76,-6.84,-10.75,-10.91
6234,高僑,22.98,-17.54,-28.75,-30.26,-32.09,-24.6,-11.77,-3.54,5.37
6235,華孚,25.36,23.78,31.78,31.49,29.75,33.81,32.45,35.96,36.69
6236,康呈,-40.28,14.85,17.81,9.65,-12.22,-40.2,7.69,19.19,35.34
6237,驊訊,0.82,-9.48,3.88,12.67,9.67,-6.83,-12.37,-15.44,-8.02
6238,勝麗,114.17,0.66,5.87,-3.79,-8.67,-29.35,-18.66,-12.78,-8.69
6239,力成,6.2,12.59,11.5,14.01,13.69,19.23,21.21,23.7,23.35
6240,松崗,-31.6,-40.05,-30.21,-17.7,-16.95,13.09,8.69,0.76,-6.93
6241,易通展,-74.73,108.41,77.56,23.01,20.31,-32.73,-41.91,-20.61,
6242,立康,78.1,,,,,,,,
6243,迅杰,-32.99,4.04,10.85,8.8,9.14,-10.96,-4.2,-4.86,-3.75
6244,茂迪,23.9,129.75,97.98,43.5,17,-47.31,-42.23,-28.14,-19.94
6245,立端,19.92,17.87,19.82,14.99,12.51,1.01,-1.53,3.26,5.14
6246,臺龍,-46.47,-26.79,-20.32,-2.71,4.95,10.04,13.52,11.18,15.4
6247,淇譽電,14.56,-14.15,-22.27,-27.72,-27.02,-8.93,-18.58,-10.5,-6.9
6248,沛波,,,,,,,,,
6250,,,,,,,,,,
6251,定穎,3.67,9.43,11.77,8.61,5.75,1.81,-0.7,-1.2,-1.23
6257,矽格,-3.33,7.43,7.64,12.2,14.66,17.59,10.5,6.52,17.88
6259,百徽,-21.86,-57.62,-62.04,-64.62,-60.96,-43.45,-41.82,-37.2,-36.11
6261,久元,-9.18,-4.87,-3.41,-2.19,-2.68,-14.55,-6.14,-2.64,1.51
6263,普萊德,-1.2,-1.79,-1.19,-0.94,1.11,8.09,1.8,6.09,6.37
6264,富裔,,,,264.62,42.28,4238.12,1954.36,251.81,27.62
6265,方土昶,-31.18,-23.88,-8.52,-0.19,-5.7,-42.31,-50.34,-49.01,-48.32
6266,泰詠,11.38,18.84,14.13,10.09,1.26,-18.78,-4.5,2.14,6.24
6269,台郡,38.47,-6.94,-12.33,1.1,5.5,14.11,10.77,16.78,35.35
6270,倍微,-4.91,-0.93,-0.54,2.67,5.42,14.85,12.88,15.02,14.58
6271,同欣電,-6.78,6.43,6.21,2.7,3.68,-4.38,-8.02,-4.73,-3.88
6274,台燿,-3.77,0.48,5.79,2.31,4.03,23.9,19.47,19.79,19.97
6275,元山,-7.92,-3.81,8.8,13.85,13.16,17.07,13.49,7.32,5.51
6276,安鈦克,-15.97,-17.05,-14.84,-16,-14.79,-34.2,-35.04,-32.26,-28.94
6277,宏正,-0.21,4.39,2.78,3.09,0.98,-2.99,-3.4,-3.31,0.23
6278,台表科,-11.24,-4.82,-7.46,-3.01,-0.33,0.18,0.77,-7.39,-12.37
6279,胡連,5.1,8.06,7.77,12.4,17.27,13.89,7.45,3.74,2.36
6281,全國電,,,,,,,,,
6282,康舒,-13.49,-8.89,-4.81,-4.41,-5.21,-10.98,-10.16,-10.06,-9.86
6283,淳安,-28.63,-11.5,-8.51,-1.82,-4.91,-20.55,-20.99,-21.43,-21.51
6284,佳邦,1,-12.78,-9.61,-10.44,-8.85,9.51,15.75,18.32,21.22
6285,啟,29.4,15.49,7.22,5.37,1.14,-3.7,5.25,5,7.79
6286,立錡(下市),,,,,,,,,
6287,元隆,,,,,,,,,
6289,華上,-37.53,35.83,34.38,32.44,38.17,42.33,30.91,44.58,31.49
6290,良維,0.48,7.15,5.72,-1.48,-8.35,-22.79,-14.95,-9.05,-6.62
6291,沛亨,-16.1,-7.93,-8.57,-2.34,-4.63,-6.97,-13.98,-16.43,-16.74
6292,迅德,0.02,10.28,4.64,3,4.14,-9.84,-7.72,-3,-3.45
6294,智基,,,,12.63,11.33,-1.44,0.09,0.86,2.55
6298,崴強,-1.13,-1.79,-3.69,-7.59,-12.94,-20.25,-17.45,-9.17,-6.21
6404,通訊-KY,10.15,-2.08,-16.72,-24.47,-36.08,-47.93,-49.04,-47.98,-48.46
6405,悅城,-34.49,-40.21,-33.93,-34.86,-31.64,-10.49,-10.06,-2.96,0.8
6409,旭隼,19.58,5.07,2.61,0.46,1.01,8.7,15.38,18.25,21.45
6411,晶焱,28.71,22.42,18.67,20.91,16.32,18.68,15.95,12.21,12.2
6412,群電,-1.83,-11.48,-4.68,0.76,3.4,10.13,10.16,7.87,1.66
6414,樺漢,118.85,30.67,33.86,34.84,30.89,17.18,17.83,88.08,141.19
6415,矽力-KY,43.64,45.73,44.62,49.67,51.86,38.96,28.85,25.73,20.46
6419,京晨科,-17.75,-15.98,-19.33,-16.19,-21.35,-21.15,-19.24,-24.45,-20.68
6422,君耀-KY,8.41,19.31,19.02,20.07,16.67,-0.48,6.11,8.14,9.22
6426,統新,5.8,-18.17,-11.73,-7.17,-0.17,42.72,35.08,20.56,5.61
6431,光麗-KY,-58.33,-39.39,-48.09,-51.34,-49.45,-44.99,-45.14,-46.62,-49.43
6449,鈺邦,-3.02,2.75,9.66,12.97,13.83,9.81,13,16.39,17.46
6451,訊芯-KY,9.97,-42.58,-29.3,-23.61,-30.09,-24.28,-29.92,-31.54,-23.81
6452,康友-KY,11.83,1.2,2.66,0.35,-1.72,-10.25,-8.42,-4.82,-0.69
6504,南六,10.82,-3.57,-1.21,0.63,2.84,4.59,4.48,6.54,5.64
6505,台塑化,-31.06,-19.71,-21.71,-17.81,-13.24,32.15,14.31,15.99,14.27
6506,雙邦,1.44,0.71,-1.94,0.68,3.38,7.52,7.64,5.34,5.93
6508,惠光,-14.06,-20.63,-9.42,-3.05,-1.06,14.33,-6.94,-7.88,-9.85
6509,聚和,-5.78,3.78,-0.03,-0.98,-2.52,-7.95,-2.41,1.64,4.16
6603,富強鑫,-6.14,-6.2,-1.77,-2.3,1.64,1.2,6.96,18.15,19.16
6605,帝寶,2.43,17.36,11.66,8.88,4.76,-3.58,-1.04,1.23,2.06
6609,瀧澤科,-11.71,-23.56,-20.54,-15.6,-15.42,9.42,16.52,12.06,21.27
6702,復航(下市),,,,,,,,,
6803,崑鼎,3.92,67.42,38.25,27.8,21.5,-34.39,-20.61,-13.66,-9.6
8011,台通,-22.05,-21.99,-1.27,10.67,15.69,49.55,30.51,19.13,10.82
8016,矽創,22,9.3,12.2,13.69,9.97,-11.31,-7.22,-7.54,-7.45
8021,尖點,8.27,-9.55,-9.2,-9.49,-6.36,9.76,4.34,3.14,0.01
8024,佑華,-14.3,-6.02,1.07,2.46,1.7,3.1,-2.34,-5.18,-4.62
8032,光菱,0.03,16.2,16.84,13.71,10.75,1.12,-3.99,-7.96,-12.89
8033,雷虎,-23.88,-9,-17.75,-18.2,-22.58,-13.63,-0.76,10.65,21.03
8034,榮群,-3.86,-42.48,-40.87,-34.4,-22.93,-2.26,39.36,41.41,63.1
8038,長園科,-24.08,350.44,270.54,266.18,140.91,-92.84,-91.64,-91.3,-89.68
8039,台虹,1.38,19.87,12.74,-0.18,0.16,1.28,3.75,13.18,8.84
8040,九暘,10.39,22.2,26.35,26.92,15.43,-13.77,-4.04,-2.88,2.03
8042,金山電,3.34,16.53,12.45,11.28,9.22,-5.05,-1.5,-1.3,0.31
8043,蜜望實,10.05,-12.92,-9.45,-6.45,-3.62,3.54,0.87,4.44,2.47
8044,網家,15.06,18.38,14.04,12.94,12.51,2.23,7.91,10.34,14.27
8046,南電,-14.48,-4.68,-4.18,-1.42,-2.45,-20.12,-14.08,-11.48,-8.73
8047,星雲,-2.11,-20.65,-13.83,-8.66,-9.84,26.44,2.72,-2.15,-1.37
8048,德勝,52.34,32.38,3.75,-9.9,-12.99,-44.05,-39.91,-27.73,-23.83
8049,晶采,12.56,13.76,15.42,5.13,5.12,19.15,10.99,15.05,12.54
8050,廣積,13.21,-1.33,10.21,14.24,13.16,-11.28,-20.52,-10.22,-7.55
8053,,,,,,,,,,
8054,安國,-15.43,-14.26,-7.65,-5.54,-8.63,-12.87,-8.63,-6.05,-7.6
8059,凱碩,-17.4,-58.09,-61.7,-48.93,-41.36,-1.65,3.02,-5.46,-6.02
8064,東捷,-17.71,-5.15,5.3,31.31,38.54,79.48,56.62,7.43,-1.62
8066,來思達,16.23,15.35,0.82,0.21,5.13,-11.63,-9.6,-10.03,-6.29
8067,志旭,-31.87,-10.65,-15.85,-19.66,-21.6,-39.27,-37.07,-31.43,-41.15
8068,全達,-4.98,-21.8,14.11,36.63,41.98,126.66,59.61,58.36,59.48
8069,元太,-1.42,-7.58,-1.6,0.23,5.26,28.54,13.46,11.07,8.55
8070,長華,-13.14,-22.36,-26.36,-27.97,-27.44,-20.47,9.43,23.53,29.14
8071,能率網通,13.23,-2.72,-0.64,-3.92,85.57,2.98,51.58,70.14,2.52
8072,陞泰,-16.01,-23.2,-18,-13.47,-9.51,-18.91,-21.84,-25.66,-28.75
8074,鉅橡,-1.23,8.18,6,5.95,4.62,-5.19,-4.93,-1.31,1.78
8076,伍豐,2.29,22.51,22.93,15.12,10.82,-13.23,-7.66,-1.21,-1.55
8077,洛,615.35,626.37,773.94,248.24,138.61,43.9,50.34,48.24,43.48
8079,誠遠科技(下櫃),,,,,,,,,
8080,奧斯特,-37.23,46.99,76.47,50.22,47.13,-54.63,-63.57,-55.97,-55.4
8081,致新,-11.88,-4.87,-0.59,2.7,5.83,6.35,5.5,8.66,7.12
8082,,,,,,,,,,
8083,瑞穎,,,,,,,,,
8084,巨虹,4.49,76.64,54.44,41.98,32.87,-17.69,-16.06,-8.87,-3.83
8085,福華,-16.72,-25.78,-19.25,-19.25,-21.05,-13.77,-10.51,-10.49,-4.94
8086,宏捷科,,,,,,,,,
8087,華鎂鑫,-3.69,-8.42,-8.04,-12.31,-13.84,2,5.82,12.87,11.69
8088,品安,,,,,,,,,
8091,翔名,97,39.71,19.59,13.05,-7.46,-12.22,-7.72,-16.06,-20.59
8092,建暐,-5.82,17.65,8.23,0.1,2.18,-34.67,-17.22,-11.82,-12.74
8093,保銳,-27.7,7.87,39.08,16.51,5.88,-29.89,-23.98,-15.85,-5.56
8096,擎亞,188.42,7.03,-9.86,-23.32,-26.35,13.52,16.75,10.03,1.48
8097,常珵,-26.66,12.68,21.96,28.08,44.3,-17.91,7.19,18.68,16.63
8099,大世科,1.73,1.97,0.7,-2.1,-1.47,16.26,6.84,7.77,3.84
8101,華冠,-24.05,-21.68,4.31,-2.34,2.77,-5.5,-9.79,-13.49,-22.64
8103,瀚荃,-9.97,-6.78,-4.29,0.18,1.83,3.29,5.26,6.1,4.79
8105,凌巨,-18.22,11.84,6.03,6.21,7.79,5.45,5.76,9.2,6.66
8107,大億金茂,27.86,27.02,11.1,6.64,3.32,-25.11,-3.05,5.36,7.44
8109,博大,5.49,20.3,16.07,10.81,6.22,1.7,10.07,14.44,16.13
8110,華東,-20.99,-2.71,1.88,6.1,10.55,18.95,14.6,13.15,7.81
8111,立,-17.36,-16.28,-14.44,-9.92,4.11,18.78,21.75,21.94,11.2
8112,至上,50.66,46.11,41.81,39.67,44.19,25.21,20.35,18.47,10.19
8114,振樺電,7.22,11.8,8.5,10.63,25.45,50.01,50.96,42.92,49.6
8121,越峰,-13.97,-9.7,-2.42,-2.61,-0.23,-1.74,-3.09,-1.18,-0.77
8131,福懋科,,,,,,,,,
8147,正淩,16.38,-7.74,3.89,11.75,6.13,-11.67,-24.65,-19.59,-11.94
8150,南茂,-14.4,-14.77,-12.98,-9.22,-2.39,2.54,1.68,-1.37,-2.43
8155,博智,-14.53,-16.02,-0.05,9.65,13.82,26.77,23.91,32.18,37.76
8163,達方,-8.88,-21.54,-12.83,-6.31,-4.98,-7.17,-5.23,-6.72,-5.45
8171,天宇,-31.63,-20.31,-31.84,-24.03,-24.39,-0.41,-22.15,-41.2,-48.5
8176,智捷,13.09,2.43,10.61,3.34,-7.4,-15.1,-10.93,-2.5,10.42
8182,加高,-2.32,3.75,1.35,4,5.39,4.09,5.75,2.77,-3.87
8183,精星,-16.87,11.79,24.33,37.86,38.03,14.38,7.88,-2.38,-5.62
8201,無敵,-38.99,-73.69,-53.14,-33.21,-32.81,283.54,123.67,78.63,84.29
8210,勤誠,-0.75,15.78,25.55,22.24,17.36,5.08,-2.05,1.14,5.83
8213,志超,-5.94,-10.31,-5.09,-3.88,-2.9,0.88,3.41,4.07,3.27
8215,明基材,-11.43,-17.12,-16.18,-14.39,-12.82,-3.27,-9.09,-10.6,-12.71
8222,寶一,,,,,,,,,
8234,新漢,2.28,-1.95,0.24,7.81,10.84,12.74,10.42,9.14,4.24
8240,華宏,-21.39,-12.93,-8.82,-5.95,-7.26,-2.85,-6.17,-6.43,-7.75
8249,菱光,-9.48,-32.33,-24.11,-17.95,-11.42,4.31,-2.93,-8.45,-8.16
8255,朋程,1.99,1.47,-0.76,-0.35,-0.74,-0.06,2.24,3.59,4.25
8261,富鼎,-24.53,-21.93,-12.18,1.72,10.27,13.26,19.98,19.37,24.15
8266,中日新(下櫃),,,,,,,,,
8271,宇瞻,-27.78,-30.67,-22.26,-15.35,-7.55,44.36,46.44,51.1,47.22
8277,商丞,-59.31,3.11,1.61,3.38,4.06,-19.06,6.1,8.77,2.47
8287,英格爾,27.08,3.7,-0.57,2.34,-1.79,-29.58,-47.09,-59.57,-66.59
8289,泰藝,-0.3,-4.84,-3.36,-5.26,-3.4,-13.91,-11.51,-6.63,-6.01
8291,尚茂,,,,,,,,,
8299,群聯,13.11,18.76,20.74,20.87,17.04,-3.54,-1.55,-4.52,-4.38
8341,日友,30.35,23.31,14.86,11.33,11.78,-5.45,4.64,7.69,4.82
8349,矬,41.79,-1.14,1.47,3.49,3.3,1.2,-0.73,1.87,3.28
8354,冠好,-17.91,-18.78,-17.03,-16.66,-12.1,0.18,0.23,2.44,-0.21
8358,金居,8.25,6.34,13.92,21.08,26.51,58.22,51.85,36.5,22.65
8374,羅昇,-13.33,-11.91,-14.99,-8.39,-3.71,4.38,4.54,4.15,4.13
8383,千附,3.99,24.24,11.51,9.78,4.52,7.56,7.12,2.34,-0.91
8390,金益鼎,-23.29,3.04,-5.67,-2.67,6.79,31.06,24.16,26.19,27.82
8401,白紗科,-3.75,0.42,1.69,2.28,2.06,3.36,3.28,4.38,2.61
8403,盛弘,8.43,13.83,10.7,10.37,9.16,12.13,12.22,13.48,12.3
8404,百和興業-KY,-5.36,-1.31,-3.46,-1.07,0.37,8.35,14.76,20.94,21.56
8406,金可-KY,5.46,12.32,11.64,9.5,7.22,2.07,-9.53,-9.19,-9.04
8409,商之器,40.35,1.91,-13.33,-13.03,-13.87,66.26,5.63,-7.93,-21.07
8410,森田,,,,,,,,,
8411,福貞-KY,12.65,-5.87,-11.14,-9.66,-3.4,1.6,14.23,16.34,14.22
8416,實威,13.27,16.95,11.13,12.22,3.98,-16.93,1.72,3.19,6.91
8418,捷必勝-KY,-12.15,-17.3,-19.77,-14.13,-10.42,-21.2,-17.65,-19.09,-22.15
8420,明揚,,,,,,,,,
8421,旭源,13.93,22.04,24.25,22.28,16.86,2.14,-1.35,-1.35,-1.27
8422,可寧衛,29.22,47.51,36.78,25.38,13.53,-19.05,-20.5,-19.25,-10.8
8423,保綠-KY,-8.36,-24.12,-19.23,-21.96,-19.36,7.49,12.03,23.55,22.49
8424,惠普,-1.21,0.79,2.09,2.43,3.15,8.43,4.1,5.81,4.41
8426,紅木-KY,-16.41,13.79,27.92,23.55,17.74,-40.12,-40.94,-26.44,-14.05
8427,基勝-KY,-8.5,-24.53,-22.23,-21.47,-18.09,4.39,6.07,7.87,1.06
8429,金麗-KY,1.46,-0.63,0.76,-9.27,-13.81,-18.81,-15.32,-16,-19.6
8431,匯鑽科,-11.87,-36.24,-33.79,-18.4,-11.62,13.95,11.53,3.43,4.28
8432,東生華,,,,,,,,,
8433,弘帆,23.22,17.23,11.89,15.91,14.3,-3.74,5.4,5.77,-1.5
8435,鉅邁,-0.23,-0.55,1.94,-0.92,3.33,11.18,16.51,20.75,13.61
8436,大江,41.88,53.68,51.53,49,50.62,30.49,28.99,30.6,30.95
8443,阿瘦,-15.69,-12.6,-10.66,-10.49,-13.86,-16.5,-20.36,-20.8,-15.99
8446,華研,9.53,23.57,22.19,39.75,55.31,2.73,11.28,2.88,-4.95
8450,霹靂,-1.64,12.17,7.4,9.04,8.77,-13.78,-11.18,-11.19,-9.15
8454,富邦媒,7.29,11.93,9.93,8.91,9.52,8.21,11.53,13.87,18.37
8905,裕國,-56.29,-24.43,-14.44,32.24,51.91,50.91,48.84,1.8,-7.57
8906,花王,12.56,11.57,6.57,3.66,-6.02,-24.25,-19.1,-12.74,-5.31
8908,欣雄,,,,,,,,,
8913,全銓,10.81,14.73,9.34,7.24,2.59,-40.74,-55.58,-60.81,-64.13
8916,光隆,-0.97,7.79,-1.25,-4.17,-3.61,-8.11,-5.18,-6.28,-1
8917,欣泰,-21.94,-13.66,-9.86,-8.91,-7.01,-1.25,7.86,9.68,11.23
8921,沈氏,,,,,,,,,
8923,時報,11.54,15.66,11.17,12.6,10.49,-7.46,-3.68,-10.11,-2.36
8924,大田,1.45,-18.05,-5.04,-52.77,-56.66,-30.95,-19.62,80.89,91.02
8925,,,,,,,,,,
8926,台汽電,-4.65,-0.84,-4.49,-22.46,-23.85,-31.88,-18.55,-7.23,2.67
8927,北基,-13.13,6.04,6.19,5.49,6.95,28.8,17.07,16.79,17.99
8928,鉅明,-6.39,-8.49,-1.19,-4.75,-2.72,-10.43,-1.25,7.14,-1.56
8929,富堡,5.4,-13.37,-16.4,-12.69,-8.4,9.63,32.42,34.18,27.96
8930,青鋼,-33.59,-33.28,-17.26,-12.72,11.24,36.95,7.53,7.23,2.36
8931,大汽電,-3.35,-3.95,-3.95,-2.44,-2.42,3.71,16.45,25.62,23.83
8932,宏大,-1.92,16.27,1.83,1.31,4.52,-21.2,-17.3,-17.7,-12.16
8933,愛地雅,42.85,-20.8,-22.24,-25.89,-25.26,-26.83,-13.98,-11.92,-5.71
8934,衡平,0.02,-12.8,-15.23,-14.94,-13.71,-29.39,-17.74,-15.59,-18.63
8935,邦泰,-2.82,0.71,-2.1,-18.61,-18.78,-14.51,-9.11,0.14,1.97
8936,國統,6.79,-26.13,-33.59,-33.39,-32.35,-19.81,-10.96,-4.32,11.91
8937,合騏,-11.41,56.69,25.78,-5.95,-9.4,-52.96,-33.86,-19.91,-19.34
8938,明安,-7.83,-4.83,3.09,0.74,1.89,11.47,17.25,16.06,13.84
8940,新天地,4.98,-4,-11.81,-11.34,-9.24,-8.65,-4.05,-5.76,-4.03
8941,關中,3.72,-1.37,-3.19,-0.18,-3,-6.38,1,0.88,1.4
8942,森鉅,31.99,-7,-8.34,-7.53,-9.79,-7.09,-8.4,-1.27,2.52
8996,高力,-6.71,13.3,29.13,26.86,24.3,-24.76,-34.68,-35.73,-34.28
910069,新曄(下市),,,,,,,,,
9103,美德醫療-DR,,,,,,,,,
910322,康師傅-DR,,,,,,,,,
910482,聖馬丁-DR,,,,,,,,,
9105,泰金寶-DR,-6.75,,,,,,,,
9106,新焦點(下市),,,,,,,,,
910708,琱j健-DR,,,,,,,,,
910801,金衛-DR(下市),-0.64,,,,,,,,
910861,神州-DR,,,,,,,,,
9110,越南控-DR,,,,,,,,,
911608,明輝-DR,-36.49,,,,,,,,
911609,揚子江(下市),,,,,,,,,
911611,中泰山(下市),,,,,,,,,
911612,滬安電力(下市),,,,,,,,,
911613,特藝-DR,4.29,,,,,,,,
911616,杜康-DR,-38.49,,,,,,,,
911619,耀傑-DR,7.02,,,,,,,,
911622,泰聚亨-DR,-19.13,,,,,,,,
911626,MSH-DR(下市),,,,,,,,,
911868,同方友友-DR,,,,,,,,,
912000,晨訊科-DR,,,,,,,,,
912398,友佳-DR,,,,,,,,,
9136,巨騰-DR,-3.09,,,,,,,,
913889,大成糖(下市),,,,,,,,,
9157,陽光能源-DR,,,,,,,,,
9188,精熙-DR,,,,,,,,,
9802,鈺齊-KY,6.12,-1.76,-0.14,-2.91,0.37,-4.64,4.96,12.12,14.41
9902,台火,-31.94,-38.17,-39.68,-47.89,-20.61,-77.81,-26.4,-2.58,-18.39
9904,寶成,10.29,8.34,6.01,3.28,2.16,-2.78,-2.79,0.52,1.36
9905,大華,-1.08,-14.52,-16.83,-15.12,-10.92,8.03,3.12,3.38,0.77
9906,欣巴巴,3375.38,-77.96,-28.3,7.99,12.09,102.81,-8.51,-7.36,14.71
9907,統一實,-0.71,-20.33,-14,-13.32,-9.48,-7.83,-6.94,-1.29,-0.25
9908,大台北,-25.11,-16.25,-16.53,-15.39,-14.69,-5.4,-0.09,1.78,5.06
9910,豐泰,17.1,14.51,12.97,6.45,4.16,-4.15,-6.47,-1.61,0.88
9911,櫻花,6.12,17.51,17.23,15.54,8.78,-5.86,-5.9,-3.38,0.77
9912,偉聯,-0.48,13.84,20.41,15.31,11.28,-14.04,-10.54,-5.97,-1.81
9914,美利達,3.22,-11.95,-16.29,-19.94,-18.48,-12.16,-9.36,-4.38,-2.21
9917,中保,1.66,-2.46,0.15,1.42,1.44,0.6,-3.11,-3.43,-3.16
9918,欣天然,-24.12,-24.24,-21.19,-19.7,-16.74,-4.37,7.59,10.57,10.13
9919,康那香,2.62,1.64,-6.73,-5.18,-8.37,-10.55,-6.95,-7.85,-9.18
9921,巨大,0.62,-1.6,-3.71,-6.49,-5.29,-5.89,-7.36,-5.31,-3.51
9924,福興,12.89,2.89,7.65,5.3,5.16,-4.97,-6.75,-5.09,-4.67
9925,新保,2.56,4.9,3.5,2.52,2.4,,-0.42,-1.37,-1.58
9926,新海,-19.29,-13.08,-13.72,-13.04,-11.7,-4.45,5.37,7.76,9.85
9927,泰銘,0.53,-25.33,-20.41,-16.57,-11.2,37.3,23.97,21.77,16.53
9928,中視,-5.19,21.16,-0.41,-10.84,-17.84,-8.89,-7.03,-3.98,-6.04
9929,秋雨,-37.5,-9.04,-12.22,-13.75,-11.25,0.64,2.58,7.23,6.12
9930,中聯資源,9.8,-10.79,-8.7,-10.36,-11.21,-3.92,-7.05,0.97,6.06
9931,欣高,-19.96,-17.05,-19.38,-16.35,-13.33,-8.56,0.66,5.38,12.57
9933,中鼎,16.23,1.91,6.45,9.14,5.15,11.33,2.17,-2.34,1.56
9934,成霖,-0.19,5.06,6.39,0.63,-3.24,-8.19,-10.86,-7.8,-7.22
9935,慶豐富,14.93,0.14,2.08,7.23,7.15,8.2,12.5,17.68,17.22
9937,全國,,,,,,,,,
9938,百和,3.59,16.32,14.29,14.55,12.56,12.14,9.25,11.59,10.52
9939,宏全,-3.76,-6.67,-5.92,-2.28,-0.41,10.37,4.48,6.05,6.11
9940,信義,-15.46,-13.87,-8.09,0.05,0.87,11.97,154.7,156.85,134.64
9941,裕融,7.66,3.03,4.84,4.51,4.39,8.09,9.84,9.52,10.86
9942,茂順,-3.87,-0.1,3.39,4.83,6.24,3.27,3.97,6.29,7.46
9943,好樂迪,-4.73,-12.88,-8.02,-6.44,-4.75,0.63,-1.2,-1.65,-0.81
9944,新麗,-6.86,-1.9,-6.54,-9.83,-8.45,-10.34,-9.56,-6.97,-7.86
9945,潤泰新,5.59,40.31,45.5,6.34,1.07,-19.7,-21.15,-14.31,-16.81
9946,三發地產,681.61,425.48,270.23,-31.48,-46.16,-40.33,-65.06,-64,-38.78
9949,琉園,-22.62,-14.97,-20.07,-15.09,-14.35,-19.31,-15.16,-15.29,-12.17
9950,萬國通,-3.45,4.82,0.83,-9.17,-11.2,-16.06,-13.37,-8.06,-7.99
9951,皇田,19.83,28.39,20.2,20.47,21.78,21.71,23.75,21.15,20.46
9955,佳龍,-19.61,-22.23,-3.77,9.36,4.45,5.77,-16.09,-16.33,-10.44
9958,世紀鋼,4.73,-14.14,-8.28,-18.34,-24.57,-15.24,-12.76,-9.65,-10.15
9960,邁達康,-14.42,-27.65,-23.56,-18.4,-14.53,7.82,2.9,-1.56,-0.77
9962,有益,-29.74,,,,,,,,
